date,btc_close,btc_open,cbbi_confidence,pi_cycle,rupl,rhodl_ratio,puell_multiple,two_year_ma_mult,trolololo,mvrv_zscore,reserve_risk,woobull,fill_flag,phase
2012-01-01,6,6.0,25.36,0.0,38.16,50.99,19.74,24.09,,15.96,14.75,26.63,True,in_sample
2012-01-02,7,7.0,28.68,0.0,46.44,51.02,23.86,27.01,29.491640778641305,20.33,19.24,29.5,True,in_sample
2012-01-03,5,5.0,21.31,0.0,39.7,35.2,19.9,21.27,17.894071068077576,16.58,13.18,23.95,True,in_sample
2012-01-04,5,5.0,20.52,0.0,41.57,33.4,16.96,20.43,17.722734794124946,17.58,11.07,23.16,True,in_sample
2012-01-05,5,5.0,20.45,0.0,41.9,29.01,20.32,21.34,17.551451309688204,17.79,9.42,23.83,True,in_sample
2012-01-06,6,6.0,19.1,0.0,46.67,12.08,16.66,22.64,23.578262821858196,20.79,9.19,24.75,True,in_sample
2012-01-07,7,7.0,23.54,15.88,60.1,0.0,30.92,28.4,28.650506780740155,30.91,15.47,30.2,True,in_sample
2012-01-08,10,10.0,33.38,39.59,73.02,1.3,44.97,36.86,40.614104338105584,43.59,22.88,38.25,True,in_sample
2012-01-09,11,11.0,36.59,60.7,70.61,8.82,48.21,35.64,43.6919808820983,42.84,25.22,37.27,True,in_sample
2012-01-10,13,13.0,40.7,71.78,75.33,11.95,51.2,39.11,49.2131722375261,48.81,27.04,41.12,True,in_sample
2012-01-11,11,11.0,35.88,73.81,69.38,6.55,41.94,32.78,43.36425780252269,42.46,20.18,35.79,True,in_sample
2012-01-12,13,13.0,35.16,67.61,72.99,7.4,24.9,35.55,48.888563126900955,46.4,22.41,39.21,True,in_sample
2012-01-13,7,7.0,34.89,0.0,59.03,58.06,28.82,28.96,27.642807555316395,27.93,28.06,31.19,True,in_sample
2012-01-14,7,7.0,34.55,0.0,56.21,57.47,28.38,30.15,27.475033817010825,26.11,27.41,32.33,True,in_sample
2012-01-15,8,8.0,35.23,0.0,58.73,57.81,27.65,31.2,31.857591598137635,27.79,25.79,33.32,True,in_sample
2012-01-16,7,7.0,35.61,0.0,60.9,57.63,30.09,29.91,27.139637245755544,29.28,27.13,32.12,True,in_sample
2012-01-17,6,6.0,32.99,0.0,58.17,56.78,28.65,25.14,21.716324637635612,27.46,28.31,27.6,True,in_sample
2012-01-18,6,6.0,30.7,0.0,47.07,56.41,26.1,26.49,21.54736589047065,20.64,26.69,28.88,True,in_sample
2012-01-19,7,7.0,31.07,0.0,50.54,56.31,23.98,28.25,26.636919536825587,22.67,20.91,30.54,True,in_sample
2012-01-20,7,7.0,32.55,0.0,54.56,57.27,24.59,28.98,26.46944750821025,25.16,22.46,31.25,True,in_sample
2012-01-21,7,7.0,32.8,0.0,56.22,56.12,27.34,27.63,26.302025736472086,26.24,24.5,29.99,True,in_sample
2012-01-22,7,7.0,32.26,0.0,53.17,55.49,26.32,28.13,26.134654213223797,24.32,25.31,30.47,True,in_sample
2012-01-23,7,7.0,32.49,0.0,54.34,55.15,27.58,28.4,25.96733292994145,25.06,23.63,30.75,True,in_sample
2012-01-24,7,7.0,32.3,0.0,54.97,55.07,26.08,27.96,25.80006187796633,25.48,24.15,30.35,True,in_sample
2012-01-25,6,6.0,31.31,0.0,53.98,55.04,26.05,25.93,20.36609191819035,24.86,24.41,28.44,True,in_sample
2012-01-26,6,6.0,28.92,0.0,49.18,54.71,22.35,23.84,20.19754368918504,21.93,23.81,26.47,True,in_sample
2012-01-27,6,6.0,27.06,0.0,43.98,53.28,20.83,23.52,20.029046726366904,18.94,21.32,26.17,True,in_sample
2012-01-28,6,6.0,27.06,0.0,43.25,52.22,20.33,25.21,19.860601018509147,18.53,18.76,27.76,True,in_sample
2012-01-29,6,6.0,27.58,0.0,47.75,52.2,22.14,23.92,19.692206554257943,21.09,18.31,26.56,True,in_sample
2012-01-30,6,6.0,27.6,0.0,44.49,51.76,24.34,24.45,19.523863322132907,19.22,20.27,27.07,True,in_sample
2012-01-31,6,6.0,27.67,0.0,45.95,51.26,24.4,24.6,19.35557131052774,20.05,18.67,27.22,True,in_sample
2012-02-01,6,6.0,27.58,0.0,46.34,53.01,22.07,23.63,19.187330507711074,20.06,17.46,26.19,True,in_sample
2012-02-02,7,7.0,29.96,0.0,52.35,51.34,24.04,27.09,24.296881324182287,23.88,19.36,29.59,True,in_sample
2012-02-03,5,5.0,20.96,0.0,40.43,36.22,17.87,20.14,12.607141074446204,16.97,13.21,22.88,True,in_sample
2012-02-04,5,5.0,20.08,0.0,40.11,32.55,14.43,21.45,12.437435670854297,16.76,11.19,24.13,True,in_sample
2012-02-05,6,6.0,20.5,0.0,42.56,28.9,18.89,21.68,18.51487914535957,18.18,9.61,24.16,True,in_sample
2012-02-06,6,6.0,19.55,0.0,47.72,11.75,18.91,22.52,18.346894206182327,21.48,9.4,24.65,True,in_sample
2012-02-07,7,7.0,23.7,16.55,59.63,0.0,31.59,28.85,23.46353627246668,30.55,15.5,30.62,True,in_sample
2012-02-08,11,11.0,34.76,40.52,73.94,1.63,45.85,39.4,38.79591886131807,44.58,23.6,40.65,True,in_sample
2012-02-09,11,11.0,36.3,61.09,70.23,7.43,48.33,36.15,38.63344648078792,42.43,23.22,37.8,True,in_sample
2012-02-10,13,13.0,40.79,71.97,75.25,11.82,50.04,39.92,44.20238110409451,48.73,26.91,41.92,True,in_sample
2012-02-11,11,11.0,35.34,73.7,67.13,6.44,41.56,32.51,38.308642814893076,40.18,20.95,35.57,True,in_sample
2012-02-12,13,13.0,34.89,67.26,72.96,6.83,23.39,35.28,43.880619936400535,46.74,22.56,39.0,True,in_sample
2012-02-13,6,6.0,26.08,0.0,46.0,46.86,21.12,23.49,17.17243072134145,20.13,18.84,26.11,True,in_sample
2012-02-14,5,5.0,23.59,0.0,44.4,48.09,18.13,18.86,10.743260887740432,19.19,18.23,21.63,True,in_sample
2012-02-15,5,5.0,20.53,0.0,31.55,50.26,14.18,17.92,10.574130999909144,12.38,17.16,20.74,True,in_sample
2012-02-16,5,5.0,18.82,0.0,28.88,49.17,12.03,17.49,10.405053338922839,11.09,11.56,20.34,True,in_sample
2012-02-17,5,5.0,18.75,0.0,27.74,49.17,12.74,18.32,10.236027888838803,10.55,10.37,21.12,True,in_sample
2012-02-18,5,5.0,19.21,0.0,30.53,48.56,14.92,17.58,10.067054633605581,11.89,9.8,20.43,True,in_sample
2012-02-19,5,5.0,19.26,0.0,28.43,48.12,16.48,18.31,9.898133557063762,10.88,10.73,21.12,True,in_sample
2012-02-20,5,5.0,19.43,0.0,30.86,47.99,15.6,18.16,9.729264642945882,12.06,9.79,20.99,True,in_sample
2012-02-21,5,5.0,18.95,0.0,30.46,47.15,12.96,17.86,9.560447874877518,11.85,10.6,20.72,True,in_sample
2012-02-22,5,5.0,18.82,0.0,29.59,46.34,13.06,18.48,9.39168323637883,11.43,10.37,21.31,True,in_sample
2012-02-23,6,6.0,20.63,0.0,31.67,45.89,16.04,21.93,15.498963386298742,12.44,9.95,24.56,True,in_sample
2012-02-24,6,6.0,22.76,0.0,41.76,44.47,18.84,21.85,15.331896869986073,17.7,10.64,24.48,True,in_sample
2012-02-25,5,5.0,22.08,0.0,41.51,38.81,19.9,20.49,8.885701931910313,17.56,14.7,23.21,True,in_sample
2012-02-26,5,5.0,20.98,0.0,37.62,34.88,18.67,21.32,8.717145644777393,15.46,14.54,24.0,True,in_sample
2012-02-27,5,5.0,21.28,0.0,40.03,34.89,18.81,21.45,8.54864140323709,16.75,12.85,24.14,True,in_sample
2012-02-28,5,5.0,21.24,0.0,40.4,35.01,18.64,20.93,8.380189190182925,16.95,13.77,23.66,True,in_sample
2012-02-29,5,5.0,21.15,0.0,38.92,34.89,20.19,21.01,8.211788988407427,16.14,13.87,23.7,True,in_sample
2012-03-01,5,5.0,27.26,0.0,45.25,53.53,22.81,21.89,8.043440780600088,19.49,20.99,24.54,True,in_sample
2012-03-02,6,6.0,30.2,0.0,52.54,51.17,25.17,26.43,14.163855388191038,24.02,22.18,28.98,True,in_sample
2012-03-03,5,5.0,19.68,0.0,37.24,36.49,12.92,19.65,7.7069002771484385,15.25,13.46,22.41,True,in_sample
2012-03-04,5,5.0,20.26,0.0,42.92,32.84,12.16,21.3,7.538707946381548,18.36,10.5,23.97,True,in_sample
2012-03-05,6,6.0,20.36,0.0,43.49,26.32,17.95,22.02,13.664028283663807,18.76,9.85,24.48,True,in_sample
2012-03-06,6,6.0,19.29,0.0,47.4,8.77,20.13,22.36,13.497520749942673,21.28,9.86,24.5,True,in_sample
2012-03-07,7,7.0,23.84,17.17,60.5,0.0,33.26,27.65,18.65478157624771,31.27,15.17,29.5,True,in_sample
2012-03-08,11,11.0,36.59,41.53,77.35,2.8,49.56,40.23,34.10329329844638,48.41,24.35,41.46,True,in_sample
2012-03-09,11,11.0,36.69,61.5,71.14,6.34,49.8,36.79,33.942182301616114,43.37,22.84,38.45,True,in_sample
2012-03-10,13,13.0,41.03,72.14,76.39,12.19,48.62,40.15,39.554801389024036,50.06,26.81,42.12,True,in_sample
2012-03-11,11,11.0,35.1,73.59,66.8,6.65,41.16,32.76,33.62010079048618,39.83,19.29,35.85,True,in_sample
2012-03-12,13,13.0,34.86,66.93,72.61,6.45,25.02,35.56,39.235698992109185,45.38,22.49,39.28,True,in_sample
2012-03-13,6,6.0,21.19,0.0,40.45,31.13,18.41,23.12,12.333387407184599,16.97,12.57,25.74,True,in_sample
2012-03-14,6,6.0,22.6,0.0,45.69,31.65,19.51,23.6,12.167285221127496,19.97,12.62,26.2,True,in_sample
2012-03-15,6,6.0,22.86,0.0,46.86,32.81,17.23,23.35,12.001233630301634,20.67,14.89,25.97,True,in_sample
2012-03-16,6,6.0,22.72,0.0,46.16,32.85,16.84,23.33,11.835232618105339,20.26,15.4,25.94,True,in_sample
2012-03-17,6,6.0,22.71,0.0,46.06,33.36,18.59,22.81,11.669282167839194,20.21,15.03,25.46,True,in_sample
2012-03-18,6,6.0,22.81,0.0,44.7,33.55,21.1,22.97,11.503382262707245,19.41,14.95,25.6,True,in_sample
2012-03-19,5,5.0,21.84,0.0,45.2,33.94,19.13,19.83,5.022043682845907,19.7,14.25,22.65,True,in_sample
2012-03-20,5,5.0,20.19,0.0,36.57,33.88,17.73,20.67,4.854679940696928,14.82,14.38,23.44,True,in_sample
2012-03-21,5,5.0,20.04,0.0,39.08,33.85,16.7,20.59,4.687367825871,16.19,10.56,23.36,True,in_sample
2012-03-22,5,5.0,20.05,0.0,39.03,33.0,17.72,20.1,4.520107319055615,16.16,11.5,22.91,True,in_sample
2012-03-23,5,5.0,19.44,0.0,37.72,33.35,15.1,19.89,4.35289840084922,15.43,11.35,22.7,True,in_sample
2012-03-24,5,5.0,19.29,0.0,37.09,33.08,16.19,19.66,4.185741051761785,15.09,10.71,22.49,True,in_sample
2012-03-25,5,5.0,18.91,0.0,36.53,32.81,15.72,19.09,4.018635252214679,14.78,10.39,21.96,True,in_sample
2012-03-26,5,5.0,18.83,0.0,34.91,32.52,17.3,19.55,3.851580982541573,13.9,10.06,22.4,True,in_sample
2012-03-27,5,5.0,19.05,0.0,36.34,32.19,16.0,20.55,3.6845782229893516,14.67,9.31,23.34,True,in_sample
2012-03-28,5,5.0,19.64,0.0,39.25,32.13,16.01,20.43,3.517626953716782,16.27,9.81,23.23,True,in_sample
2012-03-29,5,5.0,19.65,0.0,38.92,31.89,15.64,20.45,3.3507271547982014,16.09,10.94,23.25,True,in_sample
2012-03-30,5,5.0,19.73,0.0,39.02,32.05,15.57,20.81,3.1838788062207706,16.14,10.74,23.5,True,in_sample
2012-03-31,5,5.0,20.51,0.0,41.16,33.32,16.94,20.96,3.0170818878872874,17.35,10.7,23.65,True,in_sample
2012-04-01,6,6.0,27.75,0.0,40.44,53.91,23.01,25.45,9.186081198715756,17.05,20.36,27.93,True,in_sample
2012-04-02,6,6.0,29.86,0.0,50.98,51.26,25.85,26.17,9.020937390980887,23.06,22.22,28.74,True,in_sample
2012-04-03,5,5.0,19.27,0.0,35.89,35.66,11.78,20.79,2.516999512107836,14.54,12.03,23.49,True,in_sample
2012-04-04,5,5.0,20.35,0.0,42.75,33.22,12.03,21.09,2.3504081120882656,18.26,11.66,23.76,True,in_sample
2012-04-05,6,6.0,20.42,0.0,44.38,25.72,17.61,21.84,8.525807476382349,19.3,10.21,24.31,True,in_sample
2012-04-06,6,6.0,19.06,0.0,46.99,7.01,20.5,22.59,8.360864612901269,21.02,9.67,24.69,True,in_sample
2012-04-07,7,7.0,23.58,17.81,58.03,0.0,33.75,27.9,13.560618482288215,29.34,15.65,29.73,True,in_sample
2012-04-08,11,11.0,37.63,42.51,78.35,3.33,52.31,40.16,29.1305852859,49.64,27.38,41.41,True,in_sample
2012-04-09,11,11.0,36.9,61.93,72.21,5.91,49.6,36.37,28.970921421110702,44.48,23.47,38.09,True,in_sample
2012-04-10,13,13.0,41.15,72.26,76.67,12.09,48.9,39.88,34.629246387194954,50.42,27.78,41.87,True,in_sample
2012-04-11,11,11.0,35.32,73.4,67.33,6.03,42.6,33.07,28.65173319501928,40.36,18.97,36.16,True,in_sample
2012-04-12,14,14.0,34.76,66.56,73.07,6.78,21.62,36.98,36.89516088985458,45.24,22.16,40.47,True,in_sample
2012-04-13,5,5.0,20.16,0.0,41.77,34.37,11.9,21.15,0.853392805404741,17.7,10.64,23.76,True,in_sample
2012-04-14,5,5.0,20.18,0.0,42.23,33.8,11.81,21.26,0.6873137537204318,17.97,10.48,23.88,True,in_sample
2012-04-15,5,5.0,20.08,0.0,42.52,33.95,10.24,21.29,0.5212858209302659,18.14,10.63,23.89,True,in_sample
2012-04-16,5,5.0,20.37,0.0,42.56,34.32,12.16,21.22,0.3553089856412346,18.16,10.71,23.83,True,in_sample
2012-04-17,5,5.0,20.32,0.0,42.36,34.37,11.87,21.32,0.18938322638238408,18.05,10.68,23.92,True,in_sample
2012-04-18,6,6.0,20.83,0.0,42.6,34.5,14.03,22.13,6.385459640923588,18.19,10.55,24.68,True,in_sample
2012-04-19,6,6.0,21.34,0.0,44.72,34.29,14.78,22.15,6.221167761099919,19.47,10.6,24.71,True,in_sample
2012-04-20,6,6.0,21.97,0.0,44.76,34.13,16.76,23.33,6.056925821360058,19.49,11.51,25.82,True,in_sample
2012-04-21,6,6.0,22.8,0.0,47.7,34.96,18.65,22.91,5.8927338019307305,21.32,11.48,25.42,True,in_sample
2012-04-22,6,6.0,22.5,0.0,46.62,34.81,17.63,22.46,5.7285916829608095,20.64,12.83,25.0,True,in_sample
2012-04-23,6,6.0,21.85,0.0,45.42,34.7,15.86,22.02,5.564499444519146,19.91,12.27,24.59,True,in_sample
2012-04-24,6,6.0,21.2,0.0,44.35,33.55,14.41,21.9,5.400457066598259,19.26,11.67,24.48,True,in_sample
2012-04-25,6,6.0,20.92,0.0,44.03,33.01,13.35,22.21,5.2364645291117204,19.06,11.09,24.62,True,in_sample
2012-04-26,6,6.0,21.3,0.0,44.5,34.71,14.64,21.94,5.072521811897496,19.37,10.88,24.37,True,in_sample
2012-04-27,6,6.0,21.13,0.0,43.89,34.25,14.42,21.92,4.908628894716025,18.99,11.2,24.37,True,in_sample
2012-04-28,5,5.0,20.95,0.0,43.86,33.12,15.8,21.26,0.0,18.97,10.82,23.75,True,in_sample
2012-04-29,5,5.0,20.23,0.0,42.09,29.94,16.8,20.89,0.0,17.91,10.76,23.42,True,in_sample
2012-04-30,5,5.0,20.18,0.0,41.12,29.14,19.22,21.1,0.0,17.32,9.91,23.6,True,in_sample
2012-05-01,7,7.0,31.75,0.0,49.68,54.72,25.35,30.84,9.6492741459592,21.9,18.19,33.02,True,in_sample
2012-05-02,6,6.0,29.01,0.0,50.37,51.37,24.03,25.17,4.0899105956126265,22.69,21.36,27.81,True,in_sample
2012-05-03,5,5.0,20.23,0.0,39.23,35.57,13.04,21.58,0.0,16.31,11.38,24.24,True,in_sample
2012-05-04,5,5.0,20.26,0.0,42.18,33.75,11.96,21.11,0.0,17.93,11.42,23.78,True,in_sample
2012-05-05,6,6.0,20.63,0.0,43.91,27.02,18.65,21.68,3.5992759047898013,19.02,10.56,24.17,True,in_sample
2012-05-06,6,6.0,19.38,0.0,47.57,7.54,20.24,23.41,3.4358302647142915,21.4,9.43,25.47,True,in_sample
2012-05-07,7,7.0,23.63,18.46,58.54,0.0,33.19,28.4,8.675841140626744,29.76,14.16,30.21,True,in_sample
2012-05-08,11,11.0,37.56,43.48,78.18,3.72,50.82,39.8,24.360847115212863,49.52,28.37,41.1,True,in_sample
2012-05-09,12,12.0,37.41,62.37,71.58,5.9,51.2,37.97,27.254004198797887,43.85,24.23,39.64,True,in_sample
2012-05-10,13,13.0,40.87,72.39,76.27,11.91,48.07,39.57,29.904204047861686,49.98,28.06,41.62,True,in_sample
2012-05-11,11,11.0,35.57,73.2,67.9,6.18,43.81,32.87,23.886162248672075,40.94,19.26,36.0,True,in_sample
2012-05-12,14,14.0,34.96,66.16,75.0,7.44,20.64,36.8,32.19140676207118,45.82,22.49,40.31,True,in_sample
2012-05-13,5,5.0,19.16,0.0,41.93,26.74,13.17,21.06,0.0,17.81,9.13,23.46,True,in_sample
2012-05-14,6,6.0,18.96,0.0,41.98,24.64,13.06,21.41,2.130048733694203,17.84,8.96,23.75,True,in_sample
2012-05-15,6,6.0,19.18,0.0,42.96,24.29,13.45,21.52,1.9670486715287012,18.45,8.9,23.85,True,in_sample
2012-05-16,6,6.0,19.19,0.0,43.29,24.01,12.39,21.8,1.8040980108877773,18.65,9.27,24.11,True,in_sample
2012-05-17,6,6.0,19.14,0.0,44.1,23.74,10.88,21.81,1.6411967300927346,19.16,9.35,24.09,True,in_sample
2012-05-18,6,6.0,19.49,0.0,44.21,24.53,12.17,21.95,1.478344807398204,19.23,9.64,24.23,True,in_sample
2012-05-19,6,6.0,19.74,0.0,44.72,23.7,14.29,21.92,1.3155422209908112,19.55,9.59,24.19,True,in_sample
2012-05-20,6,6.0,19.8,0.0,44.64,22.61,16.02,21.82,1.152788948991328,19.5,9.71,24.08,True,in_sample
2012-05-21,6,6.0,19.58,0.0,44.64,22.35,14.66,21.81,0.9900849694538232,19.5,9.62,24.07,True,in_sample
2012-05-22,6,6.0,19.24,0.0,44.85,22.03,12.18,21.78,0.8274302603664049,19.62,9.45,24.02,True,in_sample
2012-05-23,6,6.0,19.25,0.0,44.81,22.23,11.76,21.98,0.6648247996526263,19.6,9.4,24.21,True,in_sample
2012-05-24,6,6.0,19.26,0.0,45.32,21.6,11.85,21.93,0.5022685651699385,19.93,9.31,24.15,True,in_sample
2012-05-25,6,6.0,19.3,0.0,45.38,20.72,12.56,22.02,0.33976153471169224,19.96,9.5,24.24,True,in_sample
2012-05-26,6,6.0,19.21,0.0,45.61,19.17,13.49,21.84,0.17730368600723734,20.11,9.39,24.07,True,in_sample
2012-05-27,6,6.0,19.25,0.0,45.35,17.09,15.93,21.99,0.014894996721878469,19.94,9.45,24.22,True,in_sample
2012-05-28,6,6.0,19.41,0.0,45.74,16.42,17.53,22.0,0.0,20.19,9.19,24.22,True,in_sample
2012-05-29,6,6.0,18.76,0.0,45.76,11.93,16.5,22.05,0.0,20.21,9.33,24.28,True,in_sample
2012-05-30,6,6.0,18.38,0.0,45.92,10.66,14.68,22.0,0.0,20.31,9.28,24.23,True,in_sample
2012-05-31,6,6.0,18.33,0.0,45.78,10.23,14.54,22.22,0.0,20.23,9.3,24.35,True,in_sample
2012-06-01,7,7.0,35.04,0.0,61.18,57.15,28.99,30.07,4.638691342644653,29.04,22.37,32.3,True,in_sample
2012-06-02,6,6.0,27.77,0.0,47.93,50.43,22.44,24.24,0.0,21.23,20.98,26.94,True,in_sample
2012-06-03,5,5.0,21.14,0.0,41.44,35.65,15.58,21.6,0.0,17.52,12.69,24.27,True,in_sample
2012-06-04,5,5.0,20.28,0.0,42.2,33.67,12.12,21.25,0.0,17.95,11.1,23.91,True,in_sample
2012-06-05,6,6.0,20.52,0.0,43.5,26.96,18.94,21.63,0.0,18.77,10.29,24.09,True,in_sample
2012-06-06,6,6.0,19.87,0.0,49.56,7.07,20.89,23.5,0.0,22.73,9.65,25.56,True,in_sample
2012-06-07,7,7.0,23.98,19.13,59.56,0.0,33.31,28.5,3.6742691053465344,30.59,14.41,30.31,True,in_sample
2012-06-08,11,11.0,37.49,44.41,77.6,4.71,49.31,39.88,19.475708093642353,48.95,28.27,41.2,True,in_sample
2012-06-09,12,12.0,38.09,62.8,74.01,5.14,52.58,38.22,22.39239789794274,46.46,23.73,39.92,True,in_sample
2012-06-10,13,13.0,40.68,72.56,75.89,11.17,49.14,38.96,25.06433066842299,49.53,27.73,41.1,True,in_sample
2012-06-11,11,11.0,35.58,72.97,67.63,6.71,43.15,33.13,19.00528714402497,40.68,19.63,36.29,True,in_sample
2012-06-12,14,14.0,35.33,65.89,74.67,8.69,20.54,37.06,27.37311190052212,46.36,24.18,40.59,True,in_sample
2012-06-13,6,6.0,18.87,2.45,52.55,1.24,24.36,25.62,0.0,24.88,11.18,27.57,True,in_sample
2012-06-14,6,6.0,19.64,3.18,54.36,1.14,26.36,25.84,0.0,26.19,11.91,27.79,True,in_sample
2012-06-15,7,7.0,20.59,4.0,54.85,0.73,28.1,28.22,2.3910633169481175,26.56,12.84,30.03,True,in_sample
2012-06-16,7,7.0,21.76,4.79,59.75,0.82,29.56,27.88,2.230878307371789,30.28,13.05,29.72,True,in_sample
2012-06-17,7,7.0,21.84,5.53,58.95,0.34,30.61,26.84,2.070741160958037,29.69,15.85,28.74,True,in_sample
2012-06-18,7,7.0,21.68,6.23,56.67,0.98,31.41,27.3,1.910651855562344,27.99,15.38,29.18,True,in_sample
2012-06-19,7,7.0,21.87,6.9,57.63,0.36,31.14,28.05,1.7506103689803525,28.74,14.08,29.88,True,in_sample
2012-06-20,7,7.0,22.42,7.68,59.18,0.0,30.96,28.83,1.5906166789513552,29.95,14.58,30.58,True,in_sample
2012-06-21,7,7.0,22.73,8.51,60.8,0.01,29.34,28.73,1.4306707631551654,31.23,15.42,30.5,True,in_sample
2012-06-22,7,7.0,22.74,9.32,60.53,0.0,29.13,28.28,1.2707725992159171,31.05,16.3,30.07,True,in_sample
2012-06-23,7,7.0,22.63,10.07,59.54,0.0,30.24,27.79,1.110922164700608,30.3,16.12,29.62,True,in_sample
2012-06-24,7,7.0,22.28,10.79,58.5,0.0,29.62,27.37,0.9511194371189281,29.51,15.52,29.19,True,in_sample
2012-06-25,7,7.0,22.18,11.49,57.61,0.0,30.49,27.22,0.7913643939252417,28.85,14.88,29.05,True,in_sample
2012-06-26,7,7.0,22.15,12.2,57.3,0.0,29.69,27.69,0.6316570125183064,28.62,14.32,29.49,True,in_sample
2012-06-27,7,7.0,22.85,12.94,58.25,0.0,32.37,28.42,0.4719972702399,29.37,14.09,30.18,True,in_sample
2012-06-28,7,7.0,23.19,13.69,59.72,0.0,31.81,28.3,0.31238514437908277,30.55,14.59,30.07,True,in_sample
2012-06-29,7,7.0,23.41,14.44,59.45,0.0,32.12,28.56,0.15282061216793943,30.36,15.41,30.33,True,in_sample
2012-06-30,7,7.0,23.39,15.18,59.97,0.0,30.34,28.63,0.0,30.79,15.22,30.4,True,in_sample
2012-07-01,7,7.0,36.23,0.0,59.34,58.28,32.79,30.48,0.0,27.89,28.74,32.69,True,in_sample
2012-07-02,6,6.0,27.19,0.0,45.67,49.87,20.7,25.07,0.0,19.91,19.71,27.73,True,in_sample
2012-07-03,5,5.0,21.26,0.0,41.49,35.09,16.9,21.39,0.0,17.55,13.57,24.08,True,in_sample
2012-07-04,5,5.0,19.83,0.0,42.57,33.13,11.09,19.94,0.0,18.16,11.06,22.68,True,in_sample
2012-07-05,6,6.0,20.72,0.0,43.53,28.06,19.43,21.73,0.0,18.79,10.05,24.19,True,in_sample
2012-07-06,6,6.0,20.14,0.0,49.75,6.81,20.7,24.18,0.0,22.87,10.59,26.19,True,in_sample
2012-07-07,7,7.0,24.44,19.82,59.76,0.0,34.84,29.03,0.0,30.76,14.96,30.78,True,in_sample
2012-07-08,11,11.0,37.68,45.31,77.67,4.95,49.76,39.97,14.789895277318127,49.08,27.84,41.32,True,in_sample
2012-07-09,12,12.0,38.56,63.23,74.39,5.2,54.06,37.94,17.728917162831628,46.91,25.64,39.7,True,in_sample
2012-07-10,12,12.0,39.98,72.69,75.09,11.03,47.79,37.49,17.57416200561403,48.61,27.36,39.75,True,in_sample
2012-07-11,11,11.0,35.63,72.77,68.16,6.19,43.2,33.28,14.323553431567937,41.21,19.4,36.45,True,in_sample
2012-07-12,14,14.0,35.52,65.66,75.07,8.95,22.0,36.99,22.750750112144,46.6,23.95,40.49,True,in_sample
2012-07-13,8,8.0,27.46,24.91,66.26,0.0,37.38,31.96,2.677120490518679,36.23,17.01,33.35,True,in_sample
2012-07-14,8,8.0,28.01,25.82,66.56,0.0,39.8,31.75,2.5193265606114688,36.55,18.54,33.04,True,in_sample
2012-07-15,8,8.0,28.1,26.71,66.55,0.0,39.32,31.9,2.3615791838211773,36.46,18.77,33.19,True,in_sample
2012-07-16,9,9.0,28.87,27.64,66.8,0.0,39.66,34.74,6.399316294202473,36.7,18.48,35.85,True,in_sample
2012-07-17,9,9.0,30.44,28.56,71.37,0.68,41.8,35.48,6.24259470405961,41.02,18.6,36.46,True,in_sample
2012-07-18,10,10.0,31.83,29.34,72.13,2.64,44.6,36.44,9.840534367606898,41.97,21.95,37.38,True,in_sample
2012-07-19,9,9.0,32.21,30.17,73.5,3.41,44.08,35.73,5.9292891985074165,43.43,22.81,36.73,True,in_sample
2012-07-20,9,9.0,31.83,30.88,72.29,4.28,42.44,34.6,5.772705240040031,42.31,23.95,35.7,True,in_sample
2012-07-21,9,9.0,31.44,31.48,70.5,3.65,41.36,35.58,5.616167115652998,40.6,23.09,36.66,True,in_sample
2012-07-22,9,9.0,31.51,32.1,72.06,3.26,42.37,34.38,5.459674803687033,42.16,21.72,35.57,True,in_sample
2012-07-23,9,9.0,31.26,32.67,70.14,3.29,41.99,34.39,5.303228282431469,40.34,22.89,35.61,True,in_sample
2012-07-24,9,9.0,31.28,33.37,70.21,2.8,43.04,34.47,5.1468275301243755,40.43,21.45,35.72,True,in_sample
2012-07-25,9,9.0,31.36,34.11,70.35,0.73,43.76,35.0,4.990472524952961,40.59,21.46,36.26,True,in_sample
2012-07-26,9,9.0,31.93,34.81,71.23,0.52,46.02,35.26,4.834163245053795,41.48,21.53,36.53,True,in_sample
2012-07-27,9,9.0,32.29,35.55,71.57,0.23,47.44,35.24,4.677899668513827,41.89,22.16,36.55,True,in_sample
2012-07-28,9,9.0,32.37,36.31,71.54,0.55,47.17,35.02,4.521681773368775,41.9,22.46,36.39,True,in_sample
2012-07-29,9,9.0,32.27,37.08,71.2,0.41,46.92,34.67,4.365509537605302,41.61,22.43,36.09,True,in_sample
2012-07-30,10,10.0,32.46,37.91,70.62,0.6,47.11,35.62,7.973963842682257,41.09,22.17,37.03,True,in_sample
2012-07-31,10,10.0,32.9,38.74,72.16,0.88,46.11,36.23,7.818709966698272,42.65,21.74,37.62,True,in_sample
2012-08-01,8,8.0,36.9,0.0,60.09,58.76,34.0,31.58,0.0,28.43,27.73,33.73,True,in_sample
2012-08-02,6,6.0,27.29,0.0,47.85,49.17,20.76,24.85,0.0,21.19,18.53,27.54,True,in_sample
2012-08-03,5,5.0,21.13,0.0,40.9,34.62,17.47,21.31,0.0,17.22,13.53,24.01,True,in_sample
2012-08-04,5,5.0,19.5,0.0,38.94,33.23,13.17,20.32,0.0,16.09,11.17,23.05,True,in_sample
2012-08-05,6,6.0,20.74,0.0,43.81,27.85,19.87,21.49,0.0,18.96,9.94,23.97,True,in_sample
2012-08-06,6,6.0,20.52,0.0,51.3,6.63,20.98,24.33,0.0,23.94,10.65,26.35,True,in_sample
2012-08-07,7,7.0,24.85,20.64,60.89,0.0,35.76,28.96,0.0,31.68,15.03,30.72,True,in_sample
2012-08-08,12,12.0,38.09,46.22,77.82,4.69,51.69,40.21,13.105584976528123,49.26,27.92,41.53,True,in_sample
2012-08-09,12,12.0,38.18,63.65,74.03,4.27,51.87,37.79,12.952159420248533,46.52,25.94,39.6,True,in_sample
2012-08-10,12,12.0,39.45,72.75,72.99,10.46,49.51,37.1,12.7987778807489,46.27,26.63,39.33,True,in_sample
2012-08-11,11,11.0,35.6,72.6,68.47,5.82,42.88,33.07,9.528313796351908,41.53,19.71,36.28,True,in_sample
2012-08-12,14,14.0,35.71,65.77,74.92,9.04,23.34,36.97,18.015696823226136,46.56,24.26,40.5,True,in_sample
2012-08-13,12,12.0,39.86,50.19,79.21,3.8,54.52,41.92,12.338897161374256,51.08,29.33,43.33,True,in_sample
2012-08-14,13,13.0,40.36,51.02,80.18,4.26,54.35,42.28,15.05504000811867,52.3,29.36,43.69,True,in_sample
2012-08-15,14,14.0,41.6,51.9,80.57,4.62,56.04,44.27,17.55967906997503,52.82,30.32,45.58,True,in_sample
2012-08-16,14,14.0,42.58,52.79,82.89,4.66,56.75,44.74,17.407759510886407,55.78,30.74,46.03,True,in_sample
2012-08-17,13,13.0,41.88,53.6,83.26,5.31,55.36,41.76,14.597553056080558,56.4,33.1,43.12,True,in_sample
2012-08-18,12,12.0,40.49,54.35,79.42,6.13,53.08,40.54,11.573307742674512,51.78,33.65,41.95,True,in_sample
2012-08-19,8,8.0,36.7,54.78,77.79,6.46,49.42,29.99,0.0,49.91,30.07,31.85,True,in_sample
2012-08-20,10,10.0,34.31,55.34,60.53,7.34,49.83,36.43,4.72307092145111,32.79,28.61,37.94,True,in_sample
2012-08-21,10,10.0,35.47,55.83,71.75,8.7,49.66,36.15,4.568759219303144,43.47,15.99,37.71,True,in_sample
2012-08-22,10,10.0,36.24,56.32,71.38,8.26,50.34,35.73,4.41449214152685,43.1,23.7,37.32,True,in_sample
2012-08-23,11,11.0,36.31,56.81,70.73,8.89,49.93,36.51,7.683578268718148,42.47,23.37,38.08,True,in_sample
2012-08-24,11,11.0,36.74,57.23,72.03,8.59,49.06,37.75,7.530137700507403,43.81,22.87,39.3,True,in_sample
2012-08-25,11,11.0,37.18,57.64,73.9,7.89,48.62,37.66,7.37674124656195,45.82,23.82,39.25,True,in_sample
2012-08-26,11,11.0,37.41,58.1,73.74,7.45,49.81,37.49,7.223388885292604,45.69,25.3,39.13,True,in_sample
2012-08-27,11,11.0,37.62,58.61,73.52,7.63,49.85,38.3,7.0700805950661,45.48,25.18,39.81,True,in_sample
2012-08-28,11,11.0,38.1,59.09,74.44,8.51,51.0,38.3,6.9168163542041095,46.64,24.98,39.81,True,in_sample
2012-08-29,11,11.0,38.16,59.57,74.41,8.51,50.63,38.07,6.763596140985019,46.66,25.96,39.63,True,in_sample
2012-08-30,11,11.0,38.03,59.98,74.11,7.95,51.02,37.65,6.610419933643358,46.34,25.98,39.28,True,in_sample
2012-08-31,11,11.0,37.33,60.35,73.55,7.7,49.47,35.96,6.457287710369855,45.74,25.71,37.53,True,in_sample
2012-09-01,7,7.0,35.91,0.0,62.19,58.22,32.93,28.39,0.0,29.9,28.12,30.72,True,in_sample
2012-09-02,6,6.0,27.67,0.0,47.34,48.62,21.24,25.83,0.0,20.9,19.46,28.48,True,in_sample
2012-09-03,5,5.0,21.04,0.0,40.7,33.44,19.16,20.97,0.0,17.11,13.21,23.7,True,in_sample
2012-09-04,5,5.0,19.66,0.0,40.04,33.25,13.63,20.72,0.0,16.71,9.54,23.4,True,in_sample
2012-09-05,6,6.0,20.61,0.0,43.2,27.43,19.98,21.58,0.0,18.59,10.01,24.06,True,in_sample
2012-09-06,6,6.0,20.36,0.0,51.62,3.0,22.63,24.01,0.0,24.17,11.41,26.06,True,in_sample
2012-09-07,8,8.0,25.29,21.46,60.72,0.0,36.87,29.86,0.0,31.56,15.6,31.55,True,in_sample
2012-09-08,12,12.0,38.5,47.01,78.02,4.94,53.76,40.21,8.369768512481299,49.59,28.04,41.57,True,in_sample
2012-09-09,12,12.0,38.01,64.06,73.84,3.89,50.98,37.76,8.217697898423545,46.33,25.6,39.6,True,in_sample
2012-09-10,12,12.0,39.01,72.82,72.39,10.64,48.0,37.25,8.065670654980114,45.65,24.88,39.51,True,in_sample
2012-09-11,11,11.0,35.54,72.41,68.17,5.33,43.91,32.81,4.775729922871561,41.24,19.89,36.08,True,in_sample
2012-09-12,14,14.0,35.46,65.69,74.94,9.01,22.38,36.59,13.322177411895577,46.17,24.17,40.16,True,in_sample
2012-09-13,12,12.0,38.44,65.59,73.92,7.03,48.57,38.22,7.609848932548954,46.76,25.8,40.02,True,in_sample
2012-09-14,12,12.0,38.83,66.02,74.09,6.76,49.98,38.96,7.457994955568349,46.95,25.84,40.76,True,in_sample
2012-09-15,12,12.0,38.98,66.42,75.19,6.04,49.51,38.86,7.306184240998574,48.19,25.93,40.69,True,in_sample
2012-09-16,12,12.0,39.44,66.84,75.03,5.84,51.94,39.17,7.154416767076316,48.03,26.81,41.02,True,in_sample
2012-09-17,12,12.0,39.62,67.24,75.48,5.94,52.34,39.14,7.002692511997431,48.56,26.67,40.97,True,in_sample
2012-09-18,13,13.0,40.15,67.67,75.43,6.1,54.13,39.84,9.7419302084028,48.54,27.02,41.6,True,in_sample
2012-09-19,13,13.0,40.51,68.09,76.4,6.34,53.22,40.29,9.59090208140498,49.68,26.97,42.05,True,in_sample
2012-09-20,13,13.0,40.65,68.48,76.96,7.06,52.51,39.92,9.43991675251938,50.38,27.8,41.68,True,in_sample
2012-09-21,13,13.0,40.8,68.85,76.28,9.32,52.6,39.76,9.288974200424942,49.71,28.33,41.54,True,in_sample
2012-09-22,13,13.0,40.77,69.19,76.04,10.02,53.32,39.42,9.138074403759594,49.47,27.86,41.24,True,in_sample
2012-09-23,13,13.0,40.61,69.53,75.57,9.89,53.44,39.24,8.987217341121518,48.95,27.66,41.11,True,in_sample
2012-09-24,13,13.0,40.33,69.84,75.36,9.67,52.18,39.05,8.836402991069123,48.7,27.24,40.92,True,in_sample
2012-09-25,13,13.0,40.17,70.14,75.1,9.86,50.85,39.12,8.685631332121146,48.43,27.0,41.01,True,in_sample
2012-09-26,13,13.0,40.14,70.44,75.23,9.91,49.69,39.35,8.534902342757462,48.58,26.76,41.25,True,in_sample
2012-09-27,13,13.0,40.34,70.73,75.56,10.17,50.27,39.27,8.384216001418174,48.97,26.84,41.21,True,in_sample
2012-09-28,13,13.0,40.59,71.03,75.44,10.77,51.58,39.32,8.233572286505678,48.87,27.11,41.21,True,in_sample
2012-09-29,13,13.0,40.83,71.32,75.47,10.86,53.33,39.3,8.082971176383511,48.95,27.01,41.22,True,in_sample
2012-09-30,13,13.0,40.88,71.59,75.44,11.35,53.15,39.19,7.932412649376013,48.94,27.08,41.16,True,in_sample
2012-10-01,7,7.0,34.62,0.0,55.27,58.21,29.93,29.35,0.0,25.4,29.35,31.61,True,in_sample
2012-10-02,6,6.0,28.25,0.0,49.83,47.8,21.72,26.27,0.0,22.39,19.13,28.89,True,in_sample
2012-10-03,5,5.0,20.75,0.0,39.76,32.72,19.57,20.8,0.0,16.59,13.05,23.55,True,in_sample
2012-10-04,5,5.0,20.18,0.0,41.11,33.94,15.12,20.66,0.0,17.32,9.94,23.35,True,in_sample
2012-10-05,5,5.0,20.13,0.0,43.44,27.65,17.06,20.98,0.0,18.74,9.67,23.48,True,in_sample
2012-10-06,6,6.0,20.23,0.0,50.85,2.16,24.46,23.53,0.0,23.65,11.55,25.61,True,in_sample
2012-10-07,8,8.0,25.77,22.29,62.43,0.0,36.5,30.39,0.0,33.0,15.47,31.89,True,in_sample
2012-10-08,12,12.0,38.78,47.75,78.01,4.16,53.68,40.94,3.826427679332357,49.61,28.31,42.29,True,in_sample
2012-10-09,12,12.0,38.13,64.45,73.8,6.03,49.82,37.84,3.675648644151556,46.31,25.41,39.52,True,in_sample
2012-10-10,13,13.0,39.27,72.9,72.75,9.7,49.81,37.81,6.429164655298177,46.01,24.41,40.06,True,in_sample
2012-10-11,11,11.0,35.26,72.24,67.82,4.85,42.88,32.87,0.2164621283993254,40.89,19.63,36.18,True,in_sample
2012-10-12,14,14.0,35.67,65.62,74.4,9.65,23.38,36.81,8.819056124572205,46.67,24.14,40.38,True,in_sample
2012-10-13,12,12.0,38.86,73.26,73.32,7.1,47.68,37.18,3.0729593445085452,46.6,25.06,39.58,True,in_sample
2012-10-14,12,12.0,38.48,73.37,72.95,7.13,46.42,36.48,2.9223936161350683,46.18,24.87,38.9,True,in_sample
2012-10-15,12,12.0,38.48,73.48,71.92,7.46,47.46,37.0,2.771870480765539,45.08,24.51,39.43,True,in_sample
2012-10-16,12,12.0,38.47,73.57,72.8,6.39,47.74,36.79,2.6213899155360165,46.02,23.68,39.26,True,in_sample
2012-10-17,12,12.0,38.69,73.66,72.53,6.8,48.95,36.88,2.4709518975491522,45.74,24.3,39.3,True,in_sample
2012-10-18,12,12.0,38.68,73.75,72.67,7.47,48.12,36.83,2.320556403875748,45.91,24.06,39.27,True,in_sample
2012-10-19,12,12.0,38.45,73.82,72.63,7.72,46.56,36.37,2.170203411553041,45.88,24.17,38.87,True,in_sample
2012-10-20,12,12.0,38.26,73.89,71.99,7.03,47.31,36.16,2.019892897586618,45.19,24.1,38.71,True,in_sample
2012-10-21,12,12.0,38.11,73.94,71.75,7.0,47.22,36.01,1.8696248389495875,44.92,23.56,38.57,True,in_sample
2012-10-22,12,12.0,38.24,74.03,71.47,7.28,48.58,36.13,1.7193992125833537,44.68,23.31,38.73,True,in_sample
2012-10-23,12,12.0,38.04,74.1,71.75,7.28,46.55,35.99,1.569215995397798,44.97,23.13,38.62,True,in_sample
2012-10-24,12,12.0,37.97,74.16,71.6,7.25,46.48,35.75,1.4190751642706823,44.79,23.28,38.43,True,in_sample
2012-10-25,11,11.0,37.13,74.17,71.27,6.71,44.58,33.56,0.0,44.46,23.11,36.34,True,in_sample
2012-10-26,11,11.0,36.1,74.15,67.71,7.37,45.4,31.88,0.0,40.81,22.82,34.75,True,in_sample
2012-10-27,11,11.0,35.33,74.14,64.89,7.43,45.01,32.68,0.0,38.02,20.2,35.55,True,in_sample
2012-10-28,11,11.0,35.7,74.12,66.52,7.11,46.33,33.27,0.0,39.57,18.21,36.15,True,in_sample
2012-10-29,11,11.0,35.96,74.05,67.65,6.88,46.27,33.01,0.0,40.69,19.17,35.94,True,in_sample
2012-10-30,11,11.0,35.79,73.99,67.28,6.11,44.55,33.52,0.0,40.32,19.87,36.44,True,in_sample
2012-10-31,12,12.0,36.05,73.93,68.25,6.72,43.45,34.17,0.36927420729597565,41.3,19.56,37.08,True,in_sample
2012-11-01,7,7.0,35.05,0.0,57.42,58.66,28.97,30.72,0.0,26.78,25.45,32.93,True,in_sample
2012-11-02,6,6.0,27.99,0.0,50.95,47.51,21.99,24.78,0.0,23.09,20.24,27.39,True,in_sample
2012-11-03,5,5.0,20.34,0.0,39.31,31.69,17.98,21.07,0.0,16.34,12.58,23.8,True,in_sample
2012-11-04,5,5.0,20.21,0.0,40.95,33.63,14.75,21.05,0.0,17.23,10.36,23.7,True,in_sample
2012-11-05,5,5.0,19.55,0.0,41.81,27.34,14.95,21.17,0.0,17.74,9.73,23.66,True,in_sample
2012-11-06,6,6.0,17.81,0.84,49.67,0.81,24.61,24.14,0.0,22.86,11.12,26.19,True,in_sample
2012-11-07,8,8.0,26.21,23.14,63.96,0.0,35.85,30.39,0.0,34.17,16.48,31.88,True,in_sample
2012-11-08,12,12.0,39.16,48.53,78.97,3.81,54.16,41.08,0.0,50.76,28.31,42.47,True,in_sample
2012-11-09,12,12.0,38.42,64.83,73.4,8.14,49.93,38.11,0.0,46.17,25.38,39.83,True,in_sample
2012-11-10,13,13.0,39.1,73.0,73.68,8.56,47.47,37.64,1.7959047144685845,47.0,24.59,39.94,True,in_sample
2012-11-11,11,11.0,35.1,72.08,68.0,4.26,42.29,32.76,0.0,41.07,19.33,36.1,True,in_sample
2012-11-12,14,14.0,36.03,65.57,74.76,9.93,23.86,36.99,4.205515871799063,48.92,23.68,40.57,True,in_sample
2012-11-13,11,11.0,34.99,71.76,68.6,3.41,40.76,33.03,0.0,41.71,19.26,36.38,True,in_sample
2012-11-14,11,11.0,35.05,71.59,68.4,4.57,40.51,32.87,0.0,41.52,19.75,36.26,True,in_sample
2012-11-15,12,12.0,35.11,71.44,68.2,4.5,40.85,33.34,0.0,41.32,19.58,36.74,True,in_sample
2012-11-16,12,12.0,35.69,71.32,69.04,5.15,41.73,34.54,0.0,42.19,19.39,37.86,True,in_sample
2012-11-17,12,12.0,36.38,71.19,70.96,6.48,42.11,34.58,0.0,44.22,19.95,37.93,True,in_sample
2012-11-18,12,12.0,36.7,71.04,71.06,7.3,43.14,34.32,0.0,44.34,21.37,37.72,True,in_sample
2012-11-19,12,12.0,36.64,70.87,70.68,7.34,43.15,34.45,0.0,43.95,21.41,37.87,True,in_sample
2012-11-20,12,12.0,36.7,70.68,70.88,7.99,43.49,34.27,0.0,44.2,21.1,37.73,True,in_sample
2012-11-21,12,12.0,36.61,70.41,70.67,7.34,43.84,34.28,0.0,43.97,21.25,37.77,True,in_sample
2012-11-22,13,13.0,36.88,70.13,70.72,7.57,44.04,35.49,0.01316546026300789,44.03,21.03,38.94,True,in_sample
2012-11-23,13,13.0,37.45,69.85,72.65,7.68,45.44,35.4,0.0,46.11,21.03,38.88,True,in_sample
2012-11-24,13,13.0,37.58,69.59,72.52,7.07,45.82,35.62,0.0,45.98,22.47,39.13,True,in_sample
2012-11-25,13,13.0,37.73,69.34,72.88,7.46,46.04,35.81,0.0,46.4,22.35,39.33,True,in_sample
2012-11-26,13,13.0,37.52,69.07,73.17,7.02,45.48,34.99,0.0,46.74,22.62,38.56,True,in_sample
2012-11-27,13,13.0,37.16,68.79,71.89,7.22,44.97,34.87,0.0,45.38,22.83,38.47,True,in_sample
2012-11-28,13,13.0,36.85,68.51,71.74,7.22,44.29,35.18,0.0,44.04,21.84,38.79,True,in_sample
2012-11-29,13,13.0,36.46,68.21,72.28,7.18,38.13,35.48,0.0,46.11,21.69,39.11,True,in_sample
2012-11-30,13,13.0,35.6,67.91,72.78,6.98,29.86,35.61,0.0,45.99,22.06,39.23,True,in_sample
2012-12-01,7,7.0,35.58,0.0,60.25,58.77,29.07,30.25,0.0,28.68,26.5,32.41,True,in_sample
2012-12-02,6,6.0,27.06,0.0,47.13,47.13,22.23,24.32,0.0,20.79,20.69,26.98,True,in_sample
2012-12-03,5,5.0,20.44,0.0,40.15,31.33,17.89,21.16,0.0,16.8,12.31,23.9,True,in_sample
2012-12-04,5,5.0,20.26,0.0,42.03,33.91,13.47,20.97,0.0,17.85,10.23,23.6,True,in_sample
2012-12-05,5,5.0,19.11,0.0,42.38,26.61,12.29,21.07,0.0,18.08,8.95,23.47,True,in_sample
2012-12-06,6,6.0,18.16,1.69,51.09,0.47,24.27,24.79,0.0,23.84,10.49,26.79,True,in_sample
2012-12-07,8,8.0,26.65,24.02,63.89,0.0,35.86,31.71,0.0,34.15,17.06,33.13,True,in_sample
2012-12-08,12,12.0,39.38,49.34,79.15,3.85,53.88,41.11,0.0,50.99,29.18,42.54,True,in_sample
2012-12-09,12,12.0,38.5,65.22,73.85,7.43,49.83,38.14,0.0,46.66,25.47,39.9,True,in_sample
2012-12-10,13,13.0,39.05,73.12,73.5,7.5,48.0,37.48,0.0,46.8,25.26,39.82,True,in_sample
2012-12-11,12,12.0,34.96,71.92,67.87,3.86,41.0,33.17,0.0,40.95,19.4,36.5,True,in_sample
2012-12-12,14,14.0,36.1,65.49,75.04,9.83,24.37,37.03,0.0,48.59,23.95,40.6,True,in_sample
2012-12-13,14,14.0,36.12,65.38,75.07,9.97,23.66,37.13,0.0,49.05,24.16,40.66,True,in_sample
2012-12-14,14,14.0,35.79,65.27,75.16,10.91,20.58,36.75,0.0,48.91,24.2,40.32,True,in_sample
2012-12-15,14,14.0,35.58,65.17,74.64,11.1,19.31,36.55,0.0,48.92,24.33,40.16,True,in_sample
2012-12-16,14,14.0,35.09,65.06,74.4,11.04,17.33,36.08,0.0,48.31,23.88,39.75,True,in_sample
2012-12-17,14,14.0,35.22,64.95,73.76,10.78,19.43,35.98,0.0,48.72,23.63,39.69,True,in_sample
2012-12-18,14,14.0,35.15,64.82,73.71,10.42,19.97,35.82,0.0,49.03,23.07,39.55,True,in_sample
2012-12-19,14,14.0,35.57,64.75,73.51,10.96,22.55,36.29,0.0,49.09,22.95,40.02,True,in_sample
2012-12-20,14,14.0,35.4,64.78,74.26,10.87,20.38,36.29,0.0,49.23,22.76,40.01,True,in_sample
2012-12-21,14,14.0,35.16,64.8,74.26,9.2,20.56,35.94,0.0,48.64,23.32,39.7,True,in_sample
2012-12-22,14,14.0,35.17,64.81,73.77,9.52,21.2,35.87,0.0,48.35,23.32,39.67,True,in_sample
2012-12-23,14,14.0,35.12,64.81,73.75,9.56,22.39,35.58,0.0,47.62,22.9,39.43,True,in_sample
2012-12-24,14,14.0,35.12,64.79,73.4,9.33,22.84,35.73,0.0,47.54,22.82,39.61,True,in_sample
2012-12-25,14,14.0,34.84,64.72,73.72,9.63,20.69,35.54,0.0,47.31,22.48,39.47,True,in_sample
2012-12-26,14,14.0,35.1,64.66,73.51,8.55,23.1,35.66,0.0,48.13,22.67,39.62,True,in_sample
2012-12-27,14,14.0,35.17,64.59,73.76,7.94,24.72,35.48,0.0,48.14,22.45,39.49,True,in_sample
2012-12-28,14,14.0,35.41,64.53,73.56,7.52,27.85,35.53,0.0,47.59,22.59,39.57,True,in_sample
2012-12-29,14,14.0,35.21,64.46,73.69,7.03,27.09,35.3,0.0,47.54,22.37,39.38,True,in_sample
2012-12-30,14,14.0,35.25,64.41,73.42,7.26,27.72,35.38,0.0,47.13,22.43,39.49,True,in_sample
2012-12-31,14,14.0,35.23,64.34,73.61,7.4,27.09,35.52,0.0,47.45,22.15,39.56,True,in_sample
2013-01-01,14,14.0,35.3,64.21,73.78,7.89,28.21,35.02,0.0,47.2,22.23,39.12,True,in_sample
2013-01-02,21,21.0,42.87,61.72,84.01,19.79,40.43,44.45,11.663787878494219,55.82,31.85,47.67,True,in_sample
2013-01-03,35,35.0,53.94,71.47,90.02,27.57,53.95,55.79,30.37451346744505,70.26,44.1,57.5,True,in_sample
2013-01-04,104,104.0,75.95,94.85,98.19,44.79,80.59,79.29,70.43800230983463,84.45,72.98,79.05,True,in_sample
2013-01-05,117,117.0,72.65,83.31,90.69,54.7,74.35,72.11,74.65530824470476,79.09,81.4,68.34,True,in_sample
2013-01-06,129,129.0,66.58,77.24,86.64,48.3,70.85,68.25,78.13039467416883,63.24,69.68,65.07,True,in_sample
2013-01-07,83,83.0,53.12,76.86,73.26,49.73,48.43,51.96,61.712056401393255,48.53,50.39,48.17,True,in_sample
2013-01-08,97,97.0,54.27,76.86,77.05,53.15,53.12,53.2,67.3374980777146,43.98,48.19,50.33,True,in_sample
2013-01-09,131,131.0,59.56,76.86,84.33,56.27,61.73,58.1,78.30901797076825,51.47,51.31,56.11,True,in_sample
2013-01-10,128,128.0,54.77,67.26,81.33,53.58,50.23,53.67,77.32300440166377,51.92,46.54,52.79,True,in_sample
2013-01-11,204,204.0,64.39,66.5,89.76,66.66,64.4,62.47,94.42258349079499,63.53,55.62,61.51,True,in_sample
2013-01-12,965,965.0,98.01,96.15,100.0,100.0,99.79,94.8,100.0,96.69,100.0,94.65,True,in_sample
2013-01-13,15,15.0,35.07,62.38,75.1,10.13,21.87,35.88,0.0,47.02,23.04,40.2,True,in_sample
2013-01-14,15,15.0,35.41,62.22,74.89,10.07,24.87,36.12,0.0,47.14,22.92,40.45,True,in_sample
2013-01-15,15,15.0,35.48,62.06,75.27,10.22,24.87,36.05,0.0,47.79,22.7,40.39,True,in_sample
2013-01-16,15,15.0,35.73,61.94,75.17,10.75,25.1,36.72,0.0,47.86,22.97,41.04,True,in_sample
2013-01-17,16,16.0,35.99,61.85,76.13,11.1,22.49,38.26,0.0,48.72,22.87,42.48,True,in_sample
2013-01-18,16,16.0,36.5,61.77,78.12,11.53,23.43,38.39,0.0,48.96,23.66,42.61,True,in_sample
2013-01-19,16,16.0,36.9,61.67,78.25,11.77,25.62,38.09,0.0,48.85,25.49,42.37,True,in_sample
2013-01-20,16,16.0,37.03,61.58,77.87,11.56,27.27,38.25,0.0,48.61,25.63,42.54,True,in_sample
2013-01-21,17,17.0,37.59,61.49,78.11,11.57,28.79,39.96,1.1238054114743194,49.03,25.26,44.13,True,in_sample
2013-01-22,18,18.0,38.15,61.42,80.25,12.68,29.15,40.72,3.097270780568297,48.93,25.44,44.76,True,in_sample
2013-01-23,18,18.0,38.85,61.36,80.87,13.92,29.92,41.01,2.9537725906972576,50.03,27.47,45.05,True,in_sample
2013-01-24,17,17.0,39.24,61.3,81.16,14.33,31.65,39.92,0.6920904009289476,52.44,28.35,43.99,True,in_sample
2013-01-25,18,18.0,39.29,61.28,79.7,14.78,31.19,40.65,2.666892333754677,52.62,28.69,44.66,True,in_sample
2013-01-26,18,18.0,39.49,61.3,80.58,15.09,33.31,40.8,2.5235102213344205,52.16,27.38,44.81,True,in_sample
2013-01-27,18,18.0,39.79,61.35,80.73,15.55,33.5,41.2,2.3801667560161324,52.44,28.25,45.11,True,in_sample
2013-01-28,19,19.0,40.74,61.42,81.04,16.91,34.94,42.5,4.2420652648972785,55.1,28.42,46.34,True,in_sample
2013-01-29,20,20.0,41.4,61.47,82.5,16.93,36.09,43.45,6.001872757238356,56.09,28.9,47.14,True,in_sample
2013-01-30,20,20.0,41.98,61.53,83.26,17.98,37.19,43.67,5.859392367627267,56.49,30.46,47.23,True,in_sample
2013-01-31,21,21.0,42.65,61.62,83.21,18.93,40.74,44.63,7.5274802317639775,54.7,31.58,48.1,True,in_sample
2013-02-01,14,14.0,35.11,64.09,73.1,7.88,27.26,34.85,0.0,47.46,22.39,38.99,True,in_sample
2013-02-02,20,20.0,42.84,61.8,83.29,21.38,40.33,43.26,5.43218023605261,56.02,33.0,46.48,True,in_sample
2013-02-03,35,35.0,53.81,72.01,90.61,28.13,51.85,55.29,26.06824756967588,68.98,46.16,57.02,True,in_sample
2013-02-04,117,117.0,77.84,95.99,98.96,46.23,82.99,82.2,70.74760033154561,85.55,73.29,81.93,True,in_sample
2013-02-05,107,107.0,69.64,83.03,85.86,53.18,68.38,69.44,67.29921503810486,74.69,80.2,65.37,True,in_sample
2013-02-06,123,123.0,65.93,77.16,86.78,46.77,71.32,66.7,72.34604775102721,63.45,69.66,63.43,True,in_sample
2013-02-07,88,88.0,53.17,76.86,69.83,50.31,47.19,53.48,59.77442963540429,47.96,50.46,49.78,True,in_sample
2013-02-08,97,97.0,54.18,76.86,76.42,54.16,52.66,52.94,63.261673924598185,43.84,48.47,50.03,True,in_sample
2013-02-09,130,130.0,59.68,76.86,84.71,57.07,62.4,57.75,74.01559661236602,51.03,52.03,55.79,True,in_sample
2013-02-10,105,105.0,52.5,66.86,81.66,54.02,49.25,47.82,65.94622432932834,51.77,46.1,46.88,True,in_sample
2013-02-11,205,205.0,64.1,66.7,89.56,63.95,64.9,62.54,90.69534322223663,62.04,56.31,61.64,True,in_sample
2013-02-12,1041,1041.0,98.0,97.37,98.84,100.0,97.37,96.38,100.0,95.52,100.0,96.51,True,in_sample
2013-02-13,25,25.0,46.57,64.06,87.22,20.1,44.36,48.42,12.169684072145747,61.03,37.67,51.25,True,in_sample
2013-02-14,28,28.0,47.85,64.53,86.53,20.66,44.84,51.1,16.246009592324747,62.56,38.21,53.78,True,in_sample
2013-02-15,28,28.0,48.59,64.97,88.94,21.67,48.12,50.88,16.106505392030705,63.48,37.66,53.37,True,in_sample
2013-02-16,28,28.0,49.37,65.39,88.41,22.06,50.05,50.94,15.967037879036926,64.88,40.89,53.42,True,in_sample
2013-02-17,27,27.0,49.45,65.79,88.33,22.43,52.0,50.4,14.47369457421576,64.91,40.66,52.9,True,in_sample
2013-02-18,27,27.0,49.42,66.18,87.69,23.26,50.74,50.29,14.33404481484683,65.64,40.78,52.77,True,in_sample
2013-02-19,30,30.0,50.18,66.63,87.5,23.62,49.63,52.59,18.118325059223924,66.12,40.18,54.96,True,in_sample
2013-02-20,30,30.0,50.67,67.12,89.52,24.51,50.8,52.84,17.97948844592681,65.18,40.1,55.15,True,in_sample
2013-02-21,30,30.0,51.67,67.61,89.59,24.95,52.59,52.72,17.84068818518617,68.98,42.9,55.05,True,in_sample
2013-02-22,31,31.0,51.93,68.09,89.39,24.89,53.49,53.19,18.92379081411025,68.32,43.26,55.49,True,in_sample
2013-02-23,30,30.0,51.54,68.54,89.67,24.89,51.74,52.46,17.56319664092036,68.2,43.16,54.8,True,in_sample
2013-02-24,30,30.0,51.29,68.99,88.93,24.82,50.44,52.41,17.42450531711627,67.2,43.77,54.74,True,in_sample
2013-02-25,31,31.0,51.48,69.44,88.81,24.99,52.12,52.71,18.50840608968076,66.86,42.95,54.73,True,in_sample
2013-02-26,32,32.0,52.29,69.91,88.54,26.44,52.57,53.3,19.553976975408528,70.08,42.94,55.28,True,in_sample
2013-02-27,32,32.0,52.74,70.39,88.98,26.74,55.02,53.25,19.415845976643013,70.2,43.35,55.26,True,in_sample
2013-02-28,34,34.0,53.25,70.92,88.93,26.28,53.9,54.94,21.53938903561618,69.8,44.11,56.69,True,in_sample
2013-03-01,14,14.0,35.07,63.96,72.92,8.17,27.38,35.0,0.0,47.22,21.79,39.16,True,in_sample
2013-03-02,21,21.0,42.97,61.9,81.89,21.52,39.95,44.46,3.282159280742424,56.53,32.78,47.63,True,in_sample
2013-03-03,35,35.0,53.93,72.52,90.1,28.26,51.62,55.4,22.208595690057507,68.72,47.22,57.15,True,in_sample
2013-03-04,132,132.0,80.4,97.25,100.0,47.94,86.24,85.05,71.62982703341216,88.9,76.17,84.56,True,in_sample
2013-03-05,97,97.0,66.73,82.79,83.23,52.26,63.59,66.49,59.997522264766864,73.05,74.16,62.0,True,in_sample
2013-03-06,123,123.0,65.79,77.08,85.24,47.61,72.62,66.6,68.73641219614875,62.02,69.54,63.35,True,in_sample
2013-03-07,78,78.0,51.93,76.86,72.38,50.41,47.51,49.96,51.593909203847154,48.26,47.75,46.05,True,in_sample
2013-03-08,96,96.0,53.74,76.86,76.08,54.66,51.13,52.67,59.220013077143975,42.94,47.78,49.59,True,in_sample
2013-03-09,130,130.0,59.69,76.86,84.35,57.52,60.84,57.53,70.4194759993858,52.95,52.38,55.58,True,in_sample
2013-03-10,118,118.0,53.05,66.56,74.02,54.19,50.46,51.15,66.67170044890428,52.05,46.33,50.28,True,in_sample
2013-03-11,211,211.0,64.38,66.88,89.7,62.2,64.05,63.12,88.26868976955546,65.09,56.05,62.28,True,in_sample
2013-03-12,1054,1054.0,98.1,98.54,99.8,100.0,97.37,96.15,100.0,97.63,97.17,96.24,True,in_sample
2013-03-13,48,48.0,60.95,79.06,92.35,34.01,58.91,62.25,32.64864458059174,78.23,56.38,63.32,True,in_sample
2013-03-14,47,47.0,60.46,79.67,93.3,33.23,59.34,62.02,31.726404269940588,76.22,53.45,63.07,True,in_sample
2013-03-15,47,47.0,61.03,80.26,93.0,32.95,62.14,61.83,31.59151631281248,77.43,55.13,62.86,True,in_sample
2013-03-16,48,48.0,61.38,80.83,92.73,33.16,63.07,61.8,32.24441929853904,79.3,54.87,62.85,True,in_sample
2013-03-17,48,48.0,61.36,81.41,92.69,32.78,64.52,61.73,32.109746255162634,77.93,54.67,62.78,True,in_sample
2013-03-18,52,52.0,62.53,82.06,92.61,33.01,66.22,63.79,34.971180106316254,79.11,54.66,64.83,True,in_sample
2013-03-19,60,60.0,64.02,82.86,94.06,33.76,68.03,67.62,40.1945193178768,75.16,54.6,68.54,True,in_sample
2013-03-20,64,64.0,65.94,83.71,96.3,35.51,70.85,69.27,42.47812620991681,76.81,57.07,70.12,True,in_sample
2013-03-21,71,71.0,68.12,84.66,97.0,36.39,75.16,71.97,46.23294994120171,76.13,61.66,72.65,True,in_sample
2013-03-22,70,70.0,68.93,85.57,98.08,38.21,79.41,71.3,45.569821101971414,75.53,63.63,71.87,True,in_sample
2013-03-23,65,65.0,68.51,86.34,97.24,39.53,79.42,68.83,42.661468194459495,75.22,66.87,69.37,True,in_sample
2013-03-24,72,72.0,69.11,87.21,95.46,39.65,77.74,71.54,46.361772376681365,74.86,66.09,72.01,True,in_sample
2013-03-25,75,75.0,69.26,88.06,97.1,40.6,73.39,72.27,47.7601590918248,77.48,63.18,72.63,True,in_sample
2013-03-26,79,79.0,70.66,88.96,97.1,41.89,71.47,73.55,49.576655469033255,82.26,66.45,73.84,True,in_sample
2013-03-27,89,89.0,72.08,89.99,97.68,42.02,69.68,76.62,53.91452379283502,83.88,67.37,76.83,True,in_sample
2013-03-28,88,88.0,73.11,90.96,99.1,42.71,73.46,75.95,53.360754978255784,86.73,68.94,76.09,True,in_sample
2013-03-29,91,91.0,73.88,91.92,98.29,43.2,75.95,76.46,54.48801022145556,84.97,72.63,76.55,True,in_sample
2013-03-30,93,93.0,73.95,92.88,98.33,43.75,78.76,76.72,55.17374490726008,80.96,71.89,76.69,True,in_sample
2013-03-31,94,94.0,74.63,93.82,98.12,44.74,78.29,76.92,55.44540567446623,84.2,72.58,76.88,True,in_sample
2013-04-01,14,14.0,35.08,63.84,73.22,8.52,26.89,35.07,0.0,47.35,21.58,39.24,True,in_sample
2013-04-02,21,21.0,43.27,62.0,83.26,21.8,40.99,44.18,0.0,58.49,31.36,47.34,True,in_sample
2013-04-03,37,37.0,54.64,73.07,90.2,28.06,53.63,56.75,20.054138355493695,68.73,46.65,58.47,True,in_sample
2013-04-04,134,134.0,81.02,98.47,100.0,51.02,85.75,84.97,68.24005261586512,87.08,79.69,84.39,True,in_sample
2013-04-05,113,113.0,67.13,82.5,79.93,51.57,63.58,70.56,61.71173062924586,69.76,71.23,66.64,True,in_sample
2013-04-06,121,121.0,65.18,77.0,85.25,48.09,71.62,65.79,64.15297518426397,61.66,67.58,62.48,True,in_sample
2013-04-07,80,80.0,51.49,76.86,66.82,49.79,47.43,50.38,48.48069682747146,47.41,49.51,46.53,True,in_sample
2013-04-08,97,97.0,54.02,76.86,75.56,55.48,51.1,52.81,55.59055520827387,45.07,47.43,49.79,True,in_sample
2013-04-09,123,123.0,58.71,76.86,84.03,58.6,56.89,55.92,64.38638360573835,53.03,51.92,53.96,True,in_sample
2013-04-10,122,122.0,53.19,66.27,78.78,55.23,49.48,52.07,63.95213143591382,52.61,39.35,51.26,True,in_sample
2013-04-11,229,229.0,65.37,67.16,90.26,62.36,64.39,65.32,87.49920131100075,65.23,56.13,64.47,True,in_sample
2013-04-12,1135,1135.0,98.65,99.76,99.66,98.71,97.0,97.65,100.0,97.67,99.38,98.01,True,in_sample
2013-04-13,98,98.0,72.75,91.97,89.26,58.43,72.3,72.56,55.3313288873551,91.59,64.1,68.67,True,in_sample
2013-04-14,89,89.0,72.61,91.56,85.61,57.99,72.25,69.72,51.57881558381015,94.7,73.78,65.41,True,in_sample
2013-04-15,81,81.0,70.51,91.22,82.87,57.43,68.2,66.91,47.90567626668355,97.37,69.37,62.19,True,in_sample
2013-04-16,69,69.0,67.74,90.97,80.06,55.88,64.95,62.05,41.74180746045113,100.0,66.29,56.51,True,in_sample
2013-04-17,93,93.0,68.08,90.56,74.0,52.43,66.28,70.31,52.84520067403938,86.21,63.25,66.01,True,in_sample
2013-04-18,109,109.0,67.03,90.05,84.63,50.53,67.9,74.37,58.69211644275272,58.23,57.8,70.71,True,in_sample
2013-04-19,120,120.0,71.17,89.5,88.76,50.5,70.65,76.59,62.184100381741416,71.15,67.97,73.28,True,in_sample
2013-04-20,129,129.0,71.93,88.91,90.69,48.68,72.56,78.33,64.78029519292724,65.21,73.08,75.29,True,in_sample
2013-04-21,119,119.0,71.29,88.4,92.14,49.13,74.93,75.85,61.61442971963087,60.99,75.98,72.45,True,in_sample
2013-04-22,127,127.0,71.58,87.85,89.93,49.68,76.31,77.31,63.938230961641615,56.87,78.26,74.14,True,in_sample
2013-04-23,143,143.0,71.84,87.24,91.28,49.76,77.87,80.23,68.28228913321823,49.24,75.55,77.45,True,in_sample
2013-04-24,155,155.0,74.7,86.59,93.56,50.34,79.31,82.1,71.19305130537865,62.68,77.53,79.55,True,in_sample
2013-04-25,142,142.0,75.23,86.03,94.5,52.11,81.2,79.3,67.76593826390803,68.84,81.31,76.35,True,in_sample
2013-04-26,138,138.0,75.32,85.52,91.98,54.11,80.62,78.22,66.56282872872596,72.03,83.88,75.16,True,in_sample
2013-04-27,129,129.0,73.94,85.07,91.17,53.83,77.41,76.05,63.893817388715625,74.46,80.89,72.7,True,in_sample
2013-04-28,135,135.0,73.54,84.6,89.23,54.02,76.88,77.09,65.48180185809473,70.68,79.96,73.92,True,in_sample
2013-04-29,144,144.0,74.22,84.1,90.37,53.93,77.17,78.6,67.78997536334583,72.79,77.75,75.64,True,in_sample
2013-04-30,140,140.0,74.68,83.65,91.69,54.81,77.77,77.37,66.60148897359902,76.85,79.35,74.29,True,in_sample
2013-05-01,14,14.0,35.07,63.69,73.37,9.37,26.21,35.02,0.0,47.03,21.75,39.22,True,in_sample
2013-05-02,21,21.0,43.76,62.1,82.91,22.15,42.32,44.39,0.0,59.73,32.79,47.51,True,in_sample
2013-05-03,41,41.0,56.08,73.74,91.26,27.85,54.82,59.66,19.868576300111,69.4,46.82,61.21,True,in_sample
2013-05-04,143,143.0,82.2,99.74,99.99,51.7,85.92,86.46,66.89864833724336,87.01,83.14,85.71,True,in_sample
2013-05-05,117,117.0,68.03,82.19,85.05,51.0,66.37,71.28,59.19569733365259,71.36,67.99,67.49,True,in_sample
2013-05-06,121,121.0,65.04,76.95,84.47,48.26,70.4,65.78,60.33835717215135,62.59,67.33,62.43,True,in_sample
2013-05-07,68,68.0,48.92,76.86,67.8,49.26,46.61,45.84,38.44336216133065,43.96,45.28,41.74,True,in_sample
2013-05-08,98,98.0,54.07,76.86,75.88,55.03,50.96,53.03,52.120045058875384,45.29,47.05,50.06,True,in_sample
2013-05-09,123,123.0,58.12,76.86,82.25,58.33,54.27,55.75,60.577896764833696,53.08,51.61,53.85,True,in_sample
2013-05-10,122,122.0,53.98,65.99,80.07,55.21,52.34,51.83,60.14289929328418,52.6,43.31,51.07,True,in_sample
2013-05-11,244,244.0,66.8,67.5,91.77,65.99,64.43,66.91,86.21789445149197,66.53,56.81,66.07,True,in_sample
2013-05-12,1028,1028.0,97.91,99.22,100.0,99.77,96.87,94.27,100.0,97.49,99.45,94.08,True,in_sample
2013-05-13,118,118.0,66.7,80.23,85.22,45.93,70.31,69.7,58.502903789783446,61.44,72.62,66.03,True,in_sample
2013-05-14,108,108.0,65.34,80.05,85.8,45.2,67.66,67.14,55.027089374600216,61.04,72.21,63.24,True,in_sample
2013-05-15,109,109.0,64.93,79.87,83.17,45.53,65.11,67.23,55.24853586089027,61.43,72.67,63.35,True,in_sample
2013-05-16,113,113.0,64.69,79.68,83.43,46.41,62.86,68.01,56.48498490244842,60.79,69.64,64.25,True,in_sample
2013-05-17,118,118.0,65.51,79.49,84.52,46.72,63.94,68.85,57.99656090215871,62.73,69.75,65.22,True,in_sample
2013-05-18,119,119.0,65.71,79.3,85.61,46.48,65.08,68.84,58.18944655129996,61.68,70.66,65.23,True,in_sample
2013-05-19,118,118.0,65.67,79.13,85.66,46.48,65.74,68.36,57.74357309711393,61.25,71.63,64.76,True,in_sample
2013-05-20,118,118.0,65.43,78.97,85.32,46.42,63.32,68.33,57.617125053750485,61.95,71.59,64.78,True,in_sample
2013-05-21,118,118.0,64.82,78.82,85.47,46.43,63.16,67.99,57.490707563848886,58.22,70.99,64.46,True,in_sample
2013-05-22,119,119.0,64.83,78.68,85.28,45.85,63.11,68.18,57.68394300897282,58.48,70.91,64.72,True,in_sample
2013-05-23,124,124.0,65.49,78.52,85.66,44.25,66.4,69.06,59.116783766227066,59.81,70.44,65.73,True,in_sample
2013-05-24,129,129.0,66.37,78.34,86.73,44.58,68.25,69.99,60.4885556573233,61.21,70.59,66.78,True,in_sample
2013-05-25,129,129.0,66.61,78.18,87.78,44.47,69.35,69.74,60.362859915907606,61.25,71.54,66.44,True,in_sample
2013-05-26,131,131.0,66.8,78.01,87.39,46.29,68.93,69.8,60.82031279715404,60.67,72.54,66.57,True,in_sample
2013-05-27,127,127.0,66.4,77.87,87.64,46.19,68.87,68.77,59.51922406581895,60.76,72.14,65.5,True,in_sample
2013-05-28,126,126.0,66.06,77.73,86.72,46.48,67.94,68.46,59.09378599399725,60.38,72.1,65.2,True,in_sample
2013-05-29,130,130.0,66.22,77.59,86.54,46.96,67.94,69.04,60.153215333909905,60.8,70.76,65.85,True,in_sample
2013-05-30,127,127.0,66.19,77.47,87.23,48.07,67.86,68.17,59.142184425477396,62.2,70.26,64.94,True,in_sample
2013-05-31,128,128.0,66.52,77.36,86.44,48.58,68.79,68.25,59.31410007964048,63.66,70.84,65.02,True,in_sample
2013-06-01,14,14.0,34.98,63.55,73.36,9.29,25.2,35.05,0.0,47.22,21.83,39.29,True,in_sample
2013-06-02,22,22.0,43.69,62.23,83.07,21.56,40.14,45.02,0.0,59.86,32.47,48.12,True,in_sample
2013-06-03,44,44.0,57.43,74.44,93.18,29.34,56.59,61.2,18.406995588654866,69.17,48.45,62.49,True,in_sample
2013-06-04,144,144.0,82.15,99.06,99.89,53.63,85.58,86.1,63.28345506286608,86.57,83.08,85.28,True,in_sample
2013-06-05,113,113.0,68.77,81.91,85.99,50.79,69.59,69.99,53.95416325956892,73.5,73.04,66.09,True,in_sample
2013-06-06,120,120.0,64.39,76.91,84.54,48.79,68.15,65.2,56.110433865687305,61.4,66.26,61.76,True,in_sample
2013-06-07,67,67.0,47.73,76.86,59.89,49.64,45.06,45.31,33.848517369846135,43.64,45.75,41.21,True,in_sample
2013-06-08,98,98.0,54.43,76.86,76.28,55.23,52.2,52.96,48.16516946591011,46.72,47.16,50.03,True,in_sample
2013-06-09,118,118.0,57.49,76.86,82.15,58.19,52.7,54.57,55.09456098175632,54.99,49.65,52.69,True,in_sample
2013-06-10,123,123.0,54.04,65.7,79.86,55.13,51.87,51.96,56.54584463913386,52.62,44.37,51.26,True,in_sample
2013-06-11,264,264.0,68.11,67.97,92.8,68.05,64.83,68.88,85.4504079752093,64.98,59.44,68.11,True,in_sample
2013-06-12,825,825.0,95.54,98.51,98.36,98.78,94.1,87.57,100.0,99.79,100.0,86.32,True,in_sample
2013-06-13,102,102.0,60.18,76.86,79.99,48.58,62.22,59.77,49.05117352330501,57.53,60.67,56.02,True,in_sample
2013-06-14,100,100.0,58.98,76.86,78.24,46.84,61.21,59.06,48.17143469195867,54.18,60.07,55.25,True,in_sample
2013-06-15,100,100.0,58.42,76.86,77.45,47.12,58.75,59.11,48.04467237751364,53.7,58.22,55.35,True,in_sample
2013-06-16,100,100.0,57.76,76.86,77.7,47.33,58.29,58.75,47.917940687382824,49.82,57.3,54.99,True,in_sample
2013-06-17,101,101.0,57.79,76.86,77.36,47.65,56.02,58.92,48.169841699853706,51.65,57.3,55.23,True,in_sample
2013-06-18,105,105.0,58.03,76.86,77.79,47.21,54.15,59.92,49.52132066300475,52.8,56.8,56.33,True,in_sample
2013-06-19,105,105.0,57.91,76.86,79.31,47.96,51.42,59.82,49.395005618466726,52.28,56.95,56.26,True,in_sample
2013-06-20,105,105.0,57.83,76.86,79.33,47.71,52.31,59.67,49.26872100150348,50.16,58.07,56.13,True,in_sample
2013-06-21,102,102.0,57.54,76.86,79.29,47.88,53.73,58.75,48.038742416485874,49.2,57.88,55.21,True,in_sample
2013-06-22,101,101.0,57.51,76.86,78.25,48.21,55.76,58.24,47.53712599647378,49.43,57.62,54.71,True,in_sample
2013-06-23,101,101.0,57.29,76.86,77.71,48.33,55.9,58.19,47.41067437718383,49.01,56.46,54.7,True,in_sample
2013-06-24,100,100.0,56.95,76.86,77.82,48.45,54.35,57.72,46.905187735200585,49.43,55.79,54.22,True,in_sample
2013-06-25,98,98.0,56.82,76.86,77.3,49.3,52.81,57.25,46.008959113805645,51.1,55.66,53.74,True,in_sample
2013-06-26,99,99.0,56.84,76.86,76.83,50.01,53.03,57.36,46.269295881581584,51.08,55.02,53.88,True,in_sample
2013-06-27,97,97.0,56.66,76.86,77.14,50.15,53.74,56.72,45.364935162495236,50.97,54.4,53.23,True,in_sample
2013-06-28,90,90.0,55.55,76.86,76.41,50.11,53.43,54.4,42.38295600387862,49.72,54.47,50.79,True,in_sample
2013-06-29,89,89.0,54.66,76.86,73.18,49.34,51.92,54.09,41.82989605754933,49.07,53.63,50.47,True,in_sample
2013-06-30,90,90.0,54.2,76.86,72.9,49.63,50.09,54.2,42.128919268572275,49.14,50.81,50.61,True,in_sample
2013-07-01,14,14.0,35.1,63.39,73.47,9.16,26.23,35.09,0.0,47.45,21.77,39.36,True,in_sample
2013-07-02,23,23.0,44.25,62.42,83.71,20.79,40.25,46.07,0.0,61.14,32.72,49.12,True,in_sample
2013-07-03,42,42.0,58.09,75.07,93.68,31.75,56.74,60.17,12.66829725265982,71.26,51.95,61.39,True,in_sample
2013-07-04,163,163.0,83.55,97.73,99.54,53.58,87.74,89.19,64.28721276353481,86.22,84.88,88.48,True,in_sample
2013-07-05,112,112.0,68.34,81.65,84.77,49.99,69.79,69.64,49.841442742030104,71.65,74.05,65.73,True,in_sample
2013-07-06,111,111.0,63.07,76.88,83.87,49.11,64.2,62.92,49.373687959926414,61.6,66.13,59.28,True,in_sample
2013-07-07,73,73.0,47.95,76.86,59.34,49.61,45.22,47.56,33.24736496260482,43.96,40.31,43.61,True,in_sample
2013-07-08,98,98.0,54.35,76.86,76.32,54.32,52.53,52.67,44.36604781047058,47.22,47.38,49.78,True,in_sample
2013-07-09,120,120.0,57.35,76.86,80.81,57.91,51.14,54.91,51.97532092484379,55.97,49.42,53.08,True,in_sample
2013-07-10,124,124.0,53.84,65.39,80.13,54.95,50.43,52.18,53.10315078864145,52.2,44.07,51.38,True,in_sample
2013-07-11,291,291.0,69.59,68.52,94.25,69.07,63.93,71.41,85.57188966529564,65.83,61.32,70.61,True,in_sample
2013-07-12,704,704.0,91.93,97.96,93.82,96.21,89.93,82.69,100.0,97.68,97.88,80.68,True,in_sample
2013-07-13,92,92.0,51.77,76.86,73.91,51.1,48.32,53.66,41.320731579949175,30.92,48.12,50.15,True,in_sample
2013-07-14,90,90.0,52.21,76.86,74.49,51.88,48.35,53.03,40.35408933820737,34.76,48.9,49.54,True,in_sample
2013-07-15,94,94.0,52.83,76.86,73.68,52.12,49.29,54.11,41.8901844274613,35.91,49.29,50.71,True,in_sample
2013-07-16,92,92.0,52.81,76.86,75.4,52.46,49.63,53.4,40.94153169649344,36.47,48.48,50.01,True,in_sample
2013-07-17,92,92.0,53.44,76.86,74.53,52.69,50.32,53.06,40.81519244168402,41.93,49.71,49.68,True,in_sample
2013-07-18,85,85.0,52.58,76.86,74.22,52.96,49.0,51.03,37.66152935211585,43.12,48.81,47.6,True,in_sample
2013-07-19,87,87.0,52.39,76.86,71.33,52.7,48.68,51.35,38.42456143471637,44.27,48.36,47.98,True,in_sample
2013-07-20,85,85.0,51.97,76.86,72.04,52.44,47.96,50.82,37.40796137712196,44.9,45.89,47.46,True,in_sample
2013-07-21,86,86.0,52.09,76.86,71.37,52.02,50.08,50.97,37.72887935086683,44.05,46.23,47.66,True,in_sample
2013-07-22,86,86.0,52.1,76.86,71.77,51.51,49.52,50.87,37.602248406748316,45.82,45.55,47.59,True,in_sample
2013-07-23,87,87.0,51.78,76.86,71.78,50.96,46.82,51.2,37.91828067815143,44.87,45.69,47.97,True,in_sample
2013-07-24,89,89.0,51.62,76.86,72.44,50.55,44.72,51.48,38.6621392927788,44.51,45.53,48.3,True,in_sample
2013-07-25,91,91.0,51.37,76.86,73.0,49.34,43.89,52.01,39.38698049725664,41.55,45.88,48.88,True,in_sample
2013-07-26,90,90.0,51.63,76.86,73.92,48.52,45.68,51.86,38.83755578639085,42.21,46.17,48.76,True,in_sample
2013-07-27,89,89.0,51.46,76.86,73.79,48.09,46.9,51.19,38.28328598600413,41.53,46.75,48.11,True,in_sample
2013-07-28,93,93.0,51.98,76.86,72.92,47.54,48.52,52.5,39.84173394975466,41.9,46.51,49.51,True,in_sample
2013-07-29,94,94.0,52.44,76.86,75.01,49.1,49.6,52.56,40.125743114500224,41.88,45.66,49.6,True,in_sample
2013-07-30,97,97.0,53.36,76.86,75.25,50.33,51.28,53.45,41.20422152379178,42.51,47.18,50.53,True,in_sample
2013-07-31,99,99.0,54.09,76.86,76.6,52.34,52.97,53.73,41.86112316372396,43.06,47.19,50.84,True,in_sample
2013-08-01,14,14.0,35.05,63.21,73.59,9.11,25.89,35.47,0.0,46.68,21.79,39.72,True,in_sample
2013-08-02,23,23.0,44.63,62.64,84.8,20.52,40.16,46.79,0.0,60.51,33.48,49.77,True,in_sample
2013-08-03,44,44.0,59.06,75.72,92.52,32.49,58.77,61.25,10.378203149218352,72.24,53.8,62.47,True,in_sample
2013-08-04,187,187.0,85.17,96.26,100.0,54.19,89.69,92.36,65.75997897836946,88.52,84.51,91.76,True,in_sample
2013-08-05,114,114.0,67.2,81.4,84.57,49.29,69.24,69.78,46.647924808765445,63.86,72.62,65.95,True,in_sample
2013-08-06,110,110.0,62.5,76.86,81.29,49.94,62.78,62.53,45.15276528028035,61.72,65.32,58.88,True,in_sample
2013-08-07,74,74.0,48.41,76.86,63.88,50.02,46.38,48.19,29.811616167219345,40.55,39.64,44.32,True,in_sample
2013-08-08,95,95.0,53.92,76.86,76.03,54.24,52.88,51.74,39.275307738171236,46.53,47.25,48.85,True,in_sample
2013-08-09,119,119.0,56.82,76.86,81.34,57.06,49.3,54.36,47.79902122082192,56.5,47.98,52.59,True,in_sample
2013-08-10,125,125.0,53.72,65.08,80.24,56.04,47.48,52.26,49.564240128543105,52.59,44.21,51.51,True,in_sample
2013-08-11,334,334.0,71.88,69.25,95.54,72.83,64.27,75.12,87.19264463451539,65.53,63.67,74.41,True,in_sample
2013-08-12,784,784.0,90.6,97.36,89.76,95.86,88.03,85.36,100.0,90.52,90.35,83.84,True,in_sample
2013-08-13,98,98.0,53.71,76.86,75.25,52.54,53.72,52.24,39.84306804428539,46.56,45.24,49.4,True,in_sample
2013-08-14,100,100.0,53.81,76.86,76.01,53.91,51.53,52.52,40.494396686574596,46.24,45.49,49.71,True,in_sample
2013-08-15,99,99.0,53.41,76.86,76.5,54.11,49.25,52.12,39.98316124811885,44.95,46.12,49.31,True,in_sample
2013-08-16,99,99.0,53.19,76.86,76.01,54.2,48.32,52.07,39.85820163699083,44.1,46.41,49.28,True,in_sample
2013-08-17,100,100.0,53.42,76.86,76.05,54.28,49.52,52.34,40.119714054104975,44.44,45.9,49.61,True,in_sample
2013-08-18,100,100.0,53.6,76.86,76.53,54.4,50.87,52.11,39.99487905514936,44.85,45.79,49.42,True,in_sample
2013-08-19,103,103.0,54.07,76.86,76.32,54.24,51.73,53.0,41.007014468065414,45.34,46.08,50.38,True,in_sample
2013-08-20,105,105.0,54.49,76.86,77.64,54.49,52.09,53.36,41.62226493844622,46.22,45.76,50.76,True,in_sample
2013-08-21,111,111.0,55.37,76.86,78.2,54.1,53.19,54.88,43.63597954842944,46.74,46.79,52.37,True,in_sample
2013-08-22,110,110.0,55.74,76.86,80.26,54.36,55.73,54.44,43.16367389307023,46.22,47.17,51.96,True,in_sample
2013-08-23,108,108.0,55.74,76.86,79.78,54.47,56.21,53.85,42.33335285864007,46.25,48.95,51.4,True,in_sample
2013-08-24,109,109.0,55.62,76.86,79.07,54.38,55.17,54.04,42.564000277132905,46.77,48.38,51.65,True,in_sample
2013-08-25,114,114.0,55.45,76.86,79.44,53.76,51.68,54.98,44.166796514247345,46.52,47.64,52.68,True,in_sample
2013-08-26,113,113.0,55.52,76.86,80.75,54.03,50.27,54.62,43.70375746954262,47.96,47.84,52.35,True,in_sample
2013-08-27,118,118.0,56.09,76.86,80.37,53.65,50.13,55.87,45.24758318930736,48.58,48.93,53.69,True,in_sample
2013-08-28,119,119.0,56.68,76.86,81.99,53.34,52.15,55.88,45.44919838103515,50.94,48.46,53.74,True,in_sample
2013-08-29,119,119.0,56.96,76.86,82.04,53.12,53.94,55.87,45.3258143600222,50.37,49.92,53.71,True,in_sample
2013-08-30,125,125.0,57.78,76.86,82.07,54.62,56.37,57.14,47.0980074320457,49.58,49.89,55.05,True,in_sample
2013-08-31,129,129.0,58.66,76.86,83.58,55.45,59.35,57.77,48.1890059605091,49.97,49.85,55.73,True,in_sample
2013-09-01,14,14.0,35.13,63.03,74.16,10.38,25.04,35.49,0.0,46.47,21.82,39.75,True,in_sample
2013-09-02,24,24.0,45.04,62.9,85.38,20.03,41.03,47.81,0.0,58.59,34.75,50.68,True,in_sample
2013-09-03,47,47.0,59.78,76.44,93.28,32.84,60.27,62.88,8.887170209310732,71.26,52.59,64.01,True,in_sample
2013-09-04,231,231.0,88.51,94.53,100.0,56.23,94.62,97.59,70.16763463099835,91.41,88.24,97.33,True,in_sample
2013-09-05,112,112.0,66.26,81.16,84.97,46.77,68.84,69.28,42.12441248069016,59.94,72.3,65.43,True,in_sample
2013-09-06,100,100.0,60.55,76.86,80.97,49.67,59.49,59.93,37.62861469718519,59.51,62.48,56.06,True,in_sample
2013-09-07,75,75.0,49.3,76.86,65.21,49.69,47.39,48.45,26.40365313401331,43.06,42.29,44.63,True,in_sample
2013-09-08,93,93.0,53.35,76.86,74.82,53.57,52.46,51.1,34.5794155522609,46.21,46.86,48.24,True,in_sample
2013-09-09,122,122.0,57.04,76.86,80.79,56.36,50.42,54.99,44.931535558023086,56.05,48.36,53.22,True,in_sample
2013-09-10,126,126.0,52.7,64.78,80.42,55.01,47.26,52.4,46.05412459794671,44.05,44.45,51.67,True,in_sample
2013-09-11,332,332.0,72.8,69.94,97.64,75.46,65.41,74.62,83.341362308743,65.67,66.66,73.85,True,in_sample
2013-09-12,897,897.0,91.55,96.65,92.37,95.22,86.66,88.74,100.0,92.31,85.04,87.81,True,in_sample
2013-09-13,128,128.0,57.81,75.92,82.76,54.43,58.14,55.86,46.29457673435504,51.69,49.62,54.28,True,in_sample
2013-09-14,125,125.0,57.48,75.3,82.86,53.77,58.63,55.05,45.25591015297706,52.3,49.36,53.47,True,in_sample
2013-09-15,126,126.0,57.06,74.72,81.9,53.94,56.65,55.08,45.441209567108494,51.61,49.34,53.56,True,in_sample
2013-09-16,127,127.0,56.74,74.16,82.05,54.11,53.51,55.21,45.62420585212921,52.61,48.34,53.74,True,in_sample
2013-09-17,127,127.0,56.51,73.57,82.27,53.95,51.56,55.23,45.5017879887413,52.84,48.36,53.82,True,in_sample
2013-09-18,127,127.0,56.45,73.02,82.41,53.51,50.63,55.11,45.37939863854913,54.34,48.48,53.7,True,in_sample
2013-09-19,125,125.0,56.24,72.44,82.33,53.03,52.49,54.37,44.64331033896209,54.08,48.48,52.93,True,in_sample
2013-09-20,123,123.0,56.08,71.84,81.36,53.83,53.17,53.96,43.89714567478823,54.18,48.3,52.57,True,in_sample
2013-09-21,124,124.0,55.84,71.31,80.97,53.49,54.15,53.97,44.087810944625964,53.04,47.4,52.63,True,in_sample
2013-09-22,124,124.0,55.63,70.78,81.1,52.55,54.59,53.76,43.96538202425216,53.2,46.89,52.46,True,in_sample
2013-09-23,123,123.0,55.6,70.27,80.92,52.87,54.94,53.58,43.529702956995294,53.47,46.88,52.33,True,in_sample
2013-09-24,124,124.0,55.71,69.77,80.81,53.18,56.0,53.67,43.720609630329335,53.61,46.61,52.46,True,in_sample
2013-09-25,124,124.0,55.69,69.28,81.0,54.03,56.03,53.51,43.598266124246884,53.51,46.37,52.33,True,in_sample
2013-09-26,125,125.0,55.29,68.89,80.89,54.04,53.36,53.63,43.78686789156872,52.43,46.46,52.51,True,in_sample
2013-09-27,127,127.0,55.02,68.52,81.14,53.07,51.66,53.94,44.27917491884445,51.94,46.25,52.88,True,in_sample
2013-09-28,127,127.0,54.92,68.25,81.62,53.27,50.23,53.86,44.157069812771674,52.07,46.38,52.86,True,in_sample
2013-09-29,128,128.0,54.95,67.93,81.64,53.2,50.8,53.81,44.338744834298296,51.85,46.74,52.85,True,in_sample
2013-09-30,127,127.0,54.64,67.59,81.67,53.16,49.73,53.46,43.91294459060147,51.69,46.62,52.54,True,in_sample
2013-10-01,15,15.0,35.19,62.85,74.23,10.23,24.13,36.01,0.0,46.78,22.27,40.25,True,in_sample
2013-10-02,24,24.0,45.66,63.15,86.33,20.23,42.19,47.9,0.0,60.41,35.62,50.79,True,in_sample
2013-10-03,47,47.0,60.22,77.11,94.28,33.76,62.38,62.22,5.024215278248238,71.24,53.89,63.38,True,in_sample
2013-10-04,162,162.0,85.68,93.48,100.0,59.81,95.37,87.22,52.85960974770807,93.72,92.05,85.53,True,in_sample
2013-10-05,118,118.0,66.12,80.9,84.6,45.69,69.35,70.43,40.45369130659904,55.49,72.58,66.73,True,in_sample
2013-10-06,105,105.0,60.52,76.86,77.72,49.59,59.53,61.0,35.805602501077324,59.45,61.91,57.26,True,in_sample
2013-10-07,86,86.0,50.32,76.86,65.85,49.37,49.43,51.89,27.941682501493464,37.66,43.01,48.24,True,in_sample
2013-10-08,94,94.0,53.16,76.86,74.0,52.94,53.16,51.24,31.267260716909075,45.77,45.72,48.43,True,in_sample
2013-10-09,123,123.0,57.39,76.86,81.61,56.4,53.32,55.08,41.574328191659426,55.74,47.69,53.37,True,in_sample
2013-10-10,127,127.0,53.54,64.5,80.68,54.88,49.52,52.46,42.69401405388627,49.15,44.53,51.77,True,in_sample
2013-10-11,328,328.0,73.66,70.6,97.06,76.75,68.2,74.05,79.3913181617959,66.5,71.04,73.25,True,in_sample
2013-10-12,978,978.0,92.94,95.9,95.3,94.72,89.38,90.74,100.0,91.57,88.67,90.15,True,in_sample
2013-10-13,133,133.0,54.58,63.78,81.05,54.58,54.64,53.35,44.12078245768334,50.66,44.72,52.83,True,in_sample
2013-10-14,136,136.0,55.33,63.59,82.19,54.81,58.22,53.85,44.865420092901594,50.93,44.71,53.37,True,in_sample
2013-10-15,142,142.0,56.15,63.43,82.81,53.82,61.09,54.98,46.42061895237383,51.14,45.73,54.55,True,in_sample
2013-10-16,139,139.0,56.17,63.28,84.12,54.8,60.82,54.21,45.470447800586925,51.44,46.29,53.72,True,in_sample
2013-10-17,144,144.0,56.31,63.21,83.16,56.04,57.1,55.16,46.72214089537451,51.62,47.62,54.73,True,in_sample
2013-10-18,153,153.0,56.74,63.21,84.29,56.85,54.6,56.75,48.956628190391136,51.72,46.68,56.36,True,in_sample
2013-10-19,166,166.0,58.24,63.26,86.03,57.72,56.93,58.91,52.00498030466131,51.84,47.8,58.55,True,in_sample
2013-10-20,167,167.0,59.35,63.37,88.19,59.07,60.08,58.89,52.118603821593624,53.21,49.66,58.55,True,in_sample
2013-10-21,180,180.0,60.79,63.51,88.16,59.66,62.54,60.92,54.91258410187798,54.0,52.2,60.29,True,in_sample
2013-10-22,191,191.0,62.16,63.78,89.72,61.55,64.73,62.35,57.09929081558516,55.69,52.14,61.65,True,in_sample
2013-10-23,205,205.0,63.62,64.11,90.68,63.07,67.7,64.21,59.73079988396688,54.57,54.52,63.44,True,in_sample
2013-10-24,195,195.0,63.99,64.49,91.94,66.1,68.45,62.59,57.66768483706623,56.02,56.19,61.81,True,in_sample
2013-10-25,186,186.0,63.76,64.83,90.41,66.91,67.51,61.12,55.711213173901996,58.36,58.35,59.86,True,in_sample
2013-10-26,180,180.0,63.32,65.08,88.22,70.7,63.94,60.05,54.316784992960685,61.46,56.38,58.8,True,in_sample
2013-10-27,195,195.0,63.56,65.39,87.24,70.41,61.84,62.12,57.31189146827348,61.44,54.59,60.97,True,in_sample
2013-10-28,197,197.0,63.75,65.69,89.34,70.6,59.18,62.2,57.59042120924979,64.15,53.29,61.11,True,in_sample
2013-10-29,205,205.0,64.5,65.93,89.46,69.47,59.0,63.18,59.02119696432313,66.01,55.73,62.13,True,in_sample
2013-10-30,198,198.0,64.59,66.13,90.18,69.41,59.88,62.09,57.5506352528,68.43,55.8,61.06,True,in_sample
2013-10-31,204,204.0,64.57,66.32,89.2,67.1,61.97,62.68,58.59450082524219,66.07,56.94,61.69,True,in_sample
2013-11-01,15,15.0,35.27,62.68,74.98,10.88,23.17,36.15,0.0,46.94,22.28,40.4,True,in_sample
2013-11-02,25,25.0,46.1,63.43,86.39,20.06,43.37,48.47,0.0,59.92,36.85,51.33,True,in_sample
2013-11-03,49,49.0,61.18,77.83,93.69,33.93,63.39,63.32,2.684517249082214,72.97,55.85,64.44,True,in_sample
2013-11-04,83,83.0,77.83,93.07,96.05,60.51,86.95,68.61,23.088658545608478,92.46,98.27,64.16,True,in_sample
2013-11-05,116,116.0,66.79,80.66,86.14,45.76,70.27,69.68,36.00794985899946,62.08,72.06,65.91,True,in_sample
2013-11-06,108,108.0,60.37,76.86,79.37,48.93,59.14,61.69,33.101621242783814,58.33,58.73,57.99,True,in_sample
2013-11-07,88,88.0,51.57,76.86,71.62,50.72,50.01,52.6,24.997515018150906,38.53,43.28,49.01,True,in_sample
2013-11-08,95,95.0,53.14,76.86,74.35,51.81,53.56,51.43,27.85796246178352,46.1,44.92,48.67,True,in_sample
2013-11-09,128,128.0,57.82,76.86,81.81,55.24,56.41,56.05,39.35983676730655,53.47,48.41,54.4,True,in_sample
2013-11-10,128,128.0,53.81,64.25,80.85,54.21,50.96,52.46,39.23898481916807,50.61,44.68,51.83,True,in_sample
2013-11-11,343,343.0,74.77,71.28,96.55,77.32,71.65,75.06,77.56184766877115,69.41,70.43,74.27,True,in_sample
2013-11-12,876,876.0,92.5,95.28,96.87,94.48,88.28,87.18,100.0,93.16,93.1,86.08,True,in_sample
2013-11-13,395,395.0,77.46,72.8,97.31,77.19,76.62,78.48,82.83974839245933,74.12,70.95,77.75,True,in_sample
2013-11-14,417,417.0,79.0,73.66,98.69,79.09,78.07,79.71,84.84102791680351,77.24,71.79,78.93,True,in_sample
2013-11-15,409,409.0,79.66,74.48,99.08,79.47,77.19,78.82,83.97176811645211,81.99,75.06,77.94,True,in_sample
2013-11-16,436,436.0,80.56,75.34,98.31,79.43,79.35,80.34,86.35365896792095,80.94,76.58,79.52,True,in_sample
2013-11-17,486,486.0,81.73,76.31,99.12,79.51,80.7,83.04,90.47906267328642,79.9,75.65,82.33,True,in_sample
2013-11-18,658,658.0,85.98,77.76,100.0,80.6,84.56,91.19,100.0,81.03,77.64,91.0,True,in_sample
2013-11-19,547,547.0,84.92,78.8,100.0,84.72,84.53,85.54,94.872111302776,81.67,81.06,84.79,True,in_sample
2013-11-20,596,596.0,87.52,79.95,100.0,86.35,84.9,87.53,98.11153680080103,84.98,90.91,86.87,True,in_sample
2013-11-21,721,721.0,89.14,81.39,100.0,87.62,84.98,92.46,100.0,86.17,84.37,92.27,True,in_sample
2013-11-22,803,803.0,90.99,82.97,100.0,88.58,89.13,94.97,100.0,84.52,86.9,95.02,True,in_sample
2013-11-23,835,835.0,93.12,84.53,100.0,92.78,92.43,95.48,100.0,86.24,92.89,95.58,True,in_sample
2013-11-24,808,808.0,93.86,85.94,100.0,94.44,94.17,94.0,100.0,89.41,95.96,93.95,True,in_sample
2013-11-25,817,817.0,95.15,87.3,100.0,94.87,93.79,93.78,100.0,99.19,96.67,93.62,True,in_sample
2013-11-26,917,917.0,95.15,88.79,100.0,95.3,93.46,96.48,100.0,90.68,95.01,96.62,True,in_sample
2013-11-27,963,963.0,96.24,90.3,100.0,98.56,94.96,97.28,100.0,92.62,94.88,97.54,True,in_sample
2013-11-28,1008,1008.0,97.91,91.82,100.0,99.67,96.94,97.95,100.0,98.32,98.21,98.31,True,in_sample
2013-11-29,1129,1129.0,99.11,93.46,100.0,100.0,99.25,100.0,100.0,100.0,99.32,100.0,True,in_sample
2013-11-30,1120,1120.0,99.35,94.97,100.0,100.0,100.0,99.6,100.0,99.56,100.0,100.0,True,in_sample
2013-12-01,15,15.0,35.24,62.53,75.18,10.44,22.83,36.05,0.0,46.92,22.89,40.34,True,in_sample
2013-12-02,25,25.0,46.4,63.72,86.89,20.11,43.53,48.9,0.0,60.15,36.97,51.73,True,in_sample
2013-12-03,45,45.0,60.48,78.44,94.41,34.31,60.41,60.86,0.0,76.7,55.06,61.98,True,in_sample
2013-12-04,112,112.0,76.6,92.46,79.8,58.64,79.02,76.49,31.119572912682365,93.05,86.03,73.18,True,in_sample
2013-12-05,115,115.0,66.92,80.44,85.44,46.05,70.49,69.32,32.033490446629884,63.3,73.48,65.56,True,in_sample
2013-12-06,107,107.0,60.8,76.86,80.37,48.93,62.05,61.25,29.089227683581463,58.39,59.93,57.57,True,in_sample
2013-12-07,91,91.0,51.64,76.86,72.81,50.94,49.89,53.29,22.624513536463102,31.46,47.34,49.75,True,in_sample
2013-12-08,96,96.0,53.5,76.86,74.76,51.97,54.79,51.67,24.59749806694233,46.54,45.05,48.95,True,in_sample
2013-12-09,127,127.0,57.9,76.51,83.03,54.94,57.2,55.85,35.43894883354284,53.33,48.49,54.21,True,in_sample
2013-12-10,128,128.0,54.01,63.99,80.94,54.31,52.88,52.48,35.626191859846244,50.35,44.73,51.9,True,in_sample
2013-12-11,355,355.0,75.7,71.99,97.08,76.96,75.22,75.76,75.48311881976815,71.46,69.75,74.96,True,in_sample
2013-12-12,874,874.0,91.35,94.69,94.27,92.37,86.71,86.7,100.0,88.09,95.82,85.58,True,in_sample
2013-12-13,880,880.0,89.31,94.11,94.13,91.08,84.13,86.48,100.0,78.48,91.97,85.36,True,in_sample
2013-12-14,853,853.0,87.88,93.59,94.08,88.77,85.29,85.22,100.0,71.34,91.78,83.97,True,in_sample
2013-12-15,865,865.0,88.28,93.07,93.43,88.68,85.57,85.2,100.0,75.47,91.89,84.0,True,in_sample
2013-12-16,678,678.0,85.77,92.76,93.61,88.48,83.91,77.97,100.0,80.5,90.74,75.72,True,in_sample
2013-12-17,683,683.0,85.03,92.45,87.27,87.81,81.43,77.87,100.0,83.33,91.05,75.66,True,in_sample
2013-12-18,527,527.0,80.0,92.29,87.47,86.26,77.12,70.21,90.18883658553905,78.18,82.9,66.86,True,in_sample
2013-12-19,686,686.0,81.77,92.0,78.87,85.16,78.08,77.47,100.0,77.59,83.19,75.22,True,in_sample
2013-12-20,601,601.0,80.05,91.81,87.62,86.67,75.03,73.42,95.12360654583044,77.33,74.56,70.59,True,in_sample
2013-12-21,598,598.0,79.99,91.63,83.52,86.4,73.81,73.02,94.81707987222634,75.71,83.56,69.16,True,in_sample
2013-12-22,616,616.0,79.28,91.44,82.74,87.48,69.37,73.61,95.87122263535281,75.8,79.09,69.93,True,in_sample
2013-12-23,658,658.0,79.08,91.21,84.25,88.66,69.63,75.26,98.35112951507298,65.31,79.0,71.97,True,in_sample
2013-12-24,651,651.0,79.29,90.98,86.3,88.17,70.74,74.68,97.82165074201849,65.41,80.05,71.34,True,in_sample
2013-12-25,679,679.0,78.56,90.73,85.79,88.18,71.03,75.59,99.36615221437025,53.8,82.31,72.29,True,in_sample
2013-12-26,750,750.0,81.18,90.41,86.47,89.4,72.62,78.16,100.0,65.32,81.87,75.41,True,in_sample
2013-12-27,723,723.0,80.54,90.14,89.25,88.43,74.28,76.81,100.0,59.42,83.19,73.84,True,in_sample
2013-12-28,716,716.0,80.43,89.87,88.04,88.5,73.72,76.26,100.0,58.71,86.42,73.29,True,in_sample
2013-12-29,728,728.0,80.04,89.6,87.74,85.94,72.37,76.43,100.0,60.18,84.99,73.56,True,in_sample
2013-12-30,736,736.0,80.01,89.34,88.16,83.51,71.62,76.48,100.0,62.92,84.51,73.7,True,in_sample
2013-12-31,730,730.0,79.95,89.1,88.47,82.78,73.64,75.96,100.0,62.2,84.81,73.18,True,in_sample
2014-01-01,753,753.0,80.42,88.84,88.2,81.66,75.73,76.56,100.0,63.5,84.89,73.96,True,in_sample
2014-01-02,814,814.0,75.61,81.94,87.62,75.21,68.38,70.58,100.0,62.95,74.59,68.99,True,in_sample
2014-01-03,568,568.0,62.62,81.2,73.07,72.46,49.85,55.62,91.36308105992484,47.75,57.01,52.48,True,in_sample
2014-01-04,480,480.0,52.38,81.2,60.26,51.53,38.21,46.77,84.63081065019536,43.54,43.38,41.79,True,in_sample
2014-01-05,461,461.0,46.53,73.16,60.01,32.87,34.73,43.0,82.9305938344111,36.93,38.81,39.02,True,in_sample
2014-01-06,631,631.0,51.48,47.57,75.35,42.5,43.35,49.54,95.1719556970523,42.71,45.56,47.78,True,in_sample
2014-01-07,643,643.0,46.94,36.15,74.18,34.89,35.78,47.26,95.80401296706054,41.06,39.99,46.36,True,in_sample
2014-01-08,597,597.0,43.07,31.19,68.93,31.6,35.18,42.38,92.7728740999133,41.47,33.41,42.53,True,in_sample
2014-01-09,475,475.0,36.22,27.3,58.29,36.16,28.57,33.54,83.66310421033376,32.43,26.29,34.05,True,in_sample
2014-01-10,383,383.0,25.79,14.91,45.94,26.56,15.67,25.64,75.07511779746399,24.66,13.84,26.57,True,in_sample
2014-01-11,325,325.0,19.08,0.0,37.33,24.25,15.69,19.47,68.49575108346194,15.58,9.57,20.83,True,in_sample
2014-01-12,380,380.0,20.43,0.0,47.19,8.86,15.97,22.95,74.54061985042507,20.62,11.08,25.18,True,in_sample
2014-01-13,823,823.0,81.84,85.53,90.27,83.52,77.24,75.56,100.0,72.69,85.79,73.43,True,in_sample
2014-01-14,816,816.0,80.15,85.31,89.49,82.66,73.3,75.02,100.0,67.04,83.58,72.85,True,in_sample
2014-01-15,842,842.0,80.13,85.07,89.12,83.04,71.71,75.64,100.0,67.6,82.23,73.61,True,in_sample
2014-01-16,816,816.0,79.75,84.86,89.8,82.65,72.27,74.51,100.0,67.89,81.48,72.38,True,in_sample
2014-01-17,793,793.0,79.32,84.66,88.86,83.09,71.01,73.43,100.0,68.73,82.1,71.23,True,in_sample
2014-01-18,810,810.0,79.25,84.47,88.01,83.32,69.75,73.78,100.0,70.11,80.64,71.71,True,in_sample
2014-01-19,839,839.0,78.99,84.25,88.58,82.53,68.82,74.52,100.0,67.7,79.27,72.59,True,in_sample
2014-01-20,829,829.0,78.94,84.05,89.48,81.37,71.6,73.93,100.0,66.36,79.58,71.99,True,in_sample
2014-01-21,824,824.0,78.61,83.82,89.09,80.7,70.99,73.5,100.0,65.72,80.34,71.58,True,in_sample
2014-01-22,819,819.0,78.44,83.61,88.87,79.68,71.78,73.09,100.0,66.75,79.53,71.16,True,in_sample
2014-01-23,811,811.0,77.75,83.42,88.61,79.16,70.26,72.56,100.0,65.24,78.91,70.64,True,in_sample
2014-01-24,782,782.0,76.91,83.24,88.29,77.77,70.77,71.25,100.0,63.85,78.32,69.22,True,in_sample
2014-01-25,805,805.0,76.83,83.06,87.13,78.1,68.72,71.85,100.0,64.56,77.59,69.97,True,in_sample
2014-01-26,815,815.0,76.72,82.88,87.93,77.97,66.92,71.97,100.0,65.81,75.94,70.18,True,in_sample
2014-01-27,743,743.0,75.48,82.73,88.25,77.89,65.28,69.11,99.33041434383966,65.12,76.57,67.03,True,in_sample
2014-01-28,791,791.0,75.52,82.57,85.46,77.16,64.14,70.66,100.0,64.67,76.6,68.83,True,in_sample
2014-01-29,794,794.0,75.12,82.41,87.3,76.51,63.64,70.55,100.0,64.22,73.12,68.76,True,in_sample
2014-01-30,800,800.0,75.35,82.25,87.35,76.6,64.3,70.54,100.0,63.64,74.89,68.82,True,in_sample
2014-01-31,804,804.0,75.39,82.09,87.52,77.1,66.09,70.45,100.0,61.89,74.68,68.79,True,in_sample
2014-02-01,785,785.0,80.76,88.57,89.07,79.54,73.42,77.47,100.0,67.53,84.27,75.09,True,in_sample
2014-02-02,815,815.0,75.73,81.79,87.86,75.88,68.88,70.4,100.0,63.31,74.41,68.86,True,in_sample
2014-02-03,559,559.0,62.02,81.2,74.38,73.41,46.12,55.03,87.32914894617294,47.93,54.77,51.87,True,in_sample
2014-02-04,440,440.0,51.84,81.2,63.1,50.42,41.26,44.15,77.75710330670073,43.15,43.01,38.86,True,in_sample
2014-02-05,453,453.0,45.87,72.16,61.41,32.62,34.13,42.41,78.79737250706683,33.37,38.77,38.42,True,in_sample
2014-02-06,664,664.0,52.31,47.13,75.43,42.3,45.5,50.94,93.80734384651684,43.56,45.77,49.38,True,in_sample
2014-02-07,652,652.0,47.08,35.78,74.38,35.43,35.11,47.54,92.97771354849881,39.61,41.99,46.7,True,in_sample
2014-02-08,590,590.0,43.25,31.2,70.05,33.02,35.03,41.96,88.91686451340945,40.92,34.46,42.14,True,in_sample
2014-02-09,475,475.0,35.71,27.15,57.77,36.09,25.62,33.48,80.23069586271929,33.4,24.58,34.02,True,in_sample
2014-02-10,373,373.0,25.23,14.36,44.82,26.36,15.7,24.78,70.55553617368099,22.95,15.29,25.69,True,in_sample
2014-02-11,325,325.0,18.52,0.0,34.19,23.89,14.01,19.42,64.99239022037699,16.71,8.76,20.82,True,in_sample
2014-02-12,383,383.0,20.59,0.0,47.28,9.34,15.79,23.21,71.37909711827473,20.6,11.28,25.48,True,in_sample
2014-02-13,613,613.0,68.37,81.2,79.49,78.58,57.12,60.15,89.88576823551936,58.45,65.03,56.75,True,in_sample
2014-02-14,669,669.0,68.41,81.2,77.01,76.1,58.48,62.49,93.23815173825342,55.36,63.87,59.46,True,in_sample
2014-02-15,655,655.0,67.97,81.2,80.31,75.58,58.82,61.7,92.29257954876856,53.19,61.46,58.64,True,in_sample
2014-02-16,624,624.0,67.71,81.2,79.49,74.99,59.76,60.14,90.26415765575311,53.74,64.2,56.95,True,in_sample
2014-02-17,632,632.0,67.17,81.2,77.61,75.25,56.78,60.35,90.66024491057071,53.54,63.22,57.26,True,in_sample
2014-02-18,628,628.0,66.3,81.2,78.13,72.78,54.72,60.01,90.30030835679858,52.62,61.33,56.91,True,in_sample
2014-02-19,624,624.0,66.05,81.2,77.88,72.68,54.83,59.69,89.93870976636954,51.39,61.55,56.61,True,in_sample
2014-02-20,564,564.0,64.49,81.2,77.7,72.35,54.87,56.65,85.82399964654456,48.52,61.11,53.24,True,in_sample
2014-02-21,581,581.0,64.29,81.2,73.57,70.52,53.16,57.34,86.89197392316784,52.26,60.69,54.09,True,in_sample
2014-02-22,608,608.0,64.08,81.2,74.81,69.47,51.62,58.5,88.58378647770758,51.26,57.06,55.46,True,in_sample
2014-02-23,611,611.0,64.12,81.2,76.68,69.12,51.75,58.49,88.67040484152943,49.08,57.86,55.52,True,in_sample
2014-02-24,543,543.0,63.12,81.2,76.87,68.36,53.28,54.97,83.88339170915266,49.61,59.21,51.61,True,in_sample
2014-02-25,534,534.0,62.18,81.2,72.08,69.63,50.61,54.38,83.11138351841059,49.28,59.16,50.96,True,in_sample
2014-02-26,588,588.0,62.85,81.2,71.72,71.07,51.02,57.01,86.8231095504877,49.0,54.94,53.97,True,in_sample
2014-02-27,586,586.0,62.71,81.2,75.83,71.08,51.52,56.77,86.57930638547658,44.53,54.23,53.77,True,in_sample
2014-02-28,552,552.0,62.73,81.2,75.71,71.82,52.94,54.91,84.09909513622242,45.79,57.33,51.69,True,in_sample
2014-03-01,808,808.0,80.89,88.29,90.12,79.74,72.77,77.98,99.11001639614824,65.66,84.94,75.73,True,in_sample
2014-03-02,807,807.0,75.08,81.66,87.87,75.84,68.49,69.91,98.95423507507834,59.3,74.48,68.4,True,in_sample
2014-03-03,677,677.0,63.51,81.2,73.72,73.5,46.04,60.4,91.87500959274647,42.79,55.58,57.9,True,in_sample
2014-03-04,450,450.0,50.79,81.2,58.26,49.41,42.36,44.75,75.55227425941784,34.74,44.64,39.54,True,in_sample
2014-03-05,439,439.0,45.28,71.23,60.42,32.35,34.2,41.46,74.45945358243613,32.63,39.49,37.43,True,in_sample
2014-03-06,673,673.0,52.84,46.74,77.4,42.9,48.17,51.22,91.31674727451879,42.47,45.7,49.75,True,in_sample
2014-03-07,647,647.0,47.78,35.44,74.8,40.55,35.71,47.22,89.64419223673947,41.07,42.07,46.39,True,in_sample
2014-03-08,587,587.0,43.2,31.12,69.48,33.43,35.04,41.73,85.6701564284127,40.66,35.2,41.95,True,in_sample
2014-03-09,474,474.0,35.48,27.0,57.81,36.26,24.33,33.39,77.06633503359708,33.24,24.21,33.97,True,in_sample
2014-03-10,358,358.0,24.08,13.84,42.84,25.24,14.24,23.53,65.8031705250693,22.48,14.65,24.37,True,in_sample
2014-03-11,326,326.0,18.14,0.0,34.2,23.66,12.45,19.49,61.970320352953124,16.29,7.34,20.93,True,in_sample
2014-03-12,376,376.0,20.18,0.0,48.07,11.61,12.33,22.62,67.53043424773543,19.34,11.26,24.88,True,in_sample
2014-03-13,644,644.0,64.62,81.2,76.34,75.06,51.91,57.51,88.8126784650879,51.55,57.35,53.07,True,in_sample
2014-03-14,629,629.0,63.68,81.2,76.86,74.66,49.22,56.69,87.7678396225511,48.43,57.22,52.19,True,in_sample
2014-03-15,637,637.0,63.43,81.2,75.91,74.06,48.08,56.91,88.16259058654632,47.65,57.5,52.53,True,in_sample
2014-03-16,635,635.0,63.35,81.2,76.4,73.35,48.37,56.68,87.92975347364028,48.51,56.49,52.34,True,in_sample
2014-03-17,623,623.0,63.12,81.2,76.25,72.53,50.16,56.02,87.06304310837173,47.56,56.72,51.66,True,in_sample
2014-03-18,615,615.0,62.48,81.2,75.49,71.01,48.37,55.5,86.4409805320659,47.88,56.41,51.1,True,in_sample
2014-03-19,611,611.0,62.08,81.2,74.88,71.05,47.14,55.19,86.0734156743482,47.86,55.59,50.79,True,in_sample
2014-03-20,587,587.0,61.51,81.2,74.61,70.31,47.39,53.91,84.37066906893872,48.41,54.95,49.36,True,in_sample
2014-03-21,570,570.0,60.89,81.2,72.9,69.49,49.03,52.95,83.09272227610982,47.32,54.58,48.23,True,in_sample
2014-03-22,565,565.0,60.28,81.2,71.43,68.01,48.72,52.57,82.63366556667918,47.83,53.07,47.86,True,in_sample
2014-03-23,559,559.0,59.41,81.2,71.01,61.76,50.09,52.16,82.10024116054713,47.64,51.93,47.46,True,in_sample
2014-03-24,586,586.0,59.66,81.2,70.54,61.27,50.35,53.36,83.87034022711497,46.79,51.5,48.9,True,in_sample
2014-03-25,584,584.0,59.57,81.2,72.59,60.76,49.74,53.18,83.62611149849147,46.12,51.02,48.75,True,in_sample
2014-03-26,580,580.0,59.11,81.2,72.45,59.55,46.85,52.83,83.24427046332372,45.81,52.45,48.43,True,in_sample
2014-03-27,484,484.0,56.29,81.2,72.09,57.79,43.85,47.49,75.92718677365413,44.0,52.24,42.33,True,in_sample
2014-03-28,499,499.0,55.16,81.2,63.22,56.25,43.17,48.3,77.03422480360076,42.55,51.83,43.31,True,in_sample
2014-03-29,490,490.0,54.15,81.2,64.98,55.06,42.31,47.67,76.19992354117325,42.12,45.47,42.65,True,in_sample
2014-03-30,459,459.0,52.79,81.2,64.02,52.83,39.44,45.71,73.48587495681008,41.64,46.44,40.46,True,in_sample
2014-03-31,456,456.0,52.24,81.2,60.57,51.68,38.76,45.39,73.11506003316757,43.68,45.7,40.15,True,in_sample
2014-04-01,829,829.0,80.87,88.0,90.71,80.13,69.58,78.42,96.83793751029401,65.05,85.97,76.25,True,in_sample
2014-04-02,801,801.0,74.77,81.53,87.55,74.14,67.08,69.44,95.3619946530156,61.76,74.19,67.95,True,in_sample
2014-04-03,675,675.0,64.48,81.2,81.18,74.71,48.08,60.16,88.43001864833172,42.26,54.86,57.68,True,in_sample
2014-04-04,450,450.0,50.81,81.2,59.65,49.32,43.0,44.68,72.14918116963756,36.29,41.54,39.53,True,in_sample
2014-04-05,437,437.0,44.3,70.33,58.72,32.07,31.95,41.23,70.8702585639409,30.44,38.75,37.23,True,in_sample
2014-04-06,644,644.0,52.51,46.4,77.83,41.95,48.65,49.85,86.23321182503683,42.83,47.31,48.28,True,in_sample
2014-04-07,631,631.0,47.84,35.06,74.4,40.61,37.79,46.4,85.312183242468,42.59,42.38,45.56,True,in_sample
2014-04-08,588,588.0,42.8,30.94,69.23,33.6,32.62,41.7,82.38781540254483,40.32,34.68,41.93,True,in_sample
2014-04-09,490,490.0,35.94,26.86,57.75,35.96,26.24,34.29,75.00187166776794,33.02,24.12,34.96,True,in_sample
2014-04-10,329,329.0,22.59,13.26,39.99,27.1,12.5,21.0,58.98872463955244,21.9,13.63,21.7,True,in_sample
2014-04-11,330,330.0,18.33,0.0,34.57,22.82,12.82,19.84,58.99875896879876,17.01,7.29,21.33,True,in_sample
2014-04-12,369,369.0,19.98,0.0,46.77,11.52,13.43,22.01,63.34887018927595,19.63,11.56,24.21,True,in_sample
2014-04-13,417,417.0,46.85,81.2,57.0,38.94,36.06,41.69,68.12318146345837,32.61,39.24,36.53,True,in_sample
2014-04-14,462,462.0,47.88,81.2,55.86,38.14,38.32,44.57,72.10754453318752,31.57,39.32,39.86,True,in_sample
2014-04-15,522,522.0,50.22,81.2,61.81,38.19,41.72,48.04,76.87726274550111,32.03,38.56,43.88,True,in_sample
2014-04-16,532,532.0,51.58,81.2,68.2,39.43,42.49,48.49,77.52732017502804,30.94,41.96,44.35,True,in_sample
2014-04-17,500,500.0,50.43,81.2,68.88,40.5,41.84,46.61,74.93976680541343,21.74,46.07,42.26,True,in_sample
2014-04-18,484,484.0,50.45,81.2,65.76,42.08,39.57,45.53,73.53121155339942,28.87,46.56,41.09,True,in_sample
2014-04-19,505,505.0,50.31,81.2,64.01,41.17,38.93,46.69,75.12066149093457,29.14,44.31,42.48,True,in_sample
2014-04-20,502,502.0,50.22,81.2,66.25,40.63,39.44,46.43,74.77404591023115,28.22,43.0,42.25,True,in_sample
2014-04-21,499,499.0,50.86,81.2,65.99,40.35,40.38,46.14,74.42595310269621,33.14,44.35,41.99,True,in_sample
2014-04-22,490,490.0,51.05,81.17,65.62,39.75,39.65,45.54,73.58956677555149,38.86,44.0,41.37,True,in_sample
2014-04-23,491,491.0,50.64,80.4,64.74,38.55,38.54,45.52,73.56264544800142,39.58,43.61,41.39,True,in_sample
2014-04-24,504,504.0,50.2,79.59,64.77,37.96,37.26,46.17,74.49975160301014,36.69,42.87,42.18,True,in_sample
2014-04-25,467,467.0,49.24,78.73,66.07,37.13,38.45,43.87,71.34037615039601,35.11,42.8,39.65,True,in_sample
2014-04-26,460,460.0,48.56,77.74,62.05,35.9,37.55,43.34,70.62723119901283,37.11,43.53,39.11,True,in_sample
2014-04-27,439,439.0,47.47,76.71,61.19,35.61,37.71,41.93,68.64806510476005,36.86,40.76,37.58,True,in_sample
2014-04-28,442,442.0,46.65,75.87,58.58,34.78,35.15,42.04,68.81169106122971,36.52,40.09,37.76,True,in_sample
2014-04-29,448,448.0,46.4,74.98,59.03,34.18,35.33,42.36,69.2426048081346,35.72,38.38,38.18,True,in_sample
2014-04-30,449,449.0,46.18,74.08,59.85,34.62,32.79,42.35,69.2230359688345,35.77,38.47,38.24,True,in_sample
2014-05-01,903,903.0,82.67,87.67,90.96,82.93,74.53,80.54,97.09863989169754,65.52,86.45,78.73,True,in_sample
2014-05-02,785,785.0,74.13,81.41,87.28,74.69,65.38,68.67,91.3843342469134,61.77,73.53,65.98,True,in_sample
2014-05-03,671,671.0,65.87,81.2,81.04,74.86,51.0,59.83,84.99225882409647,46.47,61.2,57.35,True,in_sample
2014-05-04,462,462.0,50.12,81.2,59.73,41.92,41.95,45.35,69.9315673762403,35.41,42.24,40.31,True,in_sample
2014-05-05,433,433.0,43.59,69.43,58.43,32.07,28.73,40.87,67.2249857320406,30.79,37.59,36.88,True,in_sample
2014-05-06,662,662.0,52.2,45.97,76.02,42.15,45.97,50.53,84.13203634014008,42.1,47.58,49.09,True,in_sample
2014-05-07,631,631.0,47.61,34.68,73.29,40.53,38.47,46.3,82.10306271679372,42.08,41.97,45.51,True,in_sample
2014-05-08,582,582.0,42.32,30.74,69.25,33.67,30.38,41.34,78.75541444334746,40.05,34.39,41.44,True,in_sample
2014-05-09,479,479.0,35.23,26.7,59.65,30.22,26.14,33.57,70.83804003029073,33.28,24.01,34.22,True,in_sample
2014-05-10,323,323.0,21.15,12.67,33.32,27.65,13.12,20.42,54.926082358829746,18.52,12.15,21.03,True,in_sample
2014-05-11,339,339.0,18.31,0.0,35.76,22.8,12.03,20.62,56.75484585801113,13.81,7.36,22.18,True,in_sample
2014-05-12,379,379.0,20.42,0.0,45.62,12.9,13.87,22.74,61.119201797019386,21.22,10.85,25.02,True,in_sample
2014-05-13,440,440.0,42.57,62.19,59.15,27.67,32.84,40.69,66.99768736868056,29.58,36.53,37.18,True,in_sample
2014-05-14,445,445.0,42.7,61.3,58.87,27.59,32.78,41.0,67.34249055699156,30.92,36.56,37.55,True,in_sample
2014-05-15,447,447.0,42.89,60.45,59.66,29.15,33.3,41.06,67.41391506964192,30.73,36.25,37.68,True,in_sample
2014-05-16,449,449.0,43.21,59.56,59.94,29.43,34.64,41.1,67.48461215682373,32.04,36.57,37.79,True,in_sample
2014-05-17,450,450.0,43.37,58.65,60.18,29.59,36.19,41.06,67.46546995605087,32.46,36.59,37.8,True,in_sample
2014-05-18,447,447.0,42.94,57.86,60.24,29.05,36.18,40.83,67.08845781552839,30.57,36.59,37.61,True,in_sample
2014-05-19,448,448.0,42.71,56.99,59.94,29.07,35.28,40.79,67.06975992855332,30.82,36.49,37.62,True,in_sample
2014-05-20,491,491.0,43.71,56.15,60.01,29.46,36.38,43.37,70.64258967881725,30.58,36.18,40.55,True,in_sample
2014-05-21,494,494.0,44.62,55.3,64.98,31.29,37.55,43.5,70.77945649794721,31.23,36.07,40.75,True,in_sample
2014-05-22,527,527.0,45.83,54.47,65.32,31.31,39.46,45.29,73.26977652247257,31.46,39.1,42.79,True,in_sample
2014-05-23,524,524.0,45.94,53.61,68.5,30.66,39.33,45.03,72.93300458549481,31.66,39.2,42.56,True,in_sample
2014-05-24,528,528.0,46.14,52.76,68.17,31.83,38.6,45.16,73.13125084864248,31.7,41.27,42.71,True,in_sample
2014-05-25,574,574.0,47.59,51.96,68.51,37.89,38.72,47.48,76.38160657414602,31.45,40.9,45.32,True,in_sample
2014-05-26,585,585.0,48.36,51.18,72.26,39.3,39.36,47.96,77.03793924914625,31.51,41.0,45.9,True,in_sample
2014-05-27,574,574.0,48.9,50.43,73.1,39.88,38.85,47.32,76.16804349192684,35.8,43.7,45.07,True,in_sample
2014-05-28,580,580.0,49.05,49.72,71.86,41.19,39.39,47.49,76.47946383056158,36.11,44.21,45.31,True,in_sample
2014-05-29,571,571.0,48.89,49.1,72.22,41.2,37.84,46.94,75.74381100677688,39.03,43.38,44.77,True,in_sample
2014-05-30,621,621.0,49.95,48.59,71.49,41.06,40.78,49.32,79.01367474281,38.72,43.51,47.45,True,in_sample
2014-05-31,628,628.0,50.36,48.08,74.95,42.11,40.07,49.54,79.35841810302142,39.05,42.81,47.74,True,in_sample
2014-06-01,915,915.0,83.44,87.35,92.87,84.54,76.98,80.59,94.39698426034373,65.82,86.85,78.85,True,in_sample
2014-06-02,764,764.0,74.11,81.32,85.7,80.57,64.62,67.69,87.03498844516781,61.93,72.9,64.89,True,in_sample
2014-06-03,668,668.0,65.9,81.2,80.75,75.32,52.36,59.56,81.52541915310533,46.29,60.88,57.11,True,in_sample
2014-06-04,459,459.0,49.73,81.2,61.41,43.83,38.91,45.07,66.3144479929691,32.37,42.16,40.02,True,in_sample
2014-06-05,431,431.0,43.7,68.49,57.87,31.83,31.77,40.64,63.672424355097476,31.47,37.27,36.68,True,in_sample
2014-06-06,651,651.0,51.97,45.56,77.05,42.64,42.88,49.91,80.1703807677616,45.74,45.89,48.47,True,in_sample
2014-06-07,635,635.0,47.56,34.34,73.25,40.63,38.41,46.41,79.06242030199276,42.5,40.97,45.68,True,in_sample
2014-06-08,583,583.0,42.41,30.6,68.48,36.75,30.92,41.28,75.51516631484004,38.32,34.32,41.42,True,in_sample
2014-06-09,481,481.0,35.11,26.56,58.33,29.34,26.86,33.63,67.66118262443133,32.55,25.06,34.29,True,in_sample
2014-06-10,327,327.0,20.87,12.06,31.8,29.4,13.17,20.74,52.00514367575565,18.3,9.15,21.38,True,in_sample
2014-06-11,350,350.0,19.08,0.0,38.01,22.54,11.8,21.53,54.63445502751012,15.6,7.78,23.11,True,in_sample
2014-06-12,376,376.0,20.13,0.0,47.45,8.47,15.79,22.44,57.41303118359981,20.98,10.13,24.74,True,in_sample
2014-06-13,598,598.0,50.15,43.15,71.31,47.52,40.68,46.72,76.00740720690155,47.28,44.02,44.87,True,in_sample
2014-06-14,576,576.0,49.59,42.74,71.66,47.38,41.71,45.56,74.39015915300719,47.69,41.64,43.65,True,in_sample
2014-06-15,590,590.0,49.72,42.47,69.96,47.23,42.64,46.17,75.25211868426446,47.7,41.81,44.4,True,in_sample
2014-06-16,591,591.0,49.7,42.21,71.09,47.13,43.95,46.12,75.21424206430206,46.97,40.41,44.4,True,in_sample
2014-06-17,610,610.0,50.13,41.88,71.12,46.8,44.8,46.93,76.38434042517198,47.08,41.12,45.35,True,in_sample
2014-06-18,608,608.0,49.67,41.54,72.51,45.25,43.05,46.77,76.1459388018709,45.67,41.05,45.23,True,in_sample
2014-06-19,596,596.0,48.8,41.26,72.37,43.66,41.78,46.1,75.23578273200995,42.36,41.99,44.55,True,in_sample
2014-06-20,592,592.0,47.86,40.94,71.47,37.53,41.49,45.8,74.85804167260576,42.71,41.77,44.28,True,in_sample
2014-06-21,593,593.0,47.0,40.63,71.12,31.62,42.87,45.77,74.8201132812256,41.01,40.95,44.31,True,in_sample
2014-06-22,600,600.0,47.23,40.11,71.2,31.71,43.64,46.02,75.18776353989236,42.11,40.58,44.64,True,in_sample
2014-06-23,590,590.0,46.89,39.59,71.7,31.35,42.92,45.43,74.40337788026333,42.14,40.53,44.04,True,in_sample
2014-06-24,580,580.0,46.83,39.07,70.89,32.62,42.7,44.87,73.60721489383137,43.52,40.8,43.44,True,in_sample
2014-06-25,563,563.0,46.39,38.54,70.08,34.52,42.32,43.87,72.29990399558119,43.38,40.08,42.41,True,in_sample
2014-06-26,581,581.0,46.23,38.1,68.59,34.23,41.76,44.73,73.4646582482959,42.45,39.39,43.4,True,in_sample
2014-06-27,601,601.0,46.69,37.71,70.09,34.9,42.53,45.63,74.72565773690734,42.1,38.19,44.45,True,in_sample
2014-06-28,595,595.0,46.83,37.27,71.62,35.03,42.74,45.23,74.2145290248909,42.17,39.19,44.08,True,in_sample
2014-06-29,601,601.0,46.92,36.87,71.12,35.03,42.09,45.46,74.51408108598349,42.67,40.24,44.31,True,in_sample
2014-06-30,639,639.0,47.04,36.51,71.52,35.3,38.38,47.17,76.88580195733059,41.86,39.75,46.22,True,in_sample
2014-07-01,804,804.0,82.3,87.1,93.03,84.27,78.66,76.59,86.06360156966787,65.26,89.22,74.32,True,in_sample
2014-07-02,712,712.0,72.74,81.27,84.79,80.07,62.08,65.47,81.04757483789714,61.98,71.9,62.42,True,in_sample
2014-07-03,632,632.0,64.74,81.2,80.53,75.03,52.66,57.82,76.1244435600078,43.57,60.46,53.9,True,in_sample
2014-07-04,449,449.0,49.11,81.2,61.03,43.33,36.11,44.34,62.196395084061194,32.07,42.95,39.25,True,in_sample
2014-07-05,443,443.0,43.74,67.59,57.61,30.52,32.39,41.37,61.544996561812184,31.59,36.8,37.56,True,in_sample
2014-07-06,657,657.0,51.85,45.21,76.33,42.15,41.35,50.11,77.3774290981608,46.17,46.64,48.74,True,in_sample
2014-07-07,623,623.0,47.42,33.99,73.52,40.29,37.11,45.77,75.12290204324142,45.23,40.82,45.04,True,in_sample
2014-07-08,587,587.0,42.87,30.49,68.49,37.23,33.22,41.39,72.60948653414047,39.85,33.86,41.59,True,in_sample
2014-07-09,479,479.0,34.49,26.41,58.54,28.04,26.35,33.43,64.2767852096957,30.28,24.2,34.12,True,in_sample
2014-07-10,334,334.0,21.51,11.45,33.52,32.0,11.8,21.32,49.578648428944184,20.58,8.46,22.01,True,in_sample
2014-07-11,343,343.0,19.02,0.0,40.42,22.47,11.36,20.84,50.54585397275676,14.53,8.7,22.42,True,in_sample
2014-07-12,377,377.0,20.05,0.0,46.83,8.21,14.52,22.52,54.26302132902768,21.33,10.98,24.85,True,in_sample
2014-07-13,630,630.0,46.27,32.41,73.47,31.41,38.87,45.56,74.94335531311752,44.58,40.16,45.13,True,in_sample
2014-07-14,620,620.0,45.66,32.13,72.96,31.39,36.98,44.97,74.1902928055124,43.69,40.14,44.55,True,in_sample
2014-07-15,622,622.0,45.4,31.87,72.17,30.52,36.78,45.01,74.21547014146968,43.81,39.6,44.65,True,in_sample
2014-07-16,617,617.0,45.03,31.78,72.35,30.65,35.34,44.66,73.7833515525124,43.53,38.86,44.33,True,in_sample
2014-07-17,625,625.0,45.29,31.68,71.92,30.34,37.94,44.94,74.19998517368424,43.09,38.87,44.69,True,in_sample
2014-07-18,631,631.0,45.67,31.59,72.47,30.79,38.85,45.16,74.48193946795494,44.37,38.41,44.97,True,in_sample
2014-07-19,630,630.0,46.01,31.57,72.9,31.1,41.19,45.0,74.3126089632503,44.51,38.71,44.84,True,in_sample
2014-07-20,626,626.0,45.74,31.55,72.78,31.23,40.0,44.73,73.94942273248112,43.97,38.93,44.6,True,in_sample
2014-07-21,622,622.0,45.42,31.48,72.48,31.98,38.63,44.46,73.584527836613,43.16,38.7,44.34,True,in_sample
2014-07-22,620,620.0,45.11,31.48,72.13,32.81,36.03,44.3,73.34888463605974,43.33,38.34,44.22,True,in_sample
2014-07-23,620,620.0,44.92,31.46,72.01,33.04,35.21,44.21,73.2438043132102,42.89,37.98,44.15,True,in_sample
2014-07-24,603,603.0,44.48,31.42,71.95,33.08,33.95,43.32,72.01134091902604,43.44,37.76,43.22,True,in_sample
2014-07-25,602,602.0,44.48,31.36,70.65,33.48,35.03,43.17,71.83882565971533,43.87,37.63,43.11,True,in_sample
2014-07-26,595,595.0,44.0,31.29,70.53,33.36,33.6,42.76,71.25921481821497,43.74,36.54,42.71,True,in_sample
2014-07-27,592,592.0,43.74,31.24,69.98,32.42,34.04,42.52,70.94891351921967,43.42,36.33,42.51,True,in_sample
2014-07-28,588,588.0,43.39,31.18,69.72,32.65,32.83,42.24,70.56858682694312,43.08,35.81,42.24,True,in_sample
2014-07-29,585,585.0,43.28,31.13,69.38,32.35,33.7,41.99,70.2557509086741,42.94,35.5,42.02,True,in_sample
2014-07-30,563,563.0,42.8,31.2,69.11,31.88,34.36,40.83,68.59472530349642,42.89,35.14,40.8,True,in_sample
2014-07-31,582,582.0,42.79,31.19,67.3,32.02,34.47,41.73,69.83652666994512,41.6,34.82,41.82,True,in_sample
2014-08-01,821,821.0,81.99,86.84,89.64,84.06,77.3,76.92,83.69903437845376,66.37,89.1,74.72,True,in_sample
2014-08-02,678,678.0,71.83,81.23,82.48,81.23,61.17,63.89,75.82525999997966,62.3,70.67,60.69,True,in_sample
2014-08-03,622,622.0,64.59,81.2,77.19,78.2,52.49,57.21,72.22010624797784,44.86,60.11,53.26,True,in_sample
2014-08-04,453,453.0,48.78,81.2,59.81,41.56,33.27,44.52,59.23828144814378,34.51,42.61,39.53,True,in_sample
2014-08-05,441,441.0,44.3,66.74,59.26,31.29,35.6,41.17,58.04106802562738,32.78,36.49,37.4,True,in_sample
2014-08-06,658,658.0,51.61,44.85,76.71,42.15,40.02,50.05,74.19162295477665,46.26,45.87,48.74,True,in_sample
2014-08-07,625,625.0,47.31,33.66,72.66,40.37,36.79,45.77,71.99650992772034,45.45,40.9,45.11,True,in_sample
2014-08-08,590,590.0,43.22,30.35,68.79,37.1,34.97,41.47,69.54983654607211,40.95,33.77,41.72,True,in_sample
2014-08-09,469,469.0,34.17,26.17,58.29,28.42,26.01,32.79,60.116071675181246,29.86,24.26,33.48,True,in_sample
2014-08-10,355,355.0,22.15,10.91,35.33,31.81,11.05,23.08,48.68917845115558,19.77,8.86,23.9,True,in_sample
2014-08-11,346,346.0,18.68,0.0,38.73,19.92,12.69,21.11,47.53721881658626,12.46,9.77,22.73,True,in_sample
2014-08-12,364,364.0,19.63,0.0,47.12,8.18,14.65,21.4,49.49133466329606,21.39,10.62,23.59,True,in_sample
2014-08-13,549,549.0,41.1,29.65,67.18,31.51,34.42,38.99,66.09590663571575,39.54,32.68,39.29,True,in_sample
2014-08-14,506,506.0,39.69,29.49,65.35,30.86,32.87,36.5,62.673140845610256,39.82,32.26,36.66,True,in_sample
2014-08-15,501,501.0,38.8,29.33,60.97,31.59,30.86,36.16,62.16338347526889,40.04,30.91,36.33,True,in_sample
2014-08-16,522,522.0,38.89,29.25,60.46,31.73,31.18,37.33,63.728174932525086,40.01,27.94,37.63,True,in_sample
2014-08-17,498,498.0,38.43,29.13,62.8,31.5,30.35,35.88,61.70736879549798,40.02,27.52,36.12,True,in_sample
2014-08-18,469,469.0,37.55,28.96,60.14,31.2,31.55,34.06,59.15982529614333,38.72,28.9,34.19,True,in_sample
2014-08-19,487,487.0,37.53,28.82,56.75,32.2,32.49,35.1,60.58661849531547,38.28,27.16,35.35,True,in_sample
2014-08-20,516,516.0,37.9,28.68,59.0,31.66,32.73,36.71,62.83543335329021,36.59,24.99,37.12,True,in_sample
2014-08-21,520,520.0,37.8,28.56,62.21,30.72,31.8,36.88,63.04429253271506,32.68,26.22,37.32,True,in_sample
2014-08-22,517,517.0,37.87,28.46,62.68,31.57,30.55,36.64,62.70320854639656,32.23,28.11,37.09,True,in_sample
2014-08-23,498,498.0,37.46,28.35,62.33,30.98,29.66,35.47,61.07280381139544,34.26,28.3,35.85,True,in_sample
2014-08-24,509,509.0,37.2,28.25,60.24,32.97,28.05,36.07,61.85703533493676,31.96,28.0,36.54,True,in_sample
2014-08-25,502,502.0,36.44,28.15,61.52,32.58,26.23,35.61,61.18735850212329,29.11,26.6,36.07,True,in_sample
2014-08-26,512,512.0,36.87,28.05,60.76,31.94,27.2,36.14,61.8854166181477,30.97,27.3,36.68,True,in_sample
2014-08-27,511,511.0,37.37,27.95,61.88,32.21,28.75,35.98,61.70028725578752,33.71,26.74,36.56,True,in_sample
2014-08-28,507,507.0,37.63,27.82,61.7,32.25,31.31,35.69,61.27455261163326,34.11,27.37,36.24,True,in_sample
2014-08-29,509,509.0,37.97,27.69,61.52,36.14,31.0,35.78,61.3295542029738,33.81,27.16,36.34,True,in_sample
2014-08-30,502,502.0,37.73,27.58,61.83,37.06,31.55,35.28,60.659578524869595,32.0,26.81,35.85,True,in_sample
2014-08-31,479,479.0,37.15,27.44,60.99,36.2,31.78,33.84,58.64184147547361,33.09,26.9,34.35,True,in_sample
2014-09-01,832,832.0,81.91,86.57,89.97,86.27,77.07,77.0,81.05150228926972,67.88,84.22,74.9,True,in_sample
2014-09-02,688,688.0,70.98,81.21,80.79,81.25,56.98,64.12,73.19809254938944,62.22,67.98,61.02,True,in_sample
2014-09-03,641,641.0,64.28,81.2,76.49,77.21,52.26,57.94,70.20817471212827,44.15,58.02,53.43,True,in_sample
2014-09-04,443,443.0,47.96,81.2,60.37,40.87,33.54,43.79,55.03152038597825,30.36,41.75,38.71,True,in_sample
2014-09-05,453,453.0,44.37,65.87,59.03,31.45,34.67,41.9,55.83620841206221,31.94,37.32,38.27,True,in_sample
2014-09-06,649,649.0,51.73,44.49,76.72,41.82,41.13,49.52,70.4024351390192,48.45,46.05,48.19,True,in_sample
2014-09-07,622,622.0,47.1,33.37,72.79,38.37,38.16,45.54,68.56429053498807,45.93,40.1,44.89,True,in_sample
2014-09-08,589,589.0,43.26,30.22,69.02,36.86,36.14,41.39,66.2349653061878,40.4,33.89,41.68,True,in_sample
2014-09-09,474,474.0,33.72,25.94,57.12,27.68,23.6,33.02,57.262494488053306,29.88,24.02,33.72,True,in_sample
2014-09-10,362,362.0,22.84,10.38,40.17,32.35,11.21,23.64,46.1502254637617,18.36,9.54,24.53,True,in_sample
2014-09-11,364,364.0,19.18,0.0,39.55,19.39,12.83,22.58,46.2680599586358,12.47,8.95,24.31,True,in_sample
2014-09-12,352,352.0,19.32,0.0,45.07,10.63,14.42,20.35,44.79177854410058,21.95,10.71,22.42,True,in_sample
2014-09-13,478,478.0,34.33,24.71,57.88,29.12,27.65,33.07,57.183419275989614,30.49,23.64,33.93,True,in_sample
2014-09-14,476,476.0,34.03,24.32,58.38,28.4,26.78,32.87,56.906635233624435,30.28,23.32,33.77,True,in_sample
2014-09-15,473,473.0,33.75,23.95,58.08,27.92,26.98,32.63,56.54280725720797,29.31,23.54,33.54,True,in_sample
2014-09-16,465,465.0,33.38,23.56,57.72,27.95,26.0,32.04,55.740205473889006,29.81,23.29,32.95,True,in_sample
2014-09-17,457,465.864013671875,32.99,23.16,56.64,26.39,27.27,31.48,54.92532687075409,30.27,23.0,32.39,False,in_sample
2014-09-18,427,456.8599853515625,31.93,22.64,55.6,25.8,27.46,29.45,52.04407684966108,30.22,22.29,30.26,False,in_sample
2014-09-19,394,424.1029968261719,30.31,22.08,51.42,26.88,25.64,27.03,48.64963326185358,29.91,21.62,27.7,False,in_sample
2014-09-20,412,394.6730041503906,29.78,21.52,46.05,27.75,23.86,28.24,50.36978726165611,30.32,19.21,28.97,False,in_sample
2014-09-21,401,408.0849914550781,29.38,20.9,49.2,29.26,22.18,27.42,49.15687795944205,30.07,16.32,28.13,False,in_sample
2014-09-22,401,399.1000061035156,29.23,20.26,47.41,29.26,22.14,27.41,49.050539714472514,29.77,17.77,28.16,False,in_sample
2014-09-23,439,402.0920104980469,29.75,19.71,47.54,28.56,21.08,30.01,52.647857258928575,28.89,16.79,30.97,False,in_sample
2014-09-24,424,435.7510070800781,30.0,19.12,53.58,29.69,21.11,28.95,51.11971439848959,28.05,16.77,29.88,False,in_sample
2014-09-25,410,423.156005859375,29.31,18.53,51.36,29.6,21.56,27.89,49.63986832873224,24.75,19.87,28.8,False,in_sample
2014-09-26,406,411.4289855957031,27.92,17.91,49.1,28.59,19.45,27.54,49.13251995514077,20.71,18.6,28.45,False,in_sample
2014-09-27,401,403.5559997558594,27.41,17.29,48.48,27.77,17.16,27.15,48.51916243943784,23.03,17.34,28.07,False,in_sample
2014-09-28,376,399.47100830078125,25.64,16.66,47.7,25.53,13.17,25.19,45.777807929967004,21.7,16.92,26.02,False,in_sample
2014-09-29,374,376.9280090332031,24.82,16.02,43.05,25.4,12.48,24.95,45.45288635842987,21.79,16.45,25.78,False,in_sample
2014-09-30,390,376.0880126953125,25.67,15.43,42.75,26.48,13.58,26.17,47.06164317037579,26.38,14.12,27.1,False,in_sample
2014-10-01,854,387.427001953125,82.33,86.31,90.24,86.18,77.91,77.45,79.05393216394991,68.75,84.5,75.49,False,in_sample
2014-10-02,686,383.9880065917969,70.61,81.2,81.29,81.15,56.48,63.86,69.9799350340035,61.68,66.06,60.78,False,in_sample
2014-10-03,629,375.1809997558594,64.88,81.2,76.94,78.39,50.92,57.23,66.32337635729961,52.36,57.26,52.59,False,in_sample
2014-10-04,367,359.8919982910156,45.7,81.2,59.08,41.25,31.65,38.27,44.146121784169345,31.51,41.95,32.44,False,in_sample
2014-10-05,457,328.9159851074219,44.17,64.95,60.6,28.54,36.2,42.08,53.026574126505736,30.51,37.05,38.54,False,in_sample
2014-10-06,651,320.3890075683594,51.74,44.13,76.04,41.82,41.74,49.53,67.42189859412487,48.95,45.93,48.21,False,in_sample
2014-10-07,617,330.5840148925781,46.24,33.11,72.5,32.97,37.9,45.2,65.12005059877205,45.52,40.07,44.56,False,in_sample
2014-10-08,590,336.1159973144531,43.16,30.09,68.99,35.38,37.21,41.33,63.1822070186429,40.15,33.95,41.67,False,in_sample
2014-10-09,478,352.74798583984375,33.82,25.65,57.75,28.26,23.68,33.23,54.44754472668618,29.83,23.25,33.98,False,in_sample
2014-10-10,359,364.68701171875,23.24,9.83,41.84,33.38,13.56,23.37,42.60321743176756,16.36,11.63,24.25,False,in_sample
2014-10-11,366,361.36199951171875,19.8,0.0,43.46,19.65,13.32,22.7,43.28860057685649,12.71,9.27,24.46,False,in_sample
2014-10-12,348,362.6059875488281,18.3,0.0,42.55,6.66,15.05,20.03,41.11362817134677,21.02,9.37,22.11,False,in_sample
2014-10-13,392,377.9209899902344,23.89,8.29,45.25,31.17,15.14,25.86,45.891053967566975,12.01,12.23,26.99,False,in_sample
2014-10-14,401,391.6919860839844,24.66,7.86,47.74,31.15,15.28,26.49,46.71637364478402,13.2,13.71,27.69,False,in_sample
2014-10-15,395,400.9549865722656,25.18,7.39,49.27,31.41,15.95,25.97,45.99189383565203,16.46,14.95,27.15,False,in_sample
2014-10-16,383,394.51800537109375,24.88,6.86,48.33,32.31,15.16,24.99,44.619847998910146,17.61,15.69,26.14,False,in_sample
2014-10-17,383,382.7560119628906,24.36,6.35,46.09,31.37,15.41,24.94,44.51376404933928,17.25,15.08,26.12,False,in_sample
2014-10-18,392,383.97601318359375,24.55,5.83,46.15,31.27,16.19,25.59,45.36120166625869,17.7,13.91,26.86,False,in_sample
2014-10-19,389,391.2539978027344,24.69,5.23,47.8,31.05,15.18,25.35,44.93986947763668,20.0,13.85,26.64,False,in_sample
2014-10-20,382,389.2309875488281,24.51,4.63,47.33,30.39,14.75,24.73,44.08828119176583,21.81,14.63,26.02,False,in_sample
2014-10-21,386,382.4209899902344,23.99,4.02,45.96,26.87,13.81,25.0,44.41007044198188,22.94,14.34,26.35,False,in_sample
2014-10-22,381,386.1180114746094,23.67,3.42,46.72,24.88,15.51,24.62,43.768602244937405,22.23,13.6,25.97,False,in_sample
2014-10-23,358,382.9620056152344,22.62,2.82,45.93,24.24,15.85,22.69,41.1046761248755,20.61,13.92,23.95,False,in_sample
2014-10-24,358,358.59100341796875,21.92,2.25,41.28,24.16,15.45,22.66,40.99834711597523,20.64,13.46,23.94,False,in_sample
2014-10-25,346,358.6109924316406,21.24,1.65,41.42,24.37,14.12,21.63,39.49103753501274,21.84,11.17,22.89,False,in_sample
2014-10-26,354,347.48699951171875,20.82,1.08,38.89,24.31,11.92,22.21,40.32397284719642,21.5,11.14,23.55,False,in_sample
2014-10-27,351,354.7770080566406,20.52,0.51,40.55,23.99,11.68,21.92,39.86782105712863,20.51,9.92,23.27,False,in_sample
2014-10-28,355,353.2149963378906,20.51,0.0,39.94,23.6,10.68,22.27,40.2272939546689,21.06,10.61,23.68,False,in_sample
2014-10-29,334,357.0889892578125,20.02,0.0,40.99,23.61,12.39,20.41,37.61395176021922,20.49,10.26,21.74,False,in_sample
2014-10-30,345,335.7090148925781,19.43,0.0,36.24,22.18,12.93,21.34,38.839803550395104,17.22,10.68,22.76,False,in_sample
2014-10-31,338,345.0090026855469,19.48,0.0,38.92,21.62,15.73,20.66,37.89037044950064,17.31,8.47,22.06,False,in_sample
2014-11-01,890,338.6499938964844,82.8,86.02,90.87,84.75,79.25,78.34,77.60724993049239,69.37,84.47,76.5,False,in_sample
2014-11-02,672,326.07501220703125,70.27,81.2,81.17,82.16,55.12,63.11,65.94804722247257,61.19,66.3,59.99,False,in_sample
2014-11-03,634,325.5690002441406,64.81,81.2,76.07,77.39,50.99,57.35,63.45058760703479,52.17,58.08,52.78,False,in_sample
2014-11-04,422,327.1610107421875,46.04,81.2,47.38,41.51,33.31,42.24,46.59806669868076,31.56,41.08,37.01,False,in_sample
2014-11-05,440,330.6830139160156,43.57,64.02,61.1,28.17,35.11,40.85,48.211968272773674,30.26,37.86,37.23,False,in_sample
2014-11-06,632,339.4580078125,51.2,43.87,76.13,42.92,41.97,48.54,63.012155728157815,46.97,45.25,47.1,False,in_sample
2014-11-07,635,349.8179931640625,46.21,32.89,72.07,31.74,38.39,45.95,63.10433394223216,44.36,39.76,45.44,False,in_sample
2014-11-08,574,342.15399169921875,42.95,29.96,69.0,35.42,38.36,40.45,58.84335010385271,40.17,33.84,40.78,False,in_sample
2014-11-09,478,345.3760070800781,34.31,25.37,58.31,28.94,25.62,33.14,51.203644265567824,31.41,23.51,33.92,False,in_sample
2014-11-10,362,362.2650146484375,22.71,9.27,41.31,32.6,13.76,23.58,39.651505005098564,11.86,12.31,24.52,False,in_sample
2014-11-11,368,365.85699462890625,20.11,0.0,43.85,20.18,12.15,22.85,40.22271881807097,13.49,11.0,24.65,False,in_sample
2014-11-12,349,367.9849853515625,18.29,0.0,42.04,10.48,13.65,20.06,37.93311345985727,20.18,8.11,22.17,False,in_sample
2014-11-13,422,427.27301025390625,23.42,0.0,53.8,20.48,15.0,26.85,45.6525722262208,16.61,11.3,28.92,False,in_sample
2014-11-14,399,418.4169921875,23.97,0.0,53.47,25.03,17.82,25.09,43.23820856653811,15.47,16.15,27.09,False,in_sample
2014-11-15,378,399.6499938964844,22.67,0.0,49.68,23.81,16.08,23.48,40.90468577826301,16.02,16.03,25.43,False,in_sample
2014-11-16,391,374.7300109863281,22.53,0.0,46.01,23.1,15.62,24.39,42.19288089705223,18.71,13.94,26.43,False,in_sample
2014-11-17,388,388.3489990234375,22.33,0.0,48.26,22.5,14.61,24.14,41.77003001357544,18.98,12.02,26.2,False,in_sample
2014-11-18,374,387.7850036621094,21.99,0.0,47.82,21.24,15.56,23.03,40.149486077594595,19.33,13.09,25.06,False,in_sample
2014-11-19,378,373.89599609375,22.24,0.0,45.3,19.53,14.57,23.29,40.482623330784186,26.3,12.78,25.36,False,in_sample
2014-11-20,357,380.3070068359375,21.28,0.0,46.08,18.94,13.22,21.51,38.019853408704776,26.08,11.46,23.5,False,in_sample
2014-11-21,351,357.8789978027344,19.39,0.0,41.86,13.12,10.47,21.01,37.21495628586562,23.22,11.76,23.01,False,in_sample
2014-11-22,353,351.60400390625,18.22,0.0,40.74,7.91,10.74,21.12,37.343499582106254,20.54,9.63,23.17,False,in_sample
2014-11-23,368,353.17498779296875,18.77,0.0,41.14,6.63,11.48,22.35,38.95468335568962,22.17,9.04,24.51,False,in_sample
2014-11-24,377,366.947998046875,19.39,0.0,44.34,4.39,13.95,23.06,39.84618960214035,21.85,9.16,25.29,False,in_sample
2014-11-25,377,376.885986328125,19.33,0.0,46.13,3.43,13.07,23.0,39.740810150636044,20.03,10.62,25.26,False,in_sample
2014-11-26,368,376.0190124511719,19.1,0.0,46.11,3.0,12.76,22.22,38.63812937143936,20.59,11.44,24.46,False,in_sample
2014-11-27,370,370.50201416015625,18.48,0.0,44.34,2.38,12.18,22.34,38.75640153193836,17.61,11.36,24.63,False,in_sample
2014-11-28,378,369.3739929199219,18.53,0.0,44.74,0.93,13.57,22.97,39.53416334568271,16.84,10.43,25.11,False,in_sample
2014-11-29,377,376.1520080566406,19.9,0.0,47.04,9.29,15.44,22.79,39.319493423865985,17.1,10.57,24.95,False,in_sample
2014-11-30,379,375.510009765625,20.44,0.0,46.71,9.15,17.21,22.96,39.43272785639934,19.34,11.31,25.16,False,in_sample
2014-12-01,846,378.2489929199219,82.45,85.77,91.73,83.38,79.05,76.59,72.4944506626301,72.52,84.87,74.55,False,in_sample
2014-12-02,654,379.25,69.8,81.2,80.47,81.61,57.09,62.16,61.76004915308451,59.73,65.95,58.95,False,in_sample
2014-12-03,635,381.72198486328125,64.47,81.2,76.38,75.56,50.92,57.25,60.43988789431164,51.81,57.22,52.71,False,in_sample
2014-12-04,425,375.7179870605469,46.56,81.2,56.66,42.3,32.8,42.32,43.745473101589596,32.94,34.52,37.18,False,in_sample
2014-12-05,442,369.4419860839844,43.11,63.11,58.84,27.94,34.39,40.92,45.26187680929208,29.8,38.03,37.37,False,in_sample
2014-12-06,592,376.7569885253906,50.45,43.54,74.81,43.67,41.95,46.56,57.235081076778506,48.09,45.23,44.65,False,in_sample
2014-12-07,637,374.83599853515625,46.23,32.67,73.33,31.6,37.97,45.97,60.161144869882236,44.32,39.31,45.52,False,in_sample
2014-12-08,569,374.9649963378906,42.41,29.83,67.64,34.84,37.41,40.11,55.39165194391597,39.53,33.75,40.46,False,in_sample
2014-12-09,474,361.8949890136719,34.14,25.08,58.25,28.93,26.16,32.88,47.73529173635987,30.31,23.75,33.68,False,in_sample
2014-12-10,378,352.2049865722656,23.07,8.76,41.96,32.42,14.21,24.82,38.27207800462185,10.86,11.98,25.86,False,in_sample
2014-12-11,423,344.3399963378906,21.94,0.0,44.34,19.45,13.58,26.94,42.81933560026046,14.98,11.13,29.01,False,in_sample
2014-12-12,354,350.8330078125,18.42,0.0,42.24,9.29,13.75,20.42,35.3484074638435,21.49,7.74,22.58,False,in_sample
2014-12-13,350,352.3810119628906,18.33,0.0,43.25,8.79,14.12,20.05,34.77287187007201,21.05,7.76,22.22,False,in_sample
2014-12-14,357,346.72698974609375,18.4,0.0,42.42,7.99,13.93,20.59,35.48686126172482,21.26,8.18,22.84,False,in_sample
2014-12-15,348,351.3609924316406,17.94,0.0,43.88,7.07,13.85,19.79,34.32488089816484,19.76,7.73,22.02,False,in_sample
2014-12-16,329,345.6730041503906,16.46,0.0,42.01,3.11,13.06,18.12,31.895607667431957,18.02,8.37,20.29,False,in_sample
2014-12-17,321,326.8550109863281,15.03,0.0,37.78,0.68,10.94,17.32,30.770855677007024,17.66,7.41,19.47,False,in_sample
2014-12-18,314,319.7850036621094,14.1,0.0,35.77,0.45,8.94,16.64,29.752182817217616,17.8,5.42,18.79,False,in_sample
2014-12-19,319,311.1789855957031,13.97,0.0,34.09,0.56,8.21,17.06,30.300400379491023,18.49,4.46,19.25,False,in_sample
2014-12-20,331,317.6189880371094,14.4,0.0,35.42,0.0,9.12,18.12,31.723846354882333,17.92,3.65,20.41,False,in_sample
2014-12-21,321,329.5429992675781,14.64,0.0,38.43,0.0,9.71,17.25,30.34762143659,18.92,4.14,19.51,False,in_sample
2014-12-22,332,321.0679931640625,15.04,0.0,36.38,0.0,12.2,18.22,31.637620657497482,17.64,5.39,20.56,False,in_sample
2014-12-23,337,332.0169982910156,15.2,0.0,39.09,0.0,13.7,18.56,32.15137440245163,14.81,4.36,20.95,False,in_sample
2014-12-24,324,334.385009765625,15.06,0.0,40.08,0.4,15.45,17.34,30.415860019951328,13.5,5.49,19.6,False,in_sample
2014-12-25,319,322.2860107421875,14.58,0.0,37.36,1.59,14.67,16.93,29.665693551186195,12.41,5.9,19.21,False,in_sample
2014-12-26,330,319.1520080566406,14.63,0.0,36.36,0.61,14.66,17.85,30.965114347351896,13.27,4.45,20.21,False,in_sample
2014-12-27,316,327.5830078125,14.51,0.0,38.92,0.0,14.43,16.58,29.062596649892242,15.23,3.95,18.91,False,in_sample
2014-12-28,318,316.1600036621094,14.22,0.0,35.62,0.0,15.18,16.65,29.218439037690874,13.89,5.03,19.02,False,in_sample
2014-12-29,314,317.70098876953125,14.17,0.0,35.91,0.0,15.53,16.24,28.58788996870063,15.67,3.53,18.62,False,in_sample
2014-12-30,311,312.718994140625,14.04,0.0,34.98,0.0,15.63,15.96,28.08404611015094,16.33,3.6,18.23,False,in_sample
2014-12-31,321,310.91400146484375,13.99,0.0,34.66,0.0,14.67,16.9,29.290927855052118,14.53,3.11,19.24,False,in_sample
2015-01-01,315,320.43499755859375,13.99,0.0,37.44,0.0,14.9,16.31,28.402670109468826,13.88,2.77,18.66,False,in_sample
2015-01-02,228,314.0790100097656,3.44,0.0,4.3,0.0,6.46,5.76,14.887165336526435,0.0,0.0,8.04,False,in_sample
2015-01-03,261,314.84600830078125,7.85,0.0,22.38,0.0,11.96,9.33,20.388519608164653,5.58,0.0,12.36,False,in_sample
2015-01-04,248,281.14599609375,6.28,0.0,19.12,0.0,12.3,7.09,18.161596749879312,3.64,0.0,10.36,False,in_sample
2015-01-05,233,265.0840148925781,4.92,0.0,17.39,0.0,10.91,4.98,15.465167877296103,2.7,0.0,8.32,False,in_sample
2015-01-06,224,274.6109924316406,5.37,7.64,15.44,0.0,13.27,3.37,13.72269572431319,1.53,0.0,7.05,False,in_sample
2015-01-07,259,286.0769958496094,10.37,13.88,29.36,0.0,21.49,7.45,19.64256669831988,9.47,0.0,11.7,False,in_sample
2015-01-08,282,294.135009765625,13.98,23.38,35.75,0.0,29.32,9.6,23.06853825440728,13.4,0.0,14.38,False,in_sample
2015-01-09,228,282.38299560546875,10.0,31.17,18.82,0.0,26.94,2.65,14.135301412475842,3.2,0.0,7.21,False,in_sample
2015-01-10,239,287.3030090332031,11.76,35.3,21.96,0.0,31.29,3.74,15.98491916013426,4.91,0.0,8.67,False,in_sample
2015-01-11,330,274.6080017089844,19.95,38.98,45.03,0.0,43.27,13.65,29.279455303664392,19.69,0.0,18.95,False,in_sample
2015-01-12,363,266.14599609375,24.28,45.39,55.47,2.3,48.61,17.41,33.133866944864955,27.95,0.0,21.37,False,in_sample
2015-01-13,225,267.3940124511719,6.54,0.0,23.16,0.0,5.43,5.77,13.155764902802789,9.14,0.0,7.69,False,in_sample
2015-01-14,176,223.8939971923828,0.54,0.0,4.73,0.0,0.14,0.0,2.8416764723360735,0.0,0.0,0.0,False,in_sample
2015-01-15,213,176.89700317382812,1.72,0.0,0.0,0.0,0.0,4.11,10.663228669971794,0.0,0.0,5.93,False,in_sample
2015-01-16,208,209.07000732421875,1.45,0.0,0.0,0.0,0.0,3.41,9.568244323121023,0.0,0.0,5.21,False,in_sample
2015-01-17,200,207.83399963378906,1.02,0.0,0.0,0.0,0.0,2.24,7.830019601781438,0.0,0.0,4.0,False,in_sample
2015-01-18,212,200.0500030517578,1.62,0.0,0.0,0.0,0.0,3.88,10.144835409664408,0.0,0.0,5.76,False,in_sample
2015-01-19,217,211.4709930419922,2.0,0.0,0.0,0.0,0.83,4.67,11.006642610562073,0.0,0.0,6.62,False,in_sample
2015-01-20,212,212.90699768066406,1.89,0.0,2.32,0.0,0.0,3.95,9.929728320455206,0.0,0.0,5.89,False,in_sample
2015-01-21,228,211.3780059814453,2.49,0.0,0.0,0.0,0.57,6.12,12.848664664481257,0.0,0.0,8.17,False,in_sample
2015-01-22,234,227.32200622558594,3.74,0.0,8.62,0.0,0.82,6.84,13.822184123797829,0.0,0.0,8.97,False,in_sample
2015-01-23,234,233.51699829101562,4.2,0.0,11.33,0.0,2.55,6.75,13.71526056745507,0.0,0.0,8.91,False,in_sample
2015-01-24,250,232.6999969482422,4.82,0.0,11.14,0.0,1.82,8.72,16.36059980273899,0.0,0.0,11.01,False,in_sample
2015-01-25,255,247.3520050048828,6.18,0.0,17.98,0.0,2.04,9.35,17.078240404598088,3.09,0.0,11.71,False,in_sample
2015-01-26,274,254.07899475097656,7.59,0.0,20.13,0.0,4.2,11.54,19.96314387512657,4.29,0.0,13.99,False,in_sample
2015-01-27,265,273.1669921875,8.76,0.0,27.37,0.0,6.83,10.49,18.466839696906074,8.47,0.0,12.91,False,in_sample
2015-01-28,236,263.35101318359375,7.15,0.0,24.25,0.0,9.08,6.97,13.53528273055608,6.66,0.0,9.21,False,in_sample
2015-01-29,234,233.34800720214844,5.2,0.0,12.76,0.0,10.26,6.72,13.074133042714287,0.27,0.0,8.97,False,in_sample
2015-01-30,229,232.77200317382812,4.58,0.0,12.08,0.0,7.91,6.03,12.067818909550091,0.0,0.0,8.28,False,in_sample
2015-01-31,218,226.4409942626953,3.67,0.0,9.86,0.0,7.27,4.45,9.910519227050928,0.0,0.0,6.63,False,in_sample
2015-02-01,316,216.86700439453125,14.27,0.0,35.94,0.0,15.86,16.39,25.26874166211831,15.55,3.88,18.78,False,in_sample
2015-02-02,241,226.49099731445312,4.84,0.0,9.24,0.0,8.68,7.41,13.875174971072473,0.0,0.0,9.81,False,in_sample
2015-02-03,277,237.45399475097656,9.0,0.0,24.42,0.0,13.33,11.08,19.56984708366972,6.74,0.0,14.22,False,in_sample
2015-02-04,254,227.51100158691406,7.0,0.0,20.34,0.0,14.34,7.86,15.851601208149505,4.36,0.0,11.15,False,in_sample
2015-02-05,236,227.6649932861328,4.98,0.03,15.85,0.0,13.08,5.33,12.681774606952667,1.84,0.0,8.71,False,in_sample
2015-02-06,226,216.92300415039062,5.09,7.92,12.7,0.0,14.13,3.64,10.77029422690801,0.04,0.0,7.34,False,in_sample
2015-02-07,255,222.63299560546875,10.06,14.05,27.34,0.0,22.57,7.04,15.696867792910016,8.25,0.0,11.28,False,in_sample
2015-02-08,283,227.6929931640625,14.02,23.73,34.89,0.0,30.54,9.67,19.934934316542925,12.85,0.0,14.47,False,in_sample
2015-02-09,230,223.38900756835938,9.95,31.35,17.66,0.0,27.78,2.85,11.181528204484097,2.53,0.0,7.42,False,in_sample
2015-02-10,238,220.28199768066406,11.6,35.44,22.59,0.0,28.73,3.69,12.500942860998332,5.28,0.0,8.64,False,in_sample
2015-02-11,365,219.73199462890625,21.35,39.23,48.44,0.09,43.2,16.77,30.23273044742939,22.16,0.0,22.21,False,in_sample
2015-02-12,360,219.20799255371094,23.84,45.62,52.84,2.61,49.11,17.19,29.55325470485082,25.86,0.31,21.05,False,in_sample
2015-02-13,237,221.968994140625,4.0,0.0,7.82,0.0,5.22,6.74,12.00594730678454,0.0,0.0,9.38,False,in_sample
2015-02-14,258,235.5279998779297,6.02,0.0,14.36,0.0,7.23,9.3,15.442507406352105,1.18,0.0,12.1,False,in_sample
2015-02-15,235,257.5069885253906,6.69,0.0,22.86,0.0,9.7,6.43,11.439418208399745,5.88,0.0,9.1,False,in_sample
2015-02-16,236,234.8249969482422,5.18,0.0,13.45,0.0,10.55,6.49,11.510240325898865,0.67,0.0,9.19,False,in_sample
2015-02-17,244,233.4219970703125,5.49,0.0,13.79,0.0,9.25,7.58,12.795598083472903,0.85,0.0,10.37,False,in_sample
2015-02-18,236,243.77999877929688,6.0,0.0,17.58,0.0,11.36,6.56,11.297486456722707,2.92,0.0,9.32,False,in_sample
2015-02-19,242,236.41000366210938,5.79,0.0,14.23,0.0,12.38,7.28,12.239556080654069,1.08,0.0,10.09,False,in_sample
2015-02-20,246,240.25100708007812,6.51,0.0,16.98,0.0,13.19,7.72,12.818063814647008,2.6,0.0,10.49,False,in_sample
2015-02-21,246,243.7519989013672,6.59,0.0,18.35,0.0,11.93,7.7,12.711989064561596,3.33,0.0,10.51,False,in_sample
2015-02-22,237,244.54400634765625,6.03,0.0,18.38,0.0,10.72,6.56,11.048856710705538,3.35,0.0,9.34,False,in_sample
2015-02-23,240,235.9949951171875,5.34,0.0,14.66,0.0,9.33,6.85,11.468181301029903,1.3,0.0,9.66,False,in_sample
2015-02-24,240,238.9980010986328,5.42,0.0,15.77,0.0,8.1,6.93,11.362024799947113,1.9,0.0,9.77,False,in_sample
2015-02-25,239,238.88999938964844,5.47,0.0,16.16,0.0,8.82,6.7,11.08138342739978,2.12,0.0,9.54,False,in_sample
2015-02-26,238,237.33700561523438,5.37,0.0,15.59,0.0,9.42,6.53,10.799982343888573,1.82,0.0,9.38,False,in_sample
2015-02-27,256,236.43600463867188,6.39,0.0,15.11,0.0,12.0,8.73,13.741701400946186,1.55,0.0,11.73,False,in_sample
2015-02-28,255,253.52000427246094,7.58,0.0,22.41,0.0,11.59,8.69,13.4723435898733,5.6,0.0,11.7,False,in_sample
2015-03-01,286,254.2830047607422,12.79,0.0,36.26,0.0,15.38,13.34,18.164132011625618,13.4,3.18,15.57,False,in_sample
2015-03-02,228,260.35699462890625,4.83,0.0,15.19,0.0,6.39,5.8,8.580306166435179,1.62,0.0,8.14,False,in_sample
2015-03-03,283,275.0459899902344,10.44,0.0,29.72,0.0,15.72,11.75,17.512979952836925,9.83,0.0,14.92,False,in_sample
2015-03-04,255,281.989990234375,7.49,0.0,22.82,0.0,14.56,7.99,13.049585206887155,5.76,0.0,11.31,False,in_sample
2015-03-05,241,272.739013671875,5.43,0.07,17.08,0.0,13.9,5.95,10.581446467704593,2.52,0.0,9.38,False,in_sample
2015-03-06,226,275.6000061035156,5.23,8.18,13.73,0.0,13.59,3.62,7.786498639783181,0.61,0.0,7.33,False,in_sample
2015-03-07,257,272.29400634765625,10.01,14.24,26.18,0.0,23.5,7.19,13.059672340657997,7.55,0.0,11.44,False,in_sample
2015-03-08,283,276.4330139160156,14.14,24.07,35.11,0.0,30.99,9.63,16.987804033386965,12.99,0.0,14.44,False,in_sample
2015-03-09,228,274.81201171875,9.92,31.49,18.38,0.0,26.86,2.51,7.836527147278853,2.94,0.0,7.08,False,in_sample
2015-03-10,240,289.86199951171875,11.64,35.6,22.47,0.0,28.69,3.91,9.877847008835367,5.2,0.0,8.88,False,in_sample
2015-03-11,401,291.5249938964844,24.2,39.55,54.91,1.42,46.6,19.74,31.26615595506771,27.12,0.0,25.23,False,in_sample
2015-03-12,362,296.12701416015625,23.62,45.84,52.21,3.47,47.08,17.44,26.878327880367863,25.36,0.0,21.22,False,in_sample
2015-03-13,286,294.1180114746094,11.58,0.0,35.54,0.0,17.0,11.85,16.904763695764363,13.36,0.0,15.0,False,in_sample
2015-03-14,284,284.4419860839844,10.74,0.0,32.79,0.0,14.79,11.59,16.50597612117015,11.66,0.0,14.75,False,in_sample
2015-03-15,288,281.42498779296875,10.83,0.0,32.09,0.0,15.52,11.95,16.987087279312014,11.24,0.0,15.17,False,in_sample
2015-03-16,292,285.68499755859375,11.14,0.0,33.2,0.0,15.26,12.36,17.46029131539469,11.91,0.0,15.61,False,in_sample
2015-03-17,286,290.5950012207031,11.1,0.0,34.44,0.0,15.16,11.69,16.485578581886404,12.67,0.0,14.93,False,in_sample
2015-03-18,258,285.0669860839844,9.56,0.0,32.62,0.0,14.77,8.54,12.06253311241572,11.55,0.0,11.62,False,in_sample
2015-03-19,263,255.8800048828125,7.98,0.0,23.41,0.0,13.51,9.08,12.761810058414053,6.1,0.0,12.21,False,in_sample
2015-03-20,263,260.95599365234375,8.31,0.0,25.22,0.0,13.37,9.16,12.656626380432808,7.15,0.0,12.32,False,in_sample
2015-03-21,262,261.6440124511719,8.29,0.0,25.57,0.0,13.48,8.94,12.391731873559564,7.35,0.0,12.1,False,in_sample
2015-03-22,269,259.9169921875,8.58,0.0,24.95,0.0,14.25,9.8,13.392248982216437,6.98,0.0,13.04,False,in_sample
2015-03-23,267,267.8949890136719,9.07,0.0,27.65,0.0,15.22,9.54,12.97426034959613,8.56,0.0,12.79,False,in_sample
2015-03-24,247,266.5769958496094,8.17,0.0,26.95,0.0,16.2,7.17,9.603318500838894,8.15,0.0,10.31,False,in_sample
2015-03-25,247,247.4720001220703,6.94,0.0,19.64,0.0,16.8,7.14,9.49787567137931,3.95,0.0,10.29,False,in_sample
2015-03-26,250,246.2760009765625,7.01,0.0,19.68,0.0,16.37,7.46,9.89898226857511,3.97,0.0,10.66,False,in_sample
2015-03-27,248,248.5659942626953,7.1,0.0,20.85,0.0,16.33,7.19,9.456593008546834,4.64,0.0,10.38,False,in_sample
2015-03-28,254,246.97500610351562,7.14,0.0,20.05,0.0,15.69,7.88,10.354504690463783,4.18,0.0,11.13,False,in_sample
2015-03-29,243,252.74000549316406,7.08,0.0,22.34,0.0,15.83,6.61,8.390987429203973,5.48,0.0,9.82,False,in_sample
2015-03-30,249,242.87899780273438,6.39,0.0,18.31,0.0,13.86,7.26,9.309490122580272,3.19,0.0,10.52,False,in_sample
2015-03-31,245,247.45399475097656,6.58,0.0,20.53,0.0,13.69,6.8,8.52426766456132,4.44,0.0,10.06,False,in_sample
2015-04-01,264,244.22300720214844,10.8,0.0,27.77,0.0,13.95,10.87,11.555243879820546,13.59,3.27,12.98,False,in_sample
2015-04-02,227,247.08900451660156,4.01,0.0,9.66,0.0,6.78,5.65,5.1088977105828945,0.0,0.0,7.99,False,in_sample
2015-04-03,274,253.07400512695312,10.49,0.0,31.83,0.0,16.32,10.71,12.907020193801369,11.1,0.0,13.83,False,in_sample
2015-04-04,254,254.29100036621094,7.75,0.0,23.32,0.0,16.57,7.88,9.618422730079429,6.04,0.0,11.2,False,in_sample
2015-04-05,239,253.76100158691406,5.62,0.24,19.15,0.0,12.63,5.75,6.955962303822655,3.66,0.0,9.18,False,in_sample
2015-04-06,224,260.72100830078125,5.3,8.39,13.74,0.0,14.49,3.38,4.126997099993739,0.61,0.0,7.09,False,in_sample
2015-04-07,261,255.2740020751953,10.43,14.43,26.8,0.0,25.05,7.7,10.445723902521213,7.93,0.0,12.0,False,in_sample
2015-04-08,286,253.06399536132812,14.1,24.42,35.04,0.0,29.75,9.95,14.185410116944478,12.94,0.0,14.79,False,in_sample
2015-04-09,232,244.75100708007812,9.93,31.61,17.39,0.0,27.26,3.06,5.28489836602232,2.38,0.0,7.66,False,in_sample
2015-04-10,240,243.69400024414062,11.82,35.74,23.19,0.0,29.1,3.87,6.604671062217232,5.62,0.0,8.86,False,in_sample
2015-04-11,406,236.01600646972656,26.01,39.9,60.33,3.93,49.11,20.08,28.604090403841965,31.62,0.0,25.49,False,in_sample
2015-04-12,364,236.53500366210938,23.69,46.08,52.56,3.73,46.09,17.71,23.909657032909358,25.65,0.0,21.39,False,in_sample
2015-04-13,226,235.9499969482422,4.63,0.0,16.71,0.0,11.05,4.18,3.7610025699144156,2.32,0.0,7.4,False,in_sample
2015-04-14,220,224.75900268554688,3.61,0.0,11.6,0.0,10.95,3.39,2.523603807513712,0.0,0.0,6.58,False,in_sample
2015-04-15,224,219.072998046875,3.29,0.0,8.9,0.0,9.82,3.86,3.175931692942962,0.0,0.0,7.06,False,in_sample
2015-04-16,229,223.91700744628906,3.56,0.0,10.98,0.0,8.69,4.55,3.999197515491458,0.0,0.0,7.8,False,in_sample
2015-04-17,223,228.5749969482422,3.54,0.0,13.45,0.0,7.06,3.76,2.776507725208929,0.59,0.0,7.0,False,in_sample
2015-04-18,224,222.85299682617188,3.43,0.0,10.83,0.0,9.14,3.83,2.859244535268239,0.0,0.0,7.1,False,in_sample
2015-04-19,224,223.45599365234375,3.51,0.0,11.14,0.0,9.51,3.81,2.753719206125356,0.0,0.0,7.09,False,in_sample
2015-04-20,225,222.61199951171875,3.82,0.0,11.11,0.0,11.92,4.02,2.8357292864858503,0.0,0.0,7.33,False,in_sample
2015-04-21,235,224.6199951171875,4.36,0.0,11.94,0.0,13.08,5.34,4.561123082391512,0.0,0.0,8.73,False,in_sample
2015-04-22,234,235.6020050048828,5.2,0.0,16.54,0.0,14.19,5.19,4.276353654494206,2.26,0.0,8.58,False,in_sample
2015-04-23,236,234.05299377441406,5.03,0.0,16.08,0.0,12.91,5.45,4.529568614311657,2.01,0.0,8.72,False,in_sample
2015-04-24,232,235.97000122070312,4.77,0.0,16.99,0.0,10.47,4.86,3.7044123767601884,2.5,0.0,8.11,False,in_sample
2015-04-25,227,231.23500061035156,4.34,0.0,15.06,0.0,10.96,4.19,2.681391411839586,1.44,0.0,7.41,False,in_sample
2015-04-26,221,226.41000366210938,3.82,0.0,12.8,0.0,11.42,3.37,1.4474909145849448,0.2,0.0,6.56,False,in_sample
2015-04-27,228,219.4290008544922,3.8,0.0,10.0,0.0,12.4,4.29,2.6559831646069147,0.0,0.0,7.54,False,in_sample
2015-04-28,226,228.968994140625,4.09,0.0,13.32,0.0,11.71,4.04,2.1794228213369995,0.48,0.0,7.29,False,in_sample
2015-04-29,226,225.59100341796875,3.84,0.0,12.52,0.0,10.63,4.05,2.0741316501249805,0.04,0.0,7.31,False,in_sample
2015-04-30,237,225.6929931640625,4.2,0.0,12.61,0.0,10.87,5.45,3.9722094528459526,0.09,0.0,8.8,False,in_sample
2015-05-01,276,235.93899536132812,9.78,0.0,20.3,0.0,11.91,12.14,10.28976702568539,12.99,0.0,14.35,False,in_sample
2015-05-02,218,232.34100341796875,3.36,0.0,9.3,0.0,5.8,4.3,0.23875563013490914,0.0,0.0,6.59,False,in_sample
2015-05-03,277,234.8800048828125,9.85,0.0,28.89,0.0,14.41,11.0,10.23406483751949,9.34,0.0,14.14,False,in_sample
2015-05-04,262,240.3560028076172,7.9,0.0,22.98,0.0,15.69,8.71,7.7819461779191235,5.84,0.0,12.1,False,in_sample
2015-05-05,237,238.8520050048828,5.53,0.59,18.54,0.0,13.22,5.36,3.4474499181215914,3.32,0.0,8.79,False,in_sample
2015-05-06,225,236.24899291992188,5.13,8.54,13.0,0.0,13.66,3.53,1.1505238877812314,0.2,0.0,7.27,False,in_sample
2015-05-07,272,229.66200256347656,11.0,14.62,28.35,0.0,24.95,8.93,9.04937178682221,8.85,0.0,13.31,False,in_sample
2015-05-08,283,237.20399475097656,14.09,24.77,35.99,0.0,28.39,9.61,10.618223908252766,13.55,0.0,14.46,False,in_sample
2015-05-09,236,243.7689971923828,10.34,31.76,19.2,0.0,26.7,3.68,2.84951852848007,3.41,0.0,8.32,False,in_sample
2015-05-10,241,241.72900390625,12.01,35.84,23.11,0.0,30.46,4.05,3.6295967174309482,5.57,0.0,9.06,False,in_sample
2015-05-11,385,240.2989959716797,25.92,40.18,60.57,4.69,49.16,18.39,23.300360091498984,31.92,3.31,23.69,False,in_sample
2015-05-12,390,242.14500427246094,24.48,46.38,52.9,3.53,47.97,19.96,23.74307372842664,25.92,0.0,23.66,False,in_sample
2015-05-13,237,241.3979949951172,6.53,2.74,20.1,0.0,17.56,5.33,2.6087820016020986,4.17,0.0,8.89,False,in_sample
2015-05-14,237,236.21400451660156,6.11,2.96,17.77,0.0,17.08,5.37,2.504030192457598,2.86,0.0,8.94,False,in_sample
2015-05-15,238,236.9550018310547,6.14,3.16,17.98,0.0,16.69,5.43,2.577138343286289,2.97,0.0,9.02,False,in_sample
2015-05-16,236,237.6439971923828,5.9,3.35,18.22,0.0,14.42,5.2,2.1159634143651327,3.1,0.0,8.8,False,in_sample
2015-05-17,237,236.00999450683594,5.97,3.49,17.53,0.0,15.66,5.34,2.189883328919046,2.71,0.0,8.97,False,in_sample
2015-05-18,233,236.88699340820312,5.91,3.66,18.03,0.0,15.28,4.8,1.365967126899426,2.98,0.0,8.41,False,in_sample
2015-05-19,232,233.03700256347656,5.58,3.93,16.31,0.0,14.99,4.67,1.079448103774694,2.02,0.0,8.29,False,in_sample
2015-05-20,235,231.88999938964844,5.4,4.2,15.94,0.0,13.09,4.95,1.517716307012368,1.81,0.0,8.6,False,in_sample
2015-05-21,236,234.01600646972656,5.76,4.49,16.92,0.0,14.12,5.12,1.5925380977297825,2.36,0.0,8.79,False,in_sample
2015-05-22,241,235.3209991455078,6.16,4.83,17.53,0.0,15.27,5.72,2.3742387852697022,2.69,0.0,9.42,False,in_sample
2015-05-23,239,240.28599548339844,6.22,5.14,19.55,0.0,12.69,5.54,1.9173903268747898,3.82,0.0,9.25,False,in_sample
2015-05-24,241,238.9759979248047,6.17,5.41,19.02,0.0,12.35,5.75,2.165264818170964,3.52,0.0,9.49,False,in_sample
2015-05-25,238,240.927001953125,6.24,5.71,19.74,0.0,12.52,5.27,1.531028945848375,3.92,0.0,8.99,False,in_sample
2015-05-26,237,237.10400390625,6.32,6.01,18.24,0.0,15.32,5.23,1.2484164717961992,3.07,0.0,8.97,False,in_sample
2015-05-27,238,237.06500244140625,6.27,6.33,18.18,0.0,14.61,5.27,1.322022846553711,3.04,0.0,9.03,False,in_sample
2015-05-28,237,237.2570037841797,6.26,6.61,18.39,0.0,13.96,5.23,1.039399235658908,3.15,0.0,8.99,False,in_sample
2015-05-29,237,237.3769989013672,6.36,6.87,18.34,0.0,14.79,5.18,0.9349174804456128,3.13,0.0,8.95,False,in_sample
2015-05-30,233,237.0919952392578,6.22,7.13,18.22,0.0,14.52,4.67,0.11007689974098192,3.05,0.0,8.39,False,in_sample
2015-05-31,230,233.13499450683594,6.03,7.39,16.86,0.0,15.53,4.22,0.0,2.32,0.0,7.93,False,in_sample
2015-06-01,288,230.23300170898438,10.71,0.0,24.66,0.0,11.83,13.45,8.87215188765857,12.8,0.0,15.71,False,in_sample
2015-06-02,223,222.8939971923828,3.5,0.0,4.53,0.0,9.33,5.06,0.0,0.0,0.0,7.43,False,in_sample
2015-06-03,274,225.73599243164062,9.78,0.0,29.86,0.0,13.4,10.65,6.555449527070401,9.92,0.0,13.78,False,in_sample
2015-06-04,257,225.77200317382812,7.97,0.0,25.6,0.0,14.18,8.15,3.7393452840793455,7.36,0.0,11.52,False,in_sample
2015-06-05,230,224.1540069580078,5.26,0.81,17.33,0.0,14.23,4.49,0.0,2.64,0.0,7.89,False,in_sample
2015-06-06,226,225.0050048828125,5.56,8.76,13.58,0.0,16.3,3.58,0.0,0.52,0.0,7.34,False,in_sample
2015-06-07,270,225.5959930419922,11.83,14.83,31.95,0.0,26.93,8.66,5.518255353795852,11.05,0.0,13.03,False,in_sample
2015-06-08,279,222.87899780273438,13.76,25.14,35.12,0.0,27.3,9.23,6.804024806986608,12.99,0.0,14.08,False,in_sample
2015-06-09,241,228.53799438476562,10.92,31.92,21.2,0.0,27.31,4.31,0.49604825525258456,4.56,0.0,8.99,False,in_sample
2015-06-10,247,228.9949951171875,12.31,35.96,23.68,0.0,30.6,4.81,1.4341165771940219,5.9,0.0,9.86,False,in_sample
2015-06-11,373,228.85499572753906,24.99,40.44,57.09,6.8,47.56,17.44,18.802004302057306,29.09,3.69,22.7,False,in_sample
2015-06-12,394,229.7050018310547,25.78,46.68,57.26,4.07,50.24,20.33,21.022297857063148,29.47,0.0,23.96,False,in_sample
2015-06-13,234,229.9199981689453,6.42,10.21,16.11,0.0,16.55,4.56,0.0,1.88,0.0,8.45,False,in_sample
2015-06-14,233,232.44200134277344,6.82,10.45,17.57,0.0,17.83,4.48,0.0,2.69,0.0,8.39,False,in_sample
2015-06-15,237,233.4219970703125,7.01,10.71,17.37,0.0,18.44,5.03,0.0,2.58,0.0,8.98,False,in_sample
2015-06-16,252,236.76499938964844,7.52,11.03,19.21,0.0,16.08,6.86,1.6603057057838513,3.61,0.0,10.9,False,in_sample
2015-06-17,248,250.822998046875,8.63,11.34,24.94,0.0,17.67,6.42,0.8777462582880042,6.89,0.0,10.44,False,in_sample
2015-06-18,250,249.42799377441406,8.64,11.6,23.64,0.0,19.25,6.53,1.1146526601382944,6.12,0.0,10.58,False,in_sample
2015-06-19,245,249.04299926757812,8.86,11.84,24.03,0.0,21.54,6.0,0.15358897582329678,6.35,0.0,10.01,False,in_sample
2015-06-20,246,244.52999877929688,8.42,12.07,22.42,0.0,19.69,6.08,0.22254633861660064,5.41,0.0,10.09,False,in_sample
2015-06-21,245,245.10000610351562,8.15,12.24,22.72,0.0,17.02,5.91,0.0,5.58,0.0,9.92,False,in_sample
2015-06-22,248,243.968994140625,8.23,12.4,22.2,0.0,17.71,6.23,0.35855096159418787,5.28,0.0,10.28,False,in_sample
2015-06-23,245,246.927001953125,8.42,12.58,23.27,0.0,18.26,5.87,0.0,5.89,0.0,9.91,False,in_sample
2015-06-24,241,244.28199768066406,8.42,12.74,22.17,0.0,20.79,5.38,0.0,5.25,0.0,9.41,False,in_sample
2015-06-25,243,240.36500549316406,8.21,12.91,20.71,0.0,20.63,5.61,0.0,4.41,0.0,9.67,False,in_sample
2015-06-26,243,242.60400390625,8.52,13.08,21.51,0.0,21.76,5.67,0.0,4.86,0.0,9.76,False,in_sample
2015-06-27,252,243.5489959716797,8.66,13.28,21.78,0.0,20.26,6.73,0.5194403692205598,5.01,0.0,10.87,False,in_sample
2015-06-28,250,250.9550018310547,9.14,13.43,25.06,0.0,19.85,6.41,0.07732194113678027,6.92,0.0,10.56,False,in_sample
2015-06-29,257,248.7209930419922,9.16,13.58,24.13,0.0,19.53,7.32,1.1470017235838985,6.37,0.0,11.53,False,in_sample
2015-06-30,264,257.0360107421875,10.08,13.74,26.91,0.0,21.49,8.15,2.1854692253862313,8.0,0.0,12.42,False,in_sample
2015-07-01,298,263.3450012207031,11.64,0.0,28.75,0.0,11.04,14.45,7.230714336412946,14.58,0.0,16.78,False,in_sample
2015-07-02,229,258.552001953125,4.13,0.0,7.49,0.0,9.53,5.83,0.0,0.0,0.0,8.27,False,in_sample
2015-07-03,277,255.45899963378906,9.74,0.0,28.89,0.0,13.61,10.97,3.9190280134893585,9.34,0.0,14.1,False,in_sample
2015-07-04,255,256.4909973144531,7.6,0.0,23.89,0.0,14.2,7.96,0.297687837116171,6.36,0.0,11.33,False,in_sample
2015-07-05,238,260.80499267578125,5.14,1.08,14.47,0.0,15.27,5.48,0.0,1.06,0.0,8.95,False,in_sample
2015-07-06,224,271.1080017089844,5.65,8.97,13.79,0.0,17.02,3.33,0.0,0.63,0.0,7.09,False,in_sample
2015-07-07,267,269.9630126953125,11.54,15.12,31.23,0.0,25.86,8.34,1.943336810429696,10.6,0.0,12.69,False,in_sample
2015-07-08,280,265.98199462890625,13.63,25.5,34.12,0.0,27.26,9.26,3.8625239274162846,12.35,0.0,14.14,False,in_sample
2015-07-09,241,270.8269958496094,11.31,32.08,23.19,0.0,27.56,4.27,0.0,5.71,0.0,8.98,False,in_sample
2015-07-10,244,269.156005859375,12.48,36.07,25.98,0.0,29.24,4.39,0.0,7.28,0.0,9.4,False,in_sample
2015-07-11,387,284.8800048828125,24.65,40.74,55.18,6.25,46.78,18.55,17.32629180273078,27.55,1.66,23.77,False,in_sample
2015-07-12,396,293.1400146484375,26.33,47.11,57.76,5.5,50.74,20.53,18.203746790032245,29.92,1.31,24.12,False,in_sample
2015-07-13,293,310.8269958496094,14.92,17.03,42.96,0.0,28.38,11.12,5.280292191693892,18.15,0.0,15.63,False,in_sample
2015-07-14,288,292.03399658203125,13.8,17.38,38.07,0.0,27.93,10.58,4.445050855320423,14.91,0.0,15.08,False,in_sample
2015-07-15,286,288.0450134277344,13.57,17.71,36.68,0.0,28.47,10.36,4.045771141853363,14.01,0.0,14.88,False,in_sample
2015-07-16,279,286.0419921875,13.15,18.04,36.15,0.0,26.89,9.54,2.8879786178506675,13.67,0.0,14.03,False,in_sample
2015-07-17,281,278.09100341796875,12.83,18.36,33.97,0.0,26.93,9.69,3.0894636276720044,12.29,0.0,14.19,False,in_sample
2015-07-18,278,279.33099365234375,12.82,18.71,34.43,0.0,26.4,9.37,2.5296226415261804,12.57,0.0,13.88,False,in_sample
2015-07-19,276,274.7669982910156,12.81,19.03,33.63,0.0,27.82,9.12,2.1193436423999845,12.06,0.0,13.65,False,in_sample
2015-07-20,280,273.4989929199219,12.91,19.38,32.99,0.0,28.58,9.53,2.629646118577833,11.66,0.0,14.08,False,in_sample
2015-07-21,277,278.8819885253906,12.92,19.71,34.23,0.0,26.87,9.24,2.0680157558974495,12.44,0.0,13.79,False,in_sample
2015-07-22,278,275.6570129394531,12.89,20.02,33.49,0.0,27.22,9.35,2.1189150721642274,11.98,0.0,13.93,False,in_sample
2015-07-23,277,277.34100341796875,12.82,20.33,33.84,0.0,26.01,9.23,1.8626902272983366,12.19,0.0,13.82,False,in_sample
2015-07-24,290,276.0050048828125,13.54,20.67,33.53,0.0,29.83,10.57,3.7150674606253267,12.0,0.0,15.25,False,in_sample
2015-07-25,290,288.16400146484375,14.31,21.0,37.19,0.0,30.39,10.58,3.6127014474378285,14.33,0.0,15.27,False,in_sample
2015-07-26,294,288.6400146484375,14.56,21.34,37.21,0.0,31.45,10.96,4.094443269544255,14.35,0.0,15.69,False,in_sample
2015-07-27,295,292.6390075683594,14.68,21.69,38.25,0.0,30.32,11.06,4.136986919202558,15.03,0.0,15.81,False,in_sample
2015-07-28,296,293.63299560546875,14.68,22.06,38.53,0.0,29.23,11.15,4.179095051605346,15.21,0.0,15.92,False,in_sample
2015-07-29,290,294.4840087890625,14.69,22.4,38.78,0.0,29.8,10.54,3.203406963694581,15.38,0.0,15.3,False,in_sample
2015-07-30,289,289.1029968261719,14.26,22.74,37.26,0.0,28.46,10.35,2.9537675645678645,14.38,0.0,15.12,False,in_sample
2015-07-31,285,287.6960144042969,14.21,23.05,36.82,0.0,29.32,9.94,2.2568309649214466,14.09,0.0,14.71,False,in_sample
2015-08-01,285,284.6860046386719,11.34,0.0,31.8,0.0,10.88,13.06,2.154487135822173,13.61,0.0,15.31,False,in_sample
2015-08-02,225,280.4490051269531,4.04,0.0,10.4,0.0,7.94,5.2,0.0,0.0,0.0,7.63,False,in_sample
2015-08-03,276,282.8059997558594,10.08,0.0,29.99,0.0,15.52,10.83,0.5802476608241006,9.99,0.0,13.96,False,in_sample
2015-08-04,246,281.2250061035156,6.81,0.0,23.35,0.0,11.69,6.86,0.0,6.04,0.0,10.18,False,in_sample
2015-08-05,245,284.84698486328125,6.0,1.39,17.86,0.0,15.43,6.39,0.0,2.93,0.0,9.92,False,in_sample
2015-08-06,229,281.906005859375,5.9,9.17,13.05,0.0,18.77,4.05,0.0,0.22,0.0,7.86,False,in_sample
2015-08-07,271,278.7409973144531,11.67,15.41,30.31,0.0,27.34,8.79,0.0,10.03,0.0,13.15,False,in_sample
2015-08-08,262,279.74200439453125,13.37,25.81,34.28,0.0,28.66,7.18,0.0,12.45,0.0,11.97,False,in_sample
2015-08-09,245,261.1159973144531,11.38,32.28,23.12,0.0,27.16,4.72,0.0,5.66,0.0,9.45,False,in_sample
2015-08-10,244,265.4779968261719,12.17,36.16,24.81,0.0,28.37,4.29,0.0,6.58,0.0,9.31,False,in_sample
2015-08-11,373,264.3420104980469,24.51,41.0,57.27,6.73,45.86,17.38,12.62923272242058,29.27,0.51,22.53,False,in_sample
2015-08-12,414,270.5979919433594,27.06,47.54,57.97,5.79,51.42,22.01,16.984987934486472,30.12,1.65,25.61,False,in_sample
2015-08-13,265,266.1830139160156,12.97,27.31,31.17,0.0,28.07,7.49,0.0,10.49,0.0,12.24,False,in_sample
2015-08-14,267,264.1319885253906,12.67,27.63,30.05,0.0,26.48,7.67,0.0,9.8,0.0,12.43,False,in_sample
2015-08-15,262,265.52899169921875,12.78,27.95,30.63,0.0,27.26,7.13,0.0,10.16,0.0,11.89,False,in_sample
2015-08-16,259,261.8659973144531,12.37,28.23,29.17,0.0,26.4,6.76,0.0,9.26,0.0,11.51,False,in_sample
2015-08-17,259,258.489990234375,12.21,28.51,28.19,0.0,26.53,6.64,0.0,8.66,0.0,11.4,False,in_sample
2015-08-18,218,257.9259948730469,10.81,28.69,27.91,0.0,24.88,1.38,0.0,8.48,0.0,5.92,False,in_sample
2015-08-19,228,225.67100524902344,8.34,28.87,11.39,0.0,24.9,2.67,0.0,0.0,0.0,7.27,False,in_sample
2015-08-20,236,226.8990020751953,9.21,29.09,15.95,0.0,24.22,3.78,0.0,1.46,0.0,8.43,False,in_sample
2015-08-21,233,235.35499572753906,10.1,29.29,19.69,0.0,26.86,3.4,0.0,3.62,0.0,8.05,False,in_sample
2015-08-22,231,232.66200256347656,9.91,29.46,18.62,0.0,27.28,3.1,0.0,3.01,0.0,7.75,False,in_sample
2015-08-23,229,230.37600708007812,9.55,29.64,17.73,0.0,25.77,2.83,0.0,2.5,0.0,7.46,False,in_sample
2015-08-24,212,228.11199951171875,8.68,29.78,16.86,0.0,24.09,0.46,0.0,2.0,0.0,4.95,False,in_sample
2015-08-25,223,210.0679931640625,7.72,29.97,9.07,0.0,22.0,1.98,0.0,0.0,0.0,6.48,False,in_sample
2015-08-26,227,222.0760040283203,8.83,30.15,14.89,0.0,24.05,2.45,0.0,0.97,0.0,6.95,False,in_sample
2015-08-27,225,226.0500030517578,9.06,30.31,16.7,0.0,23.43,2.28,0.0,2.02,0.0,6.77,False,in_sample
2015-08-28,233,224.7010040283203,9.45,30.48,16.19,0.0,25.59,3.25,0.0,1.72,0.0,7.8,False,in_sample
2015-08-29,230,231.5489959716797,9.98,30.66,19.4,0.0,25.82,2.93,0.0,3.54,0.0,7.47,False,in_sample
2015-08-30,230,229.89500427246094,9.95,30.83,18.42,0.0,27.17,2.81,0.0,2.98,0.0,7.36,False,in_sample
2015-08-31,231,229.11399841308594,9.98,31.0,18.08,0.0,27.36,3.03,0.0,2.78,0.0,7.6,False,in_sample
2015-09-01,293,230.25599670410156,11.22,0.0,27.97,0.0,9.86,13.88,0.1761669124333711,13.82,0.95,16.19,False,in_sample
2015-09-02,221,228.02699279785156,3.5,0.0,8.22,0.0,6.89,4.74,0.0,0.0,0.0,7.16,False,in_sample
2015-09-03,291,229.32400512695312,10.67,0.0,29.76,0.0,15.97,12.4,0.0,9.86,0.0,15.6,False,in_sample
2015-09-04,244,227.21499633789062,6.11,0.0,19.89,0.0,11.79,6.61,0.0,4.07,0.0,9.92,False,in_sample
2015-09-05,243,230.19900512695312,6.29,1.67,20.85,0.0,13.64,6.16,0.0,4.6,0.0,9.7,False,in_sample
2015-09-06,230,234.8699951171875,6.2,9.39,15.54,0.0,17.23,4.12,0.0,1.59,0.0,7.95,False,in_sample
2015-09-07,270,239.9340057373047,11.54,15.68,31.64,0.0,24.0,8.67,0.0,10.84,0.0,13.04,False,in_sample
2015-09-08,267,239.8459930419922,12.41,26.13,28.45,0.0,28.17,7.74,0.0,8.8,0.0,12.43,False,in_sample
2015-09-09,239,243.4149932861328,11.52,32.45,24.5,0.0,27.53,4.0,0.0,6.47,0.0,8.71,False,in_sample
2015-09-10,245,238.33599853515625,12.02,36.26,24.58,0.0,26.93,4.46,0.0,6.43,0.0,9.5,False,in_sample
2015-09-11,381,238.32899475097656,24.48,41.3,54.92,6.67,46.4,18.06,10.426445322417731,27.38,1.79,23.17,False,in_sample
2015-09-12,418,239.85499572753906,27.79,47.95,60.58,4.75,52.72,22.36,14.30276927844866,32.37,1.8,25.85,False,in_sample
2015-09-13,231,235.24200439453125,10.8,32.98,21.47,0.0,27.64,2.88,0.0,4.68,0.0,7.57,False,in_sample
2015-09-14,231,230.60899353027344,10.31,33.09,19.04,0.0,26.83,2.93,0.0,3.27,0.0,7.63,False,in_sample
2015-09-15,231,230.49200439453125,10.54,33.21,19.25,0.0,28.57,2.84,0.0,3.39,0.0,7.56,False,in_sample
2015-09-16,230,230.25,10.39,33.32,19.04,0.0,27.89,2.65,0.0,3.27,0.0,7.37,False,in_sample
2015-09-17,234,229.0760040283203,10.39,33.43,18.47,0.0,27.49,3.2,0.0,2.94,0.0,7.96,False,in_sample
2015-09-18,234,233.52099609375,10.64,33.54,20.28,0.0,26.77,3.19,0.0,3.97,0.0,7.96,False,in_sample
2015-09-19,233,232.85800170898438,10.48,33.63,20.27,0.0,25.58,3.05,0.0,3.97,0.0,7.84,False,in_sample
2015-09-20,232,231.3990020751953,10.25,33.74,19.89,0.0,24.25,2.93,0.0,3.74,0.0,7.72,False,in_sample
2015-09-21,227,231.2169952392578,9.89,33.83,19.53,0.0,22.8,2.29,0.0,3.53,0.0,7.05,False,in_sample
2015-09-22,231,226.968994140625,9.96,33.94,17.52,0.0,25.4,2.81,0.0,2.37,0.0,7.6,False,in_sample
2015-09-23,231,230.93600463867188,10.52,34.07,19.23,0.0,27.82,2.73,0.0,3.35,0.0,7.52,False,in_sample
2015-09-24,235,230.35800170898438,10.77,34.21,19.11,0.0,28.94,3.29,0.0,3.28,0.0,8.11,False,in_sample
2015-09-25,236,234.36199951171875,11.23,34.35,20.9,0.0,29.75,3.44,0.0,4.31,0.0,8.28,False,in_sample
2015-09-26,235,235.0760040283203,11.24,34.5,21.42,0.0,29.21,3.3,0.0,4.61,0.0,8.16,False,in_sample
2015-09-27,234,234.13900756835938,11.23,34.64,21.03,0.0,29.93,3.11,0.0,4.38,0.0,7.98,False,in_sample
2015-09-28,241,232.83599853515625,11.21,34.81,20.47,0.0,28.63,4.0,0.0,4.05,0.0,8.91,False,in_sample
2015-09-29,238,239.01600646972656,11.87,34.98,23.27,0.0,30.72,3.64,0.0,5.69,0.0,8.55,False,in_sample
2015-09-30,237,236.63999938964844,11.7,35.14,22.19,0.0,30.86,3.55,0.0,5.05,0.0,8.47,False,in_sample
2015-10-01,277,236.00399780273438,10.35,0.0,30.67,1.65,9.71,12.13,0.0,8.53,0.0,14.37,False,in_sample
2015-10-02,221,237.26400756835938,3.17,0.0,6.69,0.0,5.51,4.73,0.0,0.0,0.0,7.19,False,in_sample
2015-10-03,293,237.20199584960938,11.73,0.0,34.38,0.0,17.58,12.6,0.0,12.65,0.0,15.77,False,in_sample
2015-10-04,236,238.531005859375,5.51,0.0,19.19,0.0,10.97,5.59,0.0,3.68,0.0,8.83,False,in_sample
2015-10-05,241,238.14700317382812,6.06,1.95,20.17,0.0,12.88,5.9,0.0,4.21,0.0,9.45,False,in_sample
2015-10-06,229,240.36399841308594,6.44,9.58,15.82,0.0,19.01,4.0,0.0,1.73,0.0,7.84,False,in_sample
2015-10-07,286,246.1699981689453,12.24,16.0,31.42,0.0,26.45,10.42,0.0,10.71,0.0,14.87,False,in_sample
2015-10-08,265,243.0749969482422,12.98,26.41,30.53,0.0,29.94,7.56,0.0,10.11,0.0,12.27,False,in_sample
2015-10-09,239,242.4980010986328,11.3,32.6,22.35,0.0,28.86,4.0,0.0,5.2,0.0,8.68,False,in_sample
2015-10-10,246,243.74000549316406,12.42,36.36,25.12,0.0,29.19,4.64,0.0,6.76,0.0,9.71,False,in_sample
2015-10-11,338,244.74200439453125,23.53,41.51,56.17,7.39,44.4,14.33,2.2751251397917063,28.41,0.37,19.23,False,in_sample
2015-10-12,416,246.875,28.8,48.35,60.88,6.71,57.68,22.28,11.11763458400449,32.69,3.46,25.69,False,in_sample
2015-10-13,251,245.1999969482422,12.8,36.68,25.86,0.0,29.95,5.18,0.0,7.2,0.0,10.28,False,in_sample
2015-10-14,254,249.4929962158203,13.25,36.79,27.47,0.0,30.68,5.5,0.0,8.17,0.0,10.61,False,in_sample
2015-10-15,255,252.10699462890625,13.73,36.91,28.5,0.0,32.9,5.68,0.0,8.8,0.0,10.81,False,in_sample
2015-10-16,263,254.29600524902344,14.19,37.01,29.04,0.0,34.06,6.64,0.0,9.13,0.0,11.82,False,in_sample
2015-10-17,272,262.74700927734375,14.89,37.12,31.76,0.0,33.66,7.71,0.0,10.81,0.0,12.94,False,in_sample
2015-10-18,264,270.9070129394531,15.08,37.2,34.66,0.0,32.55,6.71,0.0,12.66,0.0,11.91,False,in_sample
2015-10-19,265,261.8609924316406,14.8,37.26,31.94,0.0,34.23,6.81,0.0,10.92,0.0,12.02,False,in_sample
2015-10-20,271,263.5719909667969,14.95,37.35,32.22,0.0,33.53,7.56,0.0,11.1,0.0,12.8,False,in_sample
2015-10-21,269,269.3059997558594,15.27,37.45,34.23,0.0,33.69,7.23,0.0,12.38,0.0,12.46,False,in_sample
2015-10-22,276,266.4960021972656,15.23,37.58,33.33,0.0,32.97,8.07,0.0,11.8,0.0,13.34,False,in_sample
2015-10-23,279,273.64898681640625,15.97,37.69,35.6,0.0,35.07,8.43,0.0,13.26,0.0,13.71,False,in_sample
2015-10-24,284,276.5039978027344,16.36,37.79,36.51,0.0,35.84,8.98,0.0,13.85,0.0,14.3,False,in_sample
2015-10-25,287,281.44500732421875,16.81,37.91,37.92,0.0,36.84,9.24,0.0,14.78,0.0,14.57,False,in_sample
2015-10-26,287,283.62799072265625,17.12,38.04,38.56,0.0,38.29,9.3,0.0,15.2,0.0,14.65,False,in_sample
2015-10-27,296,285.1809997558594,17.45,38.18,38.71,0.0,38.94,10.25,0.0,15.3,0.0,15.63,False,in_sample
2015-10-28,305,293.7030029296875,18.04,38.4,41.03,0.0,38.42,11.17,0.0,16.87,0.0,16.47,False,in_sample
2015-10-29,315,304.3240051269531,18.72,38.58,43.19,0.0,38.58,12.22,0.0,18.36,0.0,17.55,False,in_sample
2015-10-30,329,313.9429931640625,19.81,38.75,45.55,0.0,41.53,13.53,0.0,20.02,0.0,18.89,False,in_sample
2015-10-31,315,328.5119934082031,20.14,38.82,48.35,0.0,42.56,12.12,0.0,22.07,0.0,17.39,False,in_sample
2015-11-01,269,315.0050048828125,8.9,0.0,25.61,0.59,9.82,11.28,0.0,4.12,0.27,13.49,False,in_sample
2015-11-02,220,325.9419860839844,3.31,0.0,6.81,0.0,7.36,4.52,0.0,0.0,0.0,6.99,False,in_sample
2015-11-03,297,361.87298583984375,12.05,0.0,34.83,0.0,18.35,13.03,0.0,12.93,0.0,16.23,False,in_sample
2015-11-04,238,403.66400146484375,5.14,0.0,16.08,0.0,11.89,5.78,0.0,1.97,0.0,9.05,False,in_sample
2015-11-05,243,408.0769958496094,6.06,2.26,19.37,0.0,13.43,6.08,0.0,3.76,0.0,9.64,False,in_sample
2015-11-06,230,388.0469970703125,6.27,9.77,15.51,0.0,17.46,4.13,0.0,1.56,0.0,7.98,False,in_sample
2015-11-07,294,374.2690124511719,13.47,16.3,36.22,0.0,26.54,11.29,0.0,13.72,0.0,15.79,False,in_sample
2015-11-08,272,384.27801513671875,13.17,26.72,30.09,0.0,30.56,8.3,0.0,9.83,0.0,13.05,False,in_sample
2015-11-09,241,374.3240051269531,11.57,32.75,22.43,0.0,30.5,4.26,0.0,5.25,0.0,8.97,False,in_sample
2015-11-10,249,379.9840087890625,12.69,36.46,25.7,0.0,29.98,4.95,0.0,7.1,0.0,10.05,False,in_sample
2015-11-11,309,339.82000732421875,21.29,41.66,48.43,5.8,44.43,11.52,0.0,22.35,1.13,16.27,False,in_sample
2015-11-12,454,314.0790100097656,29.83,48.82,60.53,6.79,57.66,25.1,11.833440284685903,32.41,3.77,28.55,False,in_sample
2015-11-13,338,338.49798583984375,21.31,42.0,48.51,0.44,45.01,14.3,0.0,22.4,0.0,19.1,False,in_sample
2015-11-14,334,336.6239929199219,21.09,42.16,48.41,0.32,43.97,13.91,0.0,22.34,0.0,18.68,False,in_sample
2015-11-15,320,333.0509948730469,20.53,42.28,47.5,0.0,43.31,12.66,0.0,21.66,0.0,17.36,False,in_sample
2015-11-16,332,319.7349853515625,20.31,42.43,44.6,0.0,44.01,13.76,0.0,19.53,0.0,18.49,False,in_sample
2015-11-17,336,330.36199951171875,20.99,42.61,47.13,0.0,44.68,14.22,0.0,21.38,0.0,18.93,False,in_sample
2015-11-18,336,334.5929870605469,21.27,42.78,48.03,0.67,44.73,14.25,0.0,22.07,0.0,18.92,False,in_sample
2015-11-19,327,334.6789855957031,20.69,42.94,47.98,0.08,41.82,13.37,0.0,22.04,0.0,17.96,False,in_sample
2015-11-20,322,326.4110107421875,20.3,43.11,45.92,0.0,42.66,12.98,0.0,20.51,0.0,17.53,False,in_sample
2015-11-21,326,322.0920104980469,20.35,43.28,44.95,0.0,43.8,13.41,0.0,19.8,0.0,17.93,False,in_sample
2015-11-22,324,326.9750061035156,20.79,43.44,45.85,0.0,46.4,13.25,0.0,20.46,0.0,17.7,False,in_sample
2015-11-23,324,324.3500061035156,20.67,43.59,45.33,0.0,46.15,13.24,0.0,20.09,0.0,17.63,False,in_sample
2015-11-24,320,323.0140075683594,20.43,43.72,45.18,0.0,44.7,12.99,0.0,19.97,0.0,17.31,False,in_sample
2015-11-25,329,320.0450134277344,20.35,43.88,44.48,0.0,43.16,13.92,0.0,19.46,0.0,18.22,False,in_sample
2015-11-26,357,328.3030090332031,21.56,44.09,46.51,0.0,45.17,16.49,0.04993849926953182,20.96,0.0,20.84,False,in_sample
2015-11-27,360,351.8609924316406,22.67,44.36,51.99,0.0,44.67,16.82,0.31325185215395673,25.13,0.0,21.09,False,in_sample
2015-11-28,357,357.1409912109375,22.93,44.61,52.47,0.21,46.06,16.66,0.0,25.52,0.0,20.84,False,in_sample
2015-11-29,372,357.47198486328125,23.04,44.9,51.94,0.49,44.64,18.05,1.5358245297439277,25.11,0.0,22.21,False,in_sample
2015-11-30,378,371.43701171875,24.09,45.16,54.62,0.94,47.49,18.61,2.130303514704248,27.24,0.0,22.7,False,in_sample
2015-12-01,269,377.41400146484375,8.75,0.0,23.08,0.3,9.19,11.24,0.0,6.69,0.0,13.47,False,in_sample
2015-12-02,223,361.8450012207031,3.04,0.0,6.22,0.0,4.21,4.92,0.0,0.0,0.0,7.44,False,in_sample
2015-12-03,296,359.33099365234375,12.13,0.0,36.01,0.0,17.6,12.91,0.0,13.66,0.0,16.11,False,in_sample
2015-12-04,238,361.2619934082031,5.16,0.0,16.77,0.0,11.2,5.73,0.0,2.35,0.0,9.01,False,in_sample
2015-12-05,243,363.72100830078125,6.4,2.51,20.08,0.0,15.16,6.07,0.0,4.16,0.0,9.64,False,in_sample
2015-12-06,230,389.55499267578125,6.32,9.97,16.01,0.0,16.91,4.14,0.0,1.83,0.0,8.0,False,in_sample
2015-12-07,312,389.9779968261719,14.79,16.66,38.53,0.0,28.44,13.06,0.0,15.21,0.0,17.64,False,in_sample
2015-12-08,269,395.7539978027344,13.37,27.02,32.22,0.0,29.41,7.9,0.0,11.15,0.0,12.66,False,in_sample
2015-12-09,237,414.4410095214844,11.48,32.88,23.28,0.0,29.35,3.66,0.0,5.74,0.0,8.37,False,in_sample
2015-12-10,247,417.9880065917969,12.97,36.56,26.67,0.0,31.46,4.64,0.0,7.69,0.0,9.71,False,in_sample
2015-12-11,338,415.281005859375,20.34,41.83,42.01,4.12,43.96,14.31,0.0,17.67,0.0,19.17,False,in_sample
2015-12-12,436,452.3349914550781,30.55,49.26,65.27,8.28,57.67,23.87,7.1410267612076845,36.71,3.55,27.2,False,in_sample
2015-12-13,435,431.6600036621094,29.92,49.74,62.96,8.02,53.31,23.82,6.943478400307297,34.64,6.78,27.07,False,in_sample
2015-12-14,443,433.2720031738281,30.13,50.19,62.72,7.56,55.27,24.48,7.636779733906914,34.44,5.23,27.63,False,in_sample
2015-12-15,465,443.87799072265625,31.23,50.67,63.65,8.35,57.35,26.04,9.64347960384549,35.32,5.06,29.18,False,in_sample
2015-12-16,455,465.2080078125,31.95,51.13,66.07,9.45,59.38,25.35,8.601939579434937,37.61,5.75,28.41,False,in_sample
2015-12-17,457,454.7770080566406,31.65,51.58,64.78,8.96,57.01,25.52,8.694846456267982,36.43,7.48,28.55,False,in_sample
2015-12-18,464,455.84698486328125,31.68,52.03,64.95,8.85,55.99,26.01,9.257587255436677,36.62,6.58,29.04,False,in_sample
2015-12-19,462,463.552001953125,31.77,52.46,65.69,8.51,55.67,25.92,8.972491613226396,37.33,6.71,28.86,False,in_sample
2015-12-20,443,462.2340087890625,31.33,52.83,65.37,8.47,55.97,24.59,7.050471269397934,37.06,7.23,27.44,False,in_sample
2015-12-21,438,442.8380126953125,30.46,53.2,62.99,8.31,53.8,24.29,6.459580359087805,34.89,7.04,27.09,False,in_sample
2015-12-22,436,437.4360046386719,29.97,53.57,62.4,8.21,52.56,24.14,6.162973728484684,34.36,5.41,26.89,False,in_sample
2015-12-23,443,436.7200012207031,29.99,53.97,62.05,7.91,51.97,24.7,6.757517759421303,34.06,4.98,27.43,False,in_sample
2015-12-24,456,443.09100341796875,30.46,54.37,62.94,7.72,51.53,25.66,7.917153706777613,34.88,4.74,28.38,False,in_sample
2015-12-25,456,454.8550109863281,31.04,54.75,64.49,7.8,52.91,25.68,7.819705254968236,36.32,5.33,28.32,False,in_sample
2015-12-26,419,455.7560119628906,30.24,55.05,64.37,8.18,53.2,23.0,4.042911212965914,36.24,6.39,25.47,False,in_sample
2015-12-27,423,416.5140075683594,29.68,55.35,59.47,7.5,56.84,23.38,4.358196152111278,31.84,6.33,25.82,False,in_sample
2015-12-28,422,423.3429870605469,29.19,55.64,60.1,7.1,55.07,23.29,4.157443856618745,32.4,3.09,25.68,False,in_sample
2015-12-29,432,422.0979919433594,29.39,55.91,59.87,6.72,54.54,24.09,5.078328653965345,32.2,3.45,26.48,False,in_sample
2015-12-30,427,433.29998779296875,29.14,56.13,61.26,5.65,52.1,23.74,4.474227755124339,33.43,3.27,26.06,False,in_sample
2015-12-31,430,425.875,29.03,56.38,60.53,4.55,51.59,24.05,4.6811119482778825,32.79,4.14,26.34,False,in_sample
2016-01-01,435,430.72100830078125,28.98,56.64,60.97,4.14,49.76,24.45,5.08648971843811,33.19,3.64,26.72,False,in_sample
2016-01-02,372,434.62200927734375,26.79,63.45,50.47,11.95,49.25,21.02,0.0,24.47,0.0,20.54,False,in_sample
2016-01-03,433,433.5780029296875,30.3,65.33,60.91,14.51,44.18,26.86,4.690757000355996,33.58,2.29,25.04,False,in_sample
2016-01-04,418,430.0610046386719,29.16,64.36,57.0,18.61,42.6,26.49,3.0584933246752866,30.36,0.0,23.02,False,in_sample
2016-01-05,456,433.0690002441406,30.81,59.52,60.5,18.63,46.99,29.54,6.7487453513574795,33.84,2.78,25.46,False,in_sample
2016-01-06,538,431.8559875488281,35.3,58.77,67.88,29.16,47.22,35.25,13.851526163943301,41.59,7.6,30.27,False,in_sample
2016-01-07,678,430.010986328125,41.71,62.55,75.24,34.84,55.01,42.84,23.826787723620953,51.04,13.24,36.78,False,in_sample
2016-01-08,607,457.5379943847656,36.26,66.26,70.31,31.89,25.29,39.3,18.914156073435493,48.28,12.81,32.17,False,in_sample
2016-01-09,573,453.38299560546875,33.44,65.51,65.64,32.75,22.88,37.43,16.307757164175925,40.83,6.5,29.45,False,in_sample
2016-01-10,616,448.2380065917969,34.29,63.31,68.15,31.7,25.09,39.42,19.363995402455277,42.57,7.03,31.38,False,in_sample
2016-01-11,731,448.697998046875,37.56,57.28,73.53,37.54,31.66,44.26,26.725736982639344,46.12,11.21,36.46,False,in_sample
2016-01-12,754,448.1820068359375,38.13,56.02,74.52,37.89,31.73,44.31,27.98097498276301,50.55,11.71,36.45,False,in_sample
2016-01-13,433,434.6650085449219,30.41,60.15,61.86,7.85,53.5,24.86,3.7155744477007846,34.19,5.12,26.17,False,in_sample
2016-01-14,430,432.2879943847656,29.69,60.4,60.61,7.89,50.08,24.73,3.31511864328981,33.07,4.46,25.97,False,in_sample
2016-01-15,368,430.2550048828125,27.69,60.57,60.26,7.33,44.06,19.85,0.0,32.76,3.61,20.76,False,in_sample
2016-01-16,389,365.072998046875,25.83,60.76,50.46,7.02,42.28,21.6,0.0,24.48,3.35,22.52,False,in_sample
2016-01-17,383,387.1520080566406,26.19,60.93,54.05,7.71,42.35,21.19,0.0,27.41,0.0,22.03,False,in_sample
2016-01-18,385,381.7330017089844,26.52,61.12,53.1,7.26,46.87,21.44,0.0,26.63,0.0,22.23,False,in_sample
2016-01-19,379,387.0260009765625,26.3,61.29,53.55,6.56,45.75,20.94,0.0,26.99,0.0,21.63,False,in_sample
2016-01-20,421,379.739990234375,26.94,61.52,52.39,6.11,46.87,24.36,1.8079721177887607,26.05,0.0,25.14,False,in_sample
2016-01-21,410,419.6319885253906,27.96,61.71,59.06,6.6,44.82,23.55,0.5555567254685704,31.7,0.0,24.22,False,in_sample
2016-01-22,382,409.7510070800781,27.82,61.88,57.38,7.42,48.09,21.33,0.0,30.25,2.33,21.71,False,in_sample
2016-01-23,387,382.4339904785156,27.11,62.05,53.11,8.13,48.94,21.83,0.0,26.6,1.27,22.08,False,in_sample
2016-01-24,404,388.10198974609375,27.78,62.24,54.03,8.34,51.26,23.25,0.0,27.36,0.0,23.51,False,in_sample
2016-01-25,392,402.3169860839844,28.18,62.39,56.76,9.32,50.56,22.38,0.0,29.66,0.0,22.5,False,in_sample
2016-01-26,392,392.00201416015625,27.88,62.56,54.88,10.71,49.33,22.37,0.0,28.09,0.62,22.4,False,in_sample
2016-01-27,395,392.4440002441406,27.83,62.72,54.73,11.81,47.88,22.69,0.0,27.97,0.0,22.68,False,in_sample
2016-01-28,379,395.14599609375,27.49,62.87,55.28,11.85,46.24,21.45,0.0,28.44,0.0,21.3,False,in_sample
2016-01-29,379,380.1080017089844,26.98,63.02,52.68,11.55,46.47,21.51,0.0,26.27,0.0,21.3,False,in_sample
2016-01-30,378,378.864990234375,27.27,63.18,52.78,12.49,48.07,21.42,0.0,26.34,0.0,21.13,False,in_sample
2016-01-31,367,378.2929992675781,27.2,63.32,52.44,12.21,50.11,20.54,0.0,26.07,0.0,20.14,False,in_sample
2016-02-01,435,369.3500061035156,28.88,56.9,61.61,2.91,48.48,24.48,2.0680321926452647,33.77,3.92,26.7,False,in_sample
2016-02-02,373,372.9200134277344,27.02,63.59,51.51,12.24,48.61,21.22,0.0,25.3,0.0,20.69,False,in_sample
2016-02-03,424,374.64599609375,30.4,65.36,60.1,16.5,45.72,26.17,0.7546764737980531,32.89,2.66,24.24,False,in_sample
2016-02-04,420,370.17401123046875,29.21,64.19,57.16,18.91,42.1,26.69,0.24321934999316924,30.51,0.11,23.22,False,in_sample
2016-02-05,445,388.89801025390625,30.64,59.38,61.11,18.66,46.54,28.82,2.672881447230866,34.42,2.15,24.7,False,in_sample
2016-02-06,539,386.5889892578125,35.55,58.84,68.41,30.77,46.76,35.34,10.952469289596753,42.17,7.38,30.27,False,in_sample
2016-02-07,703,376.5140075683594,42.54,62.73,75.38,34.68,56.29,44.03,22.46907132003534,51.22,15.28,38.0,False,in_sample
2016-02-08,527,376.7569885253906,34.86,66.22,68.85,31.75,25.76,34.72,9.776323613088415,48.2,10.93,27.3,False,in_sample
2016-02-09,577,373.4230041503906,33.36,65.48,65.64,32.38,22.07,37.69,13.64372029809046,41.08,6.22,29.72,False,in_sample
2016-02-10,612,376.14599609375,34.27,63.02,68.69,31.79,25.04,39.2,16.123576259987267,42.34,7.22,31.17,False,in_sample
2016-02-11,741,382.114013671875,37.85,57.19,75.47,38.11,29.53,44.66,24.39389118587714,47.62,11.14,36.89,False,in_sample
2016-02-12,773,379.6860046386719,38.45,56.1,75.14,37.69,31.9,45.08,26.149154597196432,50.68,12.23,37.25,False,in_sample
2016-02-13,390,384.6409912109375,27.58,64.71,53.48,9.19,48.84,23.08,0.0,26.93,0.0,22.02,False,in_sample
2016-02-14,407,392.9320068359375,28.03,64.83,54.69,9.0,47.94,24.44,0.0,27.95,0.0,23.4,False,in_sample
2016-02-15,400,407.5679931640625,28.38,64.93,57.27,9.29,47.02,23.93,0.0,30.15,0.0,22.79,False,in_sample
2016-02-16,408,401.4320068359375,28.38,65.03,56.17,10.64,46.06,24.58,0.0,29.21,0.33,23.4,False,in_sample
2016-02-17,416,407.656005859375,28.81,65.11,57.29,11.94,45.47,25.25,0.0,30.19,0.0,24.05,False,in_sample
2016-02-18,422,416.5719909667969,29.48,65.17,58.41,12.65,47.28,25.73,0.0,31.19,0.35,24.52,False,in_sample
2016-02-19,420,422.7300109863281,29.8,65.25,59.22,12.57,48.16,25.64,0.0,31.91,1.08,24.36,False,in_sample
2016-02-20,441,421.60101318359375,30.21,65.33,58.89,12.93,48.41,27.18,0.8246586100420882,31.65,1.58,25.94,False,in_sample
2016-02-21,439,437.77301025390625,30.5,65.34,61.64,13.46,45.6,27.1,0.5288132903348548,34.12,1.4,25.81,False,in_sample
2016-02-22,438,438.989013671875,30.52,65.3,61.4,13.68,44.5,27.03,0.3321304329711207,33.92,3.17,25.71,False,in_sample
2016-02-23,421,438.2550048828125,29.97,65.22,61.19,13.69,42.78,25.76,0.0,33.74,3.01,24.33,False,in_sample
2016-02-24,424,420.95599365234375,29.3,65.19,58.76,13.19,41.39,26.08,0.0,31.58,2.87,24.62,False,in_sample
2016-02-25,425,425.0369873046875,29.4,65.19,59.28,12.75,43.31,26.1,0.0,32.05,1.3,24.6,False,in_sample
2016-02-26,432,424.6289978027344,29.67,65.16,59.27,13.17,43.92,26.7,0.0,32.05,1.62,25.18,False,in_sample
2016-02-27,433,432.8389892578125,30.21,65.15,60.3,13.1,46.68,26.81,0.0,32.97,1.6,25.26,False,in_sample
2016-02-28,434,432.5710144042969,30.15,65.13,60.43,13.17,45.18,26.84,0.0,33.1,2.24,25.24,False,in_sample
2016-02-29,438,433.43798828125,30.22,65.21,60.39,13.52,44.71,27.2,0.0,33.08,2.31,25.56,False,in_sample
2016-03-01,431,437.9169921875,28.77,57.17,61.56,2.21,48.71,24.21,0.0,33.74,4.31,26.36,False,in_sample
2016-03-02,369,435.1310119628906,26.99,63.7,51.84,12.18,48.48,20.86,0.0,25.56,0.0,20.25,False,in_sample
2016-03-03,420,423.9119873046875,29.96,65.39,58.72,16.51,45.35,25.92,0.0,31.66,2.19,23.89,False,in_sample
2016-03-04,421,421.83599853515625,29.44,63.99,57.52,18.7,43.77,26.73,0.0,30.83,0.2,23.23,False,in_sample
2016-03-05,452,410.781005859375,30.51,59.25,59.76,18.38,46.92,29.31,0.5514739988431312,33.19,2.54,25.2,False,in_sample
2016-03-06,571,400.5249938964844,36.37,58.94,68.36,31.78,48.85,37.19,10.707188242215691,42.18,7.82,32.18,False,in_sample
2016-03-07,663,407.7569885253906,42.21,62.87,76.91,34.47,56.29,42.12,17.166029233632347,53.05,15.42,35.97,False,in_sample
2016-03-08,571,414.4649963378906,34.62,66.22,61.42,33.01,25.57,37.31,10.516850864642754,48.29,9.74,29.99,False,in_sample
2016-03-09,601,413.8940124511719,33.56,65.45,66.06,32.12,21.9,38.99,12.668814605652054,40.23,6.17,31.08,False,in_sample
2016-03-10,613,414.7439880371094,34.41,62.75,68.36,31.86,25.84,39.22,13.44165380253099,42.88,7.59,31.19,False,in_sample
2016-03-11,690,417.2380065917969,37.67,57.05,75.99,38.0,30.04,42.3,18.540855951556583,48.43,12.82,34.43,False,in_sample
2016-03-12,767,421.6050109863281,38.95,56.19,76.13,38.95,34.61,44.78,23.091225920140886,50.27,12.8,36.79,False,in_sample
2016-03-13,412,411.64801025390625,29.26,65.7,56.66,17.28,44.34,25.67,0.0,29.92,0.79,22.94,False,in_sample
2016-03-14,416,414.20098876953125,29.14,65.75,56.87,16.86,43.58,25.95,0.0,30.11,0.0,23.17,False,in_sample
2016-03-15,416,416.38800048828125,29.29,65.78,57.33,15.81,44.99,26.0,0.0,30.52,0.06,23.16,False,in_sample
2016-03-16,418,416.88800048828125,29.58,65.75,57.34,16.19,46.65,26.16,0.0,30.53,0.34,23.28,False,in_sample
2016-03-17,419,417.8890075683594,29.55,65.74,57.57,15.99,45.83,26.31,0.0,30.74,0.35,23.39,False,in_sample
2016-03-18,409,420.5469970703125,29.2,65.71,57.77,16.04,43.64,25.59,0.0,30.93,0.49,22.59,False,in_sample
2016-03-19,410,409.2650146484375,28.62,65.66,56.29,15.02,42.08,25.63,0.0,29.65,0.61,22.59,False,in_sample
2016-03-20,413,410.4010009765625,28.6,65.6,56.33,14.81,42.27,25.89,0.0,29.68,0.0,22.83,False,in_sample
2016-03-21,412,413.4179992675781,28.68,65.57,56.78,14.53,42.56,25.88,0.0,30.07,0.0,22.75,False,in_sample
2016-03-22,417,413.1319885253906,28.86,65.55,56.67,14.42,43.73,26.28,0.0,29.99,0.0,23.13,False,in_sample
2016-03-23,418,418.1610107421875,29.05,65.52,57.38,14.29,44.08,26.37,0.0,30.61,0.0,23.19,False,in_sample
2016-03-24,414,418.42401123046875,29.13,65.48,57.48,14.41,44.75,26.1,0.0,30.71,0.34,22.87,False,in_sample
2016-03-25,417,416.50799560546875,29.1,65.39,56.88,15.1,44.55,26.34,0.0,30.19,0.4,23.07,False,in_sample
2016-03-26,417,417.364990234375,29.23,65.3,57.25,15.68,44.81,26.39,0.0,30.53,0.03,23.09,False,in_sample
2016-03-27,426,418.1400146484375,29.48,65.2,57.29,16.53,44.61,27.06,0.0,30.57,0.27,23.77,False,in_sample
2016-03-28,423,426.5480041503906,29.98,65.07,58.51,17.34,46.53,26.88,0.0,31.65,0.29,23.55,False,in_sample
2016-03-29,416,424.3039855957031,29.92,64.91,58.09,17.86,46.75,26.35,0.0,31.3,1.05,22.97,False,in_sample
2016-03-30,413,416.8340148925781,29.62,64.76,57.03,17.99,46.83,26.13,0.0,30.37,0.8,22.7,False,in_sample
2016-03-31,416,415.2569885253906,29.07,64.55,56.55,18.19,42.9,26.39,0.0,29.96,0.14,22.94,False,in_sample
2016-04-01,434,416.760009765625,29.12,57.45,60.95,2.19,52.03,24.5,0.0,33.2,4.25,26.61,False,in_sample
2016-04-02,390,418.4219970703125,27.3,63.84,50.99,11.63,49.48,22.72,0.0,24.88,0.0,22.14,False,in_sample
2016-04-03,408,421.1730041503906,29.71,65.41,58.13,17.59,45.73,25.08,0.0,31.16,1.3,22.95,False,in_sample
2016-04-04,420,421.29901123046875,29.3,63.76,57.55,16.46,44.75,26.7,0.0,30.86,0.41,23.18,False,in_sample
2016-04-05,449,421.0169982910156,30.5,59.13,60.63,17.55,47.56,29.08,0.0,33.99,1.66,24.94,False,in_sample
2016-04-06,575,424.28399658203125,36.86,59.01,71.08,31.45,47.38,37.44,8.070540202505788,45.08,7.87,32.41,False,in_sample
2016-04-07,680,423.6199951171875,41.95,63.02,74.25,34.1,55.93,42.96,15.362654993271684,49.93,16.77,36.84,False,in_sample
2016-04-08,584,422.9070129394531,34.57,66.22,65.9,32.61,25.11,38.07,8.565222603170799,48.25,4.3,30.7,False,in_sample
2016-04-09,611,420.8110046386719,34.44,65.45,68.16,32.43,25.61,39.53,10.461628647564918,40.7,6.44,31.64,False,in_sample
2016-04-10,611,419.5920104980469,34.34,62.48,68.38,32.32,25.8,39.05,10.367285595916401,42.7,7.31,31.0,False,in_sample
2016-04-11,706,421.87200927734375,37.08,56.92,72.7,36.91,27.02,43.0,16.640960740569767,48.68,13.29,35.17,False,in_sample
2016-04-12,767,422.8429870605469,39.34,56.28,75.42,42.36,34.98,44.75,20.199506382287193,49.72,13.71,36.79,False,in_sample
2016-04-13,425,425.6319885253906,29.86,61.98,58.19,19.81,46.16,27.16,0.0,31.54,0.48,23.39,False,in_sample
2016-04-14,426,423.93499755859375,29.85,61.78,57.8,19.36,46.98,27.25,0.0,31.2,0.83,23.46,False,in_sample
2016-04-15,431,424.427001953125,29.68,61.66,57.92,17.91,46.27,27.64,0.0,31.32,0.57,23.84,False,in_sample
2016-04-16,433,429.57501220703125,29.62,61.53,58.59,17.8,44.38,27.76,0.0,31.92,0.63,23.95,False,in_sample
2016-04-17,430,430.635986328125,29.62,61.4,58.77,18.03,43.98,27.56,0.0,32.09,1.03,23.72,False,in_sample
2016-04-18,430,427.6109924316406,29.34,61.25,58.35,16.79,43.47,27.6,0.0,31.72,1.13,23.73,False,in_sample
2016-04-19,438,428.7030029296875,29.55,61.13,58.38,16.8,44.54,28.2,0.0,31.75,0.84,24.34,False,in_sample
2016-04-20,443,435.3240051269531,29.91,60.99,59.44,16.59,45.35,28.58,0.0,32.72,0.83,24.72,False,in_sample
2016-04-21,453,441.4159851074219,30.5,60.86,60.09,16.78,47.3,29.27,0.0,33.32,1.49,25.42,False,in_sample
2016-04-22,449,449.68798828125,30.76,60.74,61.28,17.49,46.95,29.0,0.0,34.43,1.9,25.1,False,in_sample
2016-04-23,454,445.8609924316406,30.59,60.62,60.69,16.88,45.59,29.42,0.0,33.91,2.67,25.53,False,in_sample
2016-04-24,464,450.55999755859375,30.57,60.52,61.41,15.79,44.24,30.09,0.0,34.58,2.29,26.21,False,in_sample
2016-04-25,466,459.1210021972656,30.84,60.41,62.53,16.42,43.24,30.23,0.0,35.64,2.74,26.3,False,in_sample
2016-04-26,470,461.64801025390625,31.37,60.32,62.65,18.79,44.14,30.53,0.0,35.79,3.49,26.59,False,in_sample
2016-04-27,446,466.2619934082031,31.07,60.14,63.08,19.55,43.36,28.85,0.0,36.22,3.61,24.82,False,in_sample
2016-04-28,452,445.0379943847656,30.51,59.97,60.05,19.12,43.66,29.24,0.0,33.4,3.92,25.2,False,in_sample
2016-04-29,458,449.4079895019531,30.49,59.83,60.71,18.83,43.82,29.67,0.0,34.02,1.9,25.63,False,in_sample
2016-04-30,450,455.1780090332031,30.72,59.67,61.44,18.75,45.32,29.17,0.0,34.71,2.32,25.09,False,in_sample
2016-05-01,433,448.4840087890625,29.19,57.72,61.36,1.6,52.85,24.5,0.0,33.57,3.84,26.54,False,in_sample
2016-05-02,385,451.9330139160156,28.07,63.95,54.73,11.72,50.27,22.34,0.0,27.95,0.0,21.67,False,in_sample
2016-05-03,398,444.72698974609375,29.12,65.45,56.45,18.84,44.43,24.27,0.0,29.7,0.93,21.97,False,in_sample
2016-05-04,423,450.1830139160156,29.48,63.56,57.45,16.73,46.05,26.93,0.0,30.78,0.41,23.4,False,in_sample
2016-05-05,450,446.71099853515625,30.6,59.13,60.18,18.7,47.46,29.15,0.0,33.58,2.19,25.01,False,in_sample
2016-05-06,576,447.9419860839844,37.5,59.09,71.34,31.2,50.54,37.5,5.311744077055446,45.39,9.99,32.44,False,in_sample
2016-05-07,669,459.6390075683594,41.63,63.16,75.36,33.97,54.91,42.4,11.833892225718772,51.23,14.47,36.2,False,in_sample
2016-05-08,582,458.4289855957031,35.36,66.22,67.04,33.43,27.38,37.95,5.581291178686359,48.32,7.3,30.55,False,in_sample
2016-05-09,608,458.20599365234375,34.63,65.44,68.99,32.76,25.15,39.36,7.419500719806583,40.54,7.94,31.46,False,in_sample
2016-05-10,613,460.51800537109375,34.61,62.12,68.11,33.25,27.83,39.14,7.687704314142538,42.64,7.32,31.11,False,in_sample
2016-05-11,707,450.864013671875,37.13,56.77,73.7,36.75,27.69,43.03,13.903437912507567,50.51,10.5,35.23,False,in_sample
2016-05-12,753,452.4469909667969,39.2,56.35,75.4,42.19,35.42,44.12,16.598471316334727,49.84,13.36,36.13,False,in_sample
2016-05-13,458,454.8500061035156,30.42,58.84,60.84,18.99,43.53,29.75,0.0,34.27,2.09,25.46,False,in_sample
2016-05-14,459,455.822998046875,30.44,58.78,61.03,17.68,44.52,29.81,0.0,34.45,2.2,25.5,False,in_sample
2016-05-15,461,455.7590026855469,30.49,58.74,61.1,17.48,44.6,30.01,0.0,34.53,2.3,25.7,False,in_sample
2016-05-16,456,457.58599853515625,30.38,58.69,61.42,17.61,43.62,29.62,0.0,34.84,2.34,25.26,False,in_sample
2016-05-17,454,454.0090026855469,30.21,58.64,60.69,18.17,43.2,29.5,0.0,34.16,2.53,24.96,False,in_sample
2016-05-18,455,453.6910095214844,30.43,58.61,60.27,20.42,44.12,29.57,0.0,33.82,2.02,25.0,False,in_sample
2016-05-19,438,454.52398681640625,29.94,58.57,60.36,20.95,41.7,28.37,0.0,33.92,1.85,23.69,False,in_sample
2016-05-20,443,437.7929992675781,29.59,58.53,58.08,21.2,42.01,28.73,0.0,31.83,1.9,24.02,False,in_sample
2016-05-21,445,442.96600341796875,29.53,58.52,58.69,22.03,40.73,28.87,0.0,32.4,0.43,24.14,False,in_sample
2016-05-22,441,443.2179870605469,30.11,58.49,58.91,21.89,45.79,28.63,0.0,32.6,0.81,23.86,False,in_sample
2016-05-23,445,439.3479919433594,30.36,58.47,58.41,22.26,48.0,28.91,0.0,32.15,0.92,24.13,False,in_sample
2016-05-24,446,444.2909851074219,30.53,58.46,58.88,22.55,48.46,29.04,0.0,32.59,0.59,24.23,False,in_sample
2016-05-25,451,446.06201171875,30.17,58.41,59.06,21.17,45.26,29.41,0.0,32.76,0.87,24.57,False,in_sample
2016-05-26,455,449.6719970703125,29.97,58.38,59.67,20.73,42.09,29.71,0.0,33.33,0.97,24.85,False,in_sample
2016-05-27,472,453.52099609375,30.36,58.39,60.14,20.61,42.05,30.94,0.0,33.78,1.35,26.0,False,in_sample
2016-05-28,531,473.02899169921875,32.04,58.46,62.13,22.17,43.5,34.76,0.0,35.71,1.64,29.98,False,in_sample
2016-05-29,528,527.4769897460938,34.1,58.53,68.33,24.57,46.2,34.58,0.0,41.89,3.04,29.72,False,in_sample
2016-05-30,534,528.4710083007812,34.91,58.61,67.84,25.73,48.0,34.96,0.0,41.44,7.5,30.07,False,in_sample
2016-05-31,531,534.1909790039062,35.1,58.69,68.26,27.73,47.39,34.82,0.0,41.93,7.22,29.87,False,in_sample
2016-06-01,431,531.1069946289062,29.2,57.99,61.22,2.28,52.49,24.41,0.0,33.46,4.09,26.37,False,in_sample
2016-06-02,375,536.5150146484375,27.86,64.06,53.84,11.55,51.69,21.57,0.0,27.21,0.0,20.8,False,in_sample
2016-06-03,404,537.6820068359375,28.94,65.48,54.74,19.72,45.02,24.81,0.0,28.24,0.0,22.48,False,in_sample
2016-06-04,422,569.7050170898438,29.67,63.35,57.85,16.88,47.22,26.9,0.0,31.14,0.34,23.33,False,in_sample
2016-06-05,462,573.3079833984375,30.84,59.1,60.29,18.22,48.48,30.03,0.0,33.68,1.88,25.91,False,in_sample
2016-06-06,586,574.6019897460938,37.82,59.17,71.32,30.26,52.9,38.12,3.1580173909466325,45.4,10.23,33.02,False,in_sample
2016-06-07,678,585.4450073242188,41.63,63.3,74.51,34.3,53.96,42.86,9.535079826994894,50.25,15.41,36.66,False,in_sample
2016-06-08,591,577.1669921875,35.55,66.23,66.83,33.23,27.79,38.49,3.3474644942687988,48.1,8.14,31.1,False,in_sample
2016-06-09,613,582.2030029296875,34.79,65.44,68.7,32.03,26.31,39.65,4.875925940844263,40.74,8.53,31.75,False,in_sample
2016-06-10,612,575.8369750976562,34.69,61.78,68.26,33.67,28.56,39.09,4.709926303610257,42.67,7.11,31.07,False,in_sample
2016-06-11,716,578.6740112304688,37.16,56.63,73.77,36.39,27.99,43.41,11.584134502480813,49.25,11.32,35.65,False,in_sample
2016-06-12,760,609.6840209960938,38.94,56.42,74.52,41.83,33.66,44.37,14.13945259638214,49.91,13.33,36.4,False,in_sample
2016-06-13,705,671.6539916992188,42.38,59.67,77.42,32.08,57.63,44.14,10.711321065211319,52.67,11.97,38.96,False,in_sample
2016-06-14,685,704.5040283203125,43.19,59.83,78.99,35.4,57.0,43.23,9.340488317523537,54.84,15.81,37.93,False,in_sample
2016-06-15,696,685.6849975585938,43.4,59.99,77.67,35.95,57.79,43.7,9.95522613170089,53.31,17.65,38.34,False,in_sample
2016-06-16,768,696.5230102539062,44.69,60.21,78.05,37.09,57.77,46.9,14.23540313852667,53.88,16.53,41.62,False,in_sample
2016-06-17,751,768.4869995117188,45.98,60.41,81.47,40.11,60.16,46.15,13.148714698865463,58.51,17.04,40.79,False,in_sample
2016-06-18,759,748.7559814453125,46.42,60.62,80.39,40.16,61.53,46.49,13.527211736438268,57.2,20.78,41.12,False,in_sample
2016-06-19,767,756.68798828125,46.82,60.83,80.68,40.74,63.41,46.84,13.900899240762746,57.63,19.85,41.47,False,in_sample
2016-06-20,723,763.927001953125,46.27,61.0,81.01,40.5,63.96,44.9,11.183069439987271,58.09,20.22,39.37,False,in_sample
2016-06-21,670,735.8829956054688,44.42,61.14,78.55,39.53,61.65,42.44,7.7065725587137095,55.0,20.59,36.7,False,in_sample
2016-06-22,595,665.9149780273438,41.28,61.21,75.2,39.84,54.79,38.6,2.336158635225444,51.01,18.27,32.61,False,in_sample
2016-06-23,628,597.4429931640625,39.73,61.33,69.77,38.99,51.16,40.35,4.642548850791996,44.82,15.32,34.43,False,in_sample
2016-06-24,665,625.5750122070312,40.09,61.52,72.35,37.16,49.28,42.17,7.0948567976044,47.66,10.76,36.34,False,in_sample
2016-06-25,669,665.281005859375,41.38,61.7,74.88,36.49,53.28,42.4,7.268656784811962,50.56,12.79,36.51,False,in_sample
2016-06-26,631,665.9310302734375,41.02,61.84,75.11,36.44,53.74,40.48,4.574894908463577,50.85,14.92,34.46,False,in_sample
2016-06-27,653,629.3489990234375,40.91,61.98,72.39,36.16,54.97,41.59,6.006196598911348,47.72,15.15,35.6,False,in_sample
2016-06-28,648,658.1019897460938,40.72,62.12,73.91,35.81,53.42,41.34,5.571290867135892,49.46,12.86,35.32,False,in_sample
2016-06-29,639,644.1220092773438,40.5,62.25,73.51,34.83,53.48,40.91,4.856017471721421,49.01,14.12,34.85,False,in_sample
2016-06-30,675,640.5910034179688,40.9,62.39,72.88,33.72,54.02,42.68,7.201843933217365,48.28,13.79,36.63,False,in_sample
2016-07-01,460,672.5150146484375,29.74,58.3,60.93,2.78,50.71,26.48,0.0,33.21,3.98,28.32,False,in_sample
2016-07-02,376,676.7340087890625,27.57,64.17,52.15,11.74,51.72,21.65,0.0,25.82,0.0,20.84,False,in_sample
2016-07-03,414,704.968017578125,29.16,65.51,55.75,19.91,43.35,25.59,0.0,29.11,0.0,23.22,False,in_sample
2016-07-04,422,658.8040161132812,29.51,63.13,57.7,17.9,45.14,26.87,0.0,31.03,0.58,23.22,False,in_sample
2016-07-05,462,683.208984375,31.08,59.09,61.8,18.46,47.49,30.01,0.0,35.11,1.92,25.85,False,in_sample
2016-07-06,579,670.4180297851562,38.13,59.22,72.07,30.31,54.82,37.72,0.0,46.27,10.24,32.55,False,in_sample
2016-07-07,641,678.0900268554688,40.76,63.42,75.09,33.94,52.01,41.01,4.251156855696963,50.94,14.7,34.68,False,in_sample
2016-07-08,595,640.68798828125,35.4,66.25,67.68,33.58,27.61,38.71,0.8412888395489978,45.53,7.95,31.3,False,in_sample
2016-07-09,616,666.3839721679688,34.5,65.45,69.11,31.19,24.43,39.78,2.29310893097371,40.37,8.29,31.89,False,in_sample
2016-07-10,618,650.5989990234375,34.63,61.44,68.21,33.5,27.5,39.4,2.344403338092572,42.98,7.2,31.4,False,in_sample
2016-07-11,707,648.4840087890625,37.39,56.49,74.33,36.33,30.8,42.93,8.246244717228752,49.15,11.35,35.16,False,in_sample
2016-07-12,765,648.2830200195312,39.16,56.5,74.88,41.01,35.62,44.59,11.667506625532239,50.63,12.59,36.64,False,in_sample
2016-07-13,659,664.7969970703125,38.02,64.24,74.3,33.95,26.31,41.95,4.928047534995291,50.94,13.43,35.4,False,in_sample
2016-07-14,661,652.9229736328125,37.77,64.37,73.46,33.95,26.33,42.08,4.970414379610475,47.91,14.54,35.52,False,in_sample
2016-07-15,667,659.1710205078125,37.89,64.5,73.61,33.41,25.59,42.37,5.280567827567411,49.89,13.82,35.8,False,in_sample
2016-07-16,666,663.781005859375,37.95,64.62,73.99,32.31,28.04,42.3,5.121056674250694,48.77,13.93,35.72,False,in_sample
2016-07-17,682,661.9929809570312,38.28,64.75,73.86,31.82,29.05,43.06,6.087023705736943,48.56,14.22,36.49,False,in_sample
2016-07-18,676,679.8090209960938,38.5,64.88,74.85,32.6,30.28,42.78,5.600476169683439,48.53,14.09,36.17,False,in_sample
2016-07-19,675,672.7379760742188,38.51,65.02,74.42,33.04,28.01,42.76,5.441941876598163,50.06,14.94,36.11,False,in_sample
2016-07-20,668,672.8060302734375,38.25,65.15,74.31,33.56,27.83,42.4,4.884434320597437,49.09,14.56,35.71,False,in_sample
2016-07-21,667,665.22802734375,38.06,65.27,73.79,33.74,26.41,42.38,4.725052448577523,49.25,14.48,35.67,False,in_sample
2016-07-22,651,664.9219970703125,37.67,65.38,73.73,33.32,26.06,41.58,3.549174009066243,49.68,14.01,34.8,False,in_sample
2016-07-23,658,650.7260131835938,37.41,65.48,72.57,33.04,24.28,41.92,3.9337688665000314,49.52,13.93,35.14,False,in_sample
2016-07-24,662,655.4099731445312,37.44,65.58,73.05,32.97,23.35,42.12,4.111653699513364,50.69,12.93,35.32,False,in_sample
2016-07-25,656,661.2630004882812,37.41,65.67,73.26,33.43,23.63,41.81,3.6127249591596278,50.18,13.28,34.96,False,in_sample
2016-07-26,655,654.2260131835938,37.27,65.77,72.76,32.91,23.4,41.79,3.452041162987205,50.08,13.47,34.92,False,in_sample
2016-07-27,657,651.6270141601562,37.15,65.87,72.7,32.35,23.69,41.87,3.4955734349094207,49.46,13.05,34.98,False,in_sample
2016-07-28,657,654.4920043945312,37.18,65.97,72.77,32.21,24.16,41.86,3.403022117732045,49.39,12.97,34.95,False,in_sample
2016-07-29,658,655.1110229492188,37.27,66.07,72.74,32.55,25.76,41.93,3.3784003779391827,48.05,13.02,35.0,False,in_sample
2016-07-30,656,657.0120239257812,37.15,66.16,72.81,32.17,24.88,41.82,3.1499270087568574,48.58,12.96,34.86,False,in_sample
2016-07-31,625,655.0999755859375,36.85,66.22,72.61,31.78,25.77,40.26,0.8951367295473927,48.84,12.99,33.21,False,in_sample
2016-08-01,455,624.6019897460938,30.66,58.61,64.36,3.93,52.34,26.18,0.0,36.38,3.77,27.91,False,in_sample
2016-08-02,371,606.39697265625,27.13,64.26,52.23,11.56,48.47,21.32,0.0,25.9,0.0,20.45,False,in_sample
2016-08-03,412,548.656005859375,29.47,65.52,57.17,19.66,44.03,25.48,0.0,30.34,0.0,23.04,False,in_sample
2016-08-04,419,566.3289794921875,29.45,62.91,57.49,19.49,44.12,26.66,0.0,30.88,0.5,22.98,False,in_sample
2016-08-05,462,578.281005859375,31.35,59.07,61.73,18.8,48.68,30.01,0.0,35.05,2.92,25.85,False,in_sample
2016-08-06,584,575.030029296875,37.87,59.27,71.38,30.04,52.93,38.0,0.0,45.54,10.91,32.8,False,in_sample
2016-08-07,666,587.77099609375,40.51,63.57,72.46,32.86,51.88,42.26,3.0864120606825787,47.91,15.2,35.95,False,in_sample
2016-08-08,592,592.7360229492188,35.3,66.24,68.02,35.07,26.23,38.55,0.0,43.92,8.54,31.11,False,in_sample
2016-08-09,631,591.0380249023438,34.76,65.48,69.3,30.72,25.21,40.55,0.48783323313940546,40.35,8.59,32.68,False,in_sample
2016-08-10,620,587.6480102539062,34.71,61.09,68.7,33.2,27.76,39.45,0.0,43.55,7.13,31.46,False,in_sample
2016-08-11,712,592.1240234375,37.75,56.36,73.65,35.34,32.58,43.16,5.704291005793865,51.43,11.8,35.39,False,in_sample
2016-08-12,768,588.7979736328125,39.44,56.59,75.17,41.28,36.27,44.66,8.99906759397534,51.38,12.88,36.71,False,in_sample
2016-08-13,586,587.3569946289062,34.44,66.12,67.37,30.8,25.94,38.21,0.0,42.57,8.24,30.69,False,in_sample
2016-08-14,572,585.5889892578125,34.27,66.06,67.2,30.44,26.55,37.42,0.0,42.91,8.04,29.85,False,in_sample
2016-08-15,567,570.4940185546875,33.89,66.0,65.89,30.03,25.87,37.15,0.0,42.61,7.88,29.55,False,in_sample
2016-08-16,579,567.2429809570312,33.55,65.98,65.46,29.85,23.47,37.82,0.0,42.26,6.91,30.23,False,in_sample
2016-08-17,574,577.760986328125,33.28,65.95,66.55,30.37,20.15,37.55,0.0,42.46,6.54,29.93,False,in_sample
2016-08-18,574,573.7069702148438,33.27,65.91,66.11,29.33,20.92,37.52,0.0,42.41,7.29,29.9,False,in_sample
2016-08-19,574,574.3389892578125,33.3,65.88,66.06,28.77,22.4,37.56,0.0,42.17,6.94,29.91,False,in_sample
2016-08-20,582,576.083984375,33.74,65.86,66.11,29.22,25.32,38.0,0.0,41.99,6.87,30.29,False,in_sample
2016-08-21,581,581.9390258789062,33.83,65.85,66.75,30.11,26.15,37.94,0.0,40.63,6.87,30.22,False,in_sample
2016-08-22,585,581.3109741210938,33.88,65.83,66.64,29.66,26.67,38.18,0.0,40.17,7.35,30.46,False,in_sample
2016-08-23,583,586.77099609375,33.96,65.82,67.01,29.9,26.03,38.04,0.0,41.29,7.24,30.31,False,in_sample
2016-08-24,579,583.4119873046875,33.73,65.8,66.79,29.64,25.14,37.82,0.0,40.83,7.47,30.06,False,in_sample
2016-08-25,577,580.1799926757812,33.35,65.76,66.43,29.84,22.61,37.67,0.0,40.78,7.27,29.82,False,in_sample
2016-08-26,579,577.7529907226562,33.24,65.73,66.08,30.54,21.23,37.83,0.0,40.83,6.97,29.97,False,in_sample
2016-08-27,571,579.4520263671875,33.08,65.69,66.33,30.28,20.4,37.33,0.0,41.51,6.74,29.45,False,in_sample
2016-08-28,576,569.8300170898438,33.19,65.64,65.51,29.7,22.25,37.61,0.0,41.4,6.89,29.74,False,in_sample
2016-08-29,574,574.0709838867188,33.33,65.61,65.97,29.61,23.58,37.51,0.0,41.77,6.26,29.62,False,in_sample
2016-08-30,576,574.114013671875,33.6,65.58,65.83,30.35,25.24,37.64,0.0,41.54,6.55,29.72,False,in_sample
2016-08-31,573,577.5910034179688,33.53,65.55,66.01,32.11,23.66,37.44,0.0,41.16,6.39,29.47,False,in_sample
2016-09-01,450,575.5460205078125,30.96,58.92,63.68,5.05,53.58,25.92,0.0,35.77,6.13,27.59,False,in_sample
2016-09-02,374,572.4099731445312,26.77,64.36,51.47,10.68,46.89,21.6,0.0,25.28,0.0,20.67,False,in_sample
2016-09-03,413,575.5549926757812,29.54,65.55,56.89,18.62,45.73,25.6,0.0,30.1,0.29,23.09,False,in_sample
2016-09-04,419,598.5900268554688,29.38,62.72,57.07,19.65,44.35,26.67,0.0,30.5,0.43,22.99,False,in_sample
2016-09-05,464,608.989990234375,31.42,59.06,61.7,18.68,49.29,30.16,0.0,35.04,2.85,25.99,False,in_sample
2016-09-06,578,606.5059814453125,37.74,59.31,71.66,30.04,52.31,37.68,0.0,45.89,10.38,32.42,False,in_sample
2016-09-07,652,610.572998046875,40.6,63.71,74.19,33.32,49.76,41.61,0.0,53.06,12.97,35.21,False,in_sample
2016-09-08,588,614.635009765625,33.98,66.22,67.74,34.92,22.69,38.35,0.0,36.23,8.75,30.88,False,in_sample
2016-09-09,623,626.3519897460938,34.98,65.5,70.45,31.11,25.91,40.15,0.0,40.79,8.71,32.25,False,in_sample
2016-09-10,618,622.927001953125,34.65,60.79,68.79,33.14,27.77,39.31,0.0,43.2,7.48,31.34,False,in_sample
2016-09-11,722,623.4240112304688,37.85,56.25,73.94,35.57,32.19,43.57,3.4860552937574294,52.06,11.23,35.81,False,in_sample
2016-09-12,772,607.0050048828125,39.57,56.67,75.25,41.56,35.22,44.81,6.401020289902368,52.59,13.15,36.88,False,in_sample
2016-09-13,609,608.0250244140625,35.27,65.54,68.47,31.47,29.18,39.35,0.0,44.0,8.04,31.35,False,in_sample
2016-09-14,610,608.8410034179688,35.22,65.54,68.5,31.5,28.58,39.38,0.0,44.2,7.96,31.37,False,in_sample
2016-09-15,608,610.5880126953125,35.24,65.51,68.53,31.33,27.87,39.24,0.0,45.45,7.97,31.22,False,in_sample
2016-09-16,608,607.2459716796875,34.79,65.41,68.32,30.34,25.78,39.27,0.0,44.75,7.97,31.24,False,in_sample
2016-09-17,608,607.218017578125,34.83,65.32,68.34,30.42,26.25,39.23,0.0,44.88,7.78,31.21,False,in_sample
2016-09-18,612,606.2830200195312,34.57,65.22,68.29,30.02,25.6,39.44,0.0,43.39,7.78,31.43,False,in_sample
2016-09-19,609,609.8709716796875,34.5,65.13,68.62,30.07,25.07,39.28,0.0,43.33,7.71,31.26,False,in_sample
2016-09-20,609,609.2540283203125,34.43,65.03,68.38,30.63,24.15,39.23,0.0,43.37,7.92,31.19,False,in_sample
2016-09-21,597,603.5880126953125,34.47,64.92,68.26,31.35,25.47,38.59,0.0,43.41,7.71,30.52,False,in_sample
2016-09-22,596,597.2789916992188,34.31,64.77,67.26,31.1,25.89,38.5,0.0,43.17,7.63,30.43,False,in_sample
2016-09-23,603,596.198974609375,34.11,64.62,67.13,31.01,24.5,38.86,0.0,43.2,6.85,30.81,False,in_sample
2016-09-24,603,602.9609985351562,34.17,64.47,67.72,31.26,24.61,38.86,0.0,43.15,6.72,30.78,False,in_sample
2016-09-25,601,602.7490234375,34.61,64.31,67.75,31.48,27.96,38.74,0.0,43.5,7.12,30.63,False,in_sample
2016-09-26,607,600.8070068359375,34.8,64.16,67.52,31.75,29.44,39.05,0.0,43.24,7.09,30.96,False,in_sample
2016-09-27,606,608.02197265625,34.81,64.01,68.03,31.87,29.54,38.94,0.0,43.13,6.91,30.85,False,in_sample
2016-09-28,605,606.2429809570312,34.34,63.86,67.86,31.36,26.92,38.9,0.0,42.07,7.27,30.81,False,in_sample
2016-09-29,606,605.0189819335938,34.18,63.72,67.81,31.26,26.07,38.91,0.0,41.93,7.12,30.83,False,in_sample
2016-09-30,609,605.7150268554688,34.12,63.55,67.84,31.81,24.18,39.09,0.0,42.55,7.05,31.02,False,in_sample
2016-10-01,449,609.9290161132812,31.05,59.24,63.12,5.78,55.26,25.88,0.0,35.27,5.67,27.46,False,in_sample
2016-10-02,380,613.947998046875,26.86,64.45,51.99,10.22,46.13,22.11,0.0,25.7,0.0,21.15,False,in_sample
2016-10-03,417,610.968017578125,29.83,65.6,57.08,18.6,47.57,25.92,0.0,30.26,0.1,23.36,False,in_sample
2016-10-04,422,612.052001953125,29.71,62.54,57.07,20.09,46.87,26.92,0.0,30.51,0.15,23.21,False,in_sample
2016-10-05,452,610.218017578125,31.29,58.96,61.93,18.7,49.56,29.3,0.0,35.26,2.82,25.04,False,in_sample
2016-10-06,580,612.469970703125,37.59,59.32,71.09,28.98,52.59,37.84,0.0,45.29,10.65,32.55,False,in_sample
2016-10-07,650,612.6079711914062,39.59,63.84,73.2,33.76,43.19,41.52,0.0,49.94,14.39,35.05,False,in_sample
2016-10-08,590,617.3410034179688,34.2,66.2,67.41,32.68,22.84,38.47,0.0,40.71,8.51,30.98,False,in_sample
2016-10-09,625,619.1719970703125,35.38,65.52,69.8,31.66,26.31,40.23,0.0,42.97,9.58,32.33,False,in_sample
2016-10-10,619,616.822021484375,34.41,60.57,68.59,33.04,26.04,39.34,0.0,43.23,7.52,31.37,False,in_sample
2016-10-11,714,619.2379760742188,37.74,56.16,74.48,36.69,34.01,43.17,0.24438543650100011,48.26,11.49,35.38,False,in_sample
2016-10-12,776,640.8709716796875,39.14,56.74,75.46,40.91,32.07,44.92,3.905496636657519,51.92,13.25,37.0,False,in_sample
2016-10-13,636,636.030029296875,34.7,60.11,69.97,34.0,23.93,40.18,0.0,43.07,8.84,32.22,False,in_sample
2016-10-14,640,637.0079956054688,34.67,59.92,69.85,33.83,23.6,40.38,0.0,43.59,8.4,32.43,False,in_sample
2016-10-15,638,640.3109741210938,34.65,59.77,70.15,33.97,23.44,40.23,0.0,43.69,8.28,32.3,False,in_sample
2016-10-16,643,639.0830078125,34.73,59.6,69.95,34.24,23.77,40.5,0.0,43.47,8.49,32.59,False,in_sample
2016-10-17,640,641.8179931640625,34.59,59.46,70.36,34.3,22.74,40.28,0.0,43.53,8.3,32.32,False,in_sample
2016-10-18,636,639.4110107421875,34.96,59.34,69.98,35.15,23.76,40.08,0.0,45.62,8.59,32.08,False,in_sample
2016-10-19,630,638.1339721679688,34.65,59.18,69.64,35.24,23.03,39.75,0.0,45.0,8.32,31.74,False,in_sample
2016-10-20,629,630.6630249023438,34.53,59.0,69.13,34.75,23.67,39.67,0.0,44.87,8.05,31.66,False,in_sample
2016-10-21,631,630.8250122070312,34.56,58.78,69.03,34.65,24.25,39.77,0.0,45.2,7.64,31.73,False,in_sample
2016-10-22,655,633.135986328125,35.12,58.64,69.16,35.0,26.83,40.95,0.0,44.97,7.53,32.98,False,in_sample
2016-10-23,652,657.6209716796875,35.49,58.47,70.98,35.18,28.13,40.8,0.0,45.42,7.63,32.83,False,in_sample
2016-10-24,651,657.1610107421875,35.38,58.32,70.75,35.11,26.84,40.67,0.0,45.04,9.01,32.68,False,in_sample
2016-10-25,656,654.0020141601562,35.26,58.14,70.55,35.29,26.02,40.93,0.0,44.68,8.81,32.95,False,in_sample
2016-10-26,676,657.677978515625,35.36,58.01,70.93,34.83,25.93,41.86,0.0,44.14,8.65,33.91,False,in_sample
2016-10-27,687,678.2139892578125,35.96,57.87,72.26,35.66,28.09,42.39,0.0,44.02,8.95,34.44,False,in_sample
2016-10-28,691,688.0,36.5,57.74,72.94,36.65,29.79,42.54,0.0,44.17,10.03,34.61,False,in_sample
2016-10-29,716,690.2890014648438,37.23,57.64,73.15,36.59,31.41,43.68,0.0,46.15,10.63,35.81,False,in_sample
2016-10-30,700,714.1179809570312,37.31,57.52,74.73,36.83,32.07,42.89,0.0,45.9,10.8,35.01,False,in_sample
2016-10-31,699,702.6400146484375,37.24,57.38,73.64,36.72,31.82,42.84,0.0,45.7,12.14,34.96,False,in_sample
2016-11-01,450,701.3369750976562,31.06,59.57,62.85,6.79,54.85,25.97,0.0,35.05,5.27,27.47,False,in_sample
2016-11-02,378,730.0659790039062,27.38,64.53,52.96,10.15,49.31,22.02,0.0,26.49,0.0,20.99,False,in_sample
2016-11-03,420,742.3460083007812,30.13,65.63,57.62,18.99,48.2,26.2,0.0,30.74,0.19,23.6,False,in_sample
2016-11-04,424,689.1240234375,29.95,62.37,57.47,20.72,47.65,27.03,0.0,30.88,0.13,23.3,False,in_sample
2016-11-05,454,703.5250244140625,30.7,58.89,60.31,19.09,46.56,29.5,0.0,33.77,2.95,25.23,False,in_sample
2016-11-06,606,703.81201171875,38.17,59.37,71.23,29.23,53.88,39.25,0.0,45.47,10.22,34.0,False,in_sample
2016-11-07,651,710.7360229492188,38.66,63.97,73.0,33.77,34.5,41.54,0.0,51.24,13.59,35.01,False,in_sample
2016-11-08,590,703.0889892578125,34.34,66.18,67.62,32.74,22.96,38.45,0.0,41.91,8.22,30.95,False,in_sample
2016-11-09,609,709.8250122070312,35.36,65.53,69.92,31.68,27.42,39.34,0.0,43.85,9.06,31.39,False,in_sample
2016-11-10,643,722.843994140625,34.46,60.45,68.65,33.35,24.13,40.61,0.0,42.96,7.33,32.7,False,in_sample
2016-11-11,716,715.5549926757812,37.76,56.06,73.9,36.14,33.63,43.25,0.0,49.41,11.98,35.46,False,in_sample
2016-11-12,771,716.7520141601562,39.12,56.8,75.6,38.65,34.28,44.67,0.805403893366333,51.89,13.42,36.75,False,in_sample
2016-11-13,704,705.1959838867188,37.41,55.86,73.2,35.72,32.74,42.63,0.0,50.12,11.58,34.85,False,in_sample
2016-11-14,706,701.9970092773438,37.27,55.77,73.17,35.45,33.22,42.7,0.0,49.34,10.89,34.91,False,in_sample
2016-11-15,713,705.7940063476562,37.32,55.68,73.26,35.76,32.46,42.98,0.0,49.7,10.83,35.21,False,in_sample
2016-11-16,743,711.1669921875,37.99,55.61,73.65,35.22,35.35,44.3,0.0,50.34,10.91,36.54,False,in_sample
2016-11-17,736,744.8759765625,38.1,55.53,75.39,36.01,34.9,43.97,0.0,49.69,11.24,36.17,False,in_sample
2016-11-18,750,740.7050170898438,38.53,55.47,74.89,37.55,34.86,44.57,0.0,49.81,12.79,36.79,False,in_sample
2016-11-19,752,751.8330078125,38.33,55.45,75.68,38.39,32.76,44.6,0.0,48.88,12.39,36.85,False,in_sample
2016-11-20,731,751.8790283203125,37.91,55.45,75.73,38.56,30.05,43.63,0.0,48.83,13.1,35.85,False,in_sample
2016-11-21,737,731.2650146484375,37.74,55.55,74.42,38.51,29.08,43.88,0.0,48.95,13.14,36.11,False,in_sample
2016-11-22,748,739.6430053710938,37.74,55.61,74.76,38.66,28.34,44.35,0.0,49.4,12.0,36.57,False,in_sample
2016-11-23,742,751.7410278320312,38.27,55.66,75.39,39.21,30.21,44.02,0.0,51.47,12.29,36.22,False,in_sample
2016-11-24,738,744.6199951171875,38.33,55.7,74.91,38.84,32.08,43.81,0.0,50.91,12.86,35.89,False,in_sample
2016-11-25,740,740.4420166015625,38.63,55.75,74.45,39.82,33.47,43.88,0.0,51.86,12.46,35.98,False,in_sample
2016-11-26,735,741.510986328125,38.44,55.78,74.56,38.33,33.85,43.62,0.0,51.92,12.22,35.71,False,in_sample
2016-11-27,728,735.43701171875,38.0,55.81,74.21,38.41,32.26,43.28,0.0,50.38,12.3,35.36,False,in_sample
2016-11-28,731,732.4840087890625,38.04,55.85,73.73,38.21,33.03,43.35,0.0,50.78,11.99,35.44,False,in_sample
2016-11-29,732,736.3289794921875,38.1,55.9,73.84,38.49,32.66,43.39,0.0,51.54,11.58,35.49,False,in_sample
2016-11-30,743,736.2839965820312,38.18,55.95,73.9,38.55,32.74,43.83,0.0,50.99,11.67,35.95,False,in_sample
2016-12-01,442,746.0460205078125,31.1,59.89,62.83,7.67,55.94,25.5,0.0,35.06,5.12,26.92,False,in_sample
2016-12-02,383,757.5449829101562,27.44,64.62,52.69,10.33,49.17,22.45,0.0,26.28,0.0,21.39,False,in_sample
2016-12-03,411,778.2479858398438,29.87,65.67,58.06,18.79,46.29,25.52,0.0,31.13,0.52,22.83,False,in_sample
2016-12-04,428,771.6380004882812,29.8,62.19,57.64,19.27,46.76,27.34,0.0,31.04,0.39,23.6,False,in_sample
2016-12-05,456,773.3939819335938,30.36,58.87,60.65,18.94,43.87,29.63,0.0,34.08,1.89,25.35,False,in_sample
2016-12-06,671,758.719970703125,39.91,59.49,73.2,29.45,54.11,42.55,0.0,47.66,10.36,37.35,False,in_sample
2016-12-07,671,764.2109985351562,38.25,64.11,72.97,34.0,28.42,42.52,0.0,50.26,13.44,36.02,False,in_sample
2016-12-08,588,768.0759887695312,34.36,66.16,67.59,31.27,25.13,38.32,0.0,41.68,8.31,30.8,False,in_sample
2016-12-09,608,769.9439697265625,35.28,65.54,68.52,31.36,28.76,39.3,0.0,43.55,9.12,31.35,False,in_sample
2016-12-10,637,773.0230102539062,34.48,60.3,70.57,33.15,23.22,40.26,0.0,43.13,7.35,32.31,False,in_sample
2016-12-11,704,774.7520141601562,37.71,55.95,74.01,35.94,34.95,42.67,0.0,49.47,11.5,34.87,False,in_sample
2016-12-12,779,770.0399780273438,39.25,56.87,75.27,38.49,36.16,44.97,0.0,50.87,13.56,37.09,False,in_sample
2016-12-13,779,780.64697265625,39.77,56.95,75.68,38.91,39.87,44.95,0.0,51.28,13.27,37.06,False,in_sample
2016-12-14,777,780.0050048828125,39.38,57.02,75.64,38.34,36.39,44.83,0.0,51.64,13.64,36.94,False,in_sample
2016-12-15,777,780.0700073242188,39.06,57.1,75.47,38.06,33.89,44.75,0.0,51.75,13.62,36.86,False,in_sample
2016-12-16,783,778.9630126953125,38.71,57.19,75.36,37.87,30.44,44.97,0.0,52.0,13.48,37.09,False,in_sample
2016-12-17,790,785.166015625,38.98,57.28,75.65,38.61,31.11,45.24,0.0,52.17,13.4,37.38,False,in_sample
2016-12-18,791,791.0079956054688,39.23,57.37,76.02,39.01,32.64,45.24,0.0,51.78,13.67,37.37,False,in_sample
2016-12-19,791,790.6920166015625,39.53,57.46,76.01,39.13,34.35,45.18,0.0,52.27,14.0,37.33,False,in_sample
2016-12-20,800,792.2470092773438,39.52,57.55,75.95,38.65,34.01,45.53,0.0,52.24,14.01,37.7,False,in_sample
2016-12-21,829,800.6439819335938,40.13,57.67,76.4,39.62,36.06,46.66,0.5827824116368655,52.04,13.95,38.8,False,in_sample
2016-12-22,859,834.1799926757812,40.9,57.81,77.75,40.77,37.71,47.8,2.1087591462501063,51.93,14.38,39.93,False,in_sample
2016-12-23,916,864.8880004882812,42.39,57.97,79.08,41.75,40.54,49.89,4.939558639157326,52.28,15.72,42.08,False,in_sample
2016-12-24,892,922.1799926757812,42.63,58.09,81.4,43.75,39.63,48.93,3.6435915055677395,52.72,17.07,41.08,False,in_sample
2016-12-25,897,899.6519775390625,42.93,58.21,80.24,43.62,40.61,49.06,3.8085373444721125,52.72,19.55,41.24,False,in_sample
2016-12-26,904,896.905029296875,42.83,58.34,80.39,43.89,39.64,49.27,4.072847704364423,52.65,18.44,41.48,False,in_sample
2016-12-27,926,908.35400390625,43.53,58.48,80.62,44.42,41.7,50.05,5.077180594424115,53.21,18.61,42.29,False,in_sample
2016-12-28,980,934.8309936523438,44.67,58.62,81.47,44.73,42.73,51.87,7.565941975916384,54.94,18.88,44.15,False,in_sample
2016-12-29,974,975.125,45.35,58.78,83.41,45.46,44.3,51.59,7.197976809501521,56.67,19.81,43.82,False,in_sample
2016-12-30,962,972.5349731445312,45.84,58.89,82.98,46.0,44.83,51.1,6.545386261400492,59.82,21.99,43.31,False,in_sample
2016-12-31,969,960.6270141601562,45.52,59.03,82.35,46.07,43.43,51.31,6.7865299780238075,58.32,21.68,43.56,False,in_sample
2017-01-01,998,963.6580200195312,45.93,59.19,82.59,45.93,44.18,52.21,8.039643612421067,58.52,21.13,44.52,False,in_sample
2017-01-02,988,998.6170043945312,44.26,62.05,80.27,42.85,44.57,49.99,7.49287626367036,55.38,18.34,42.61,False,in_sample
2017-01-03,1229,1021.5999755859375,50.53,65.24,85.34,49.47,49.49,55.28,17.338433864256686,64.79,27.06,48.82,False,in_sample
2017-01-04,1090,1044.4000244140625,45.01,67.26,79.07,49.81,43.2,49.07,11.78793504957207,52.59,20.39,41.92,False,in_sample
2017-01-05,1437,1156.72998046875,52.18,67.26,85.91,49.39,55.68,56.17,24.281594534634667,63.71,30.07,50.23,False,in_sample
2017-01-06,2400,1014.239990234375,67.13,74.44,93.95,63.1,74.0,69.92,47.54715083671435,86.42,46.73,64.96,False,in_sample
2017-01-07,2413,903.4869995117188,65.23,82.0,89.64,61.31,67.02,65.53,47.709448831710034,80.27,52.18,60.47,False,in_sample
2017-01-08,2728,908.1749877929688,66.8,86.92,88.96,72.89,67.4,65.91,53.21338341846521,73.91,53.94,59.64,False,in_sample
2017-01-09,4919,913.2440185546875,80.66,93.04,93.39,76.62,86.0,80.68,79.98066827492697,87.01,77.21,77.26,False,in_sample
2017-01-10,4383,902.4400024414062,72.33,91.21,87.4,73.04,69.58,71.88,74.64571519872787,68.74,73.49,67.97,False,in_sample
2017-01-11,6727,908.114990234375,81.67,92.3,93.53,78.1,78.01,81.14,94.08113953581234,82.69,84.78,80.5,False,in_sample
2017-01-12,10809,775.177978515625,93.25,96.38,95.94,97.57,94.06,91.02,100.0,88.24,100.0,93.55,False,in_sample
2017-01-13,827,803.7369995117188,41.15,60.57,73.29,46.86,38.3,45.2,0.0,56.23,12.87,37.03,False,in_sample
2017-01-14,821,825.1420288085938,41.42,60.62,74.4,45.34,40.2,44.87,0.0,56.84,13.78,36.72,False,in_sample
2017-01-15,825,818.1420288085938,41.48,60.65,74.02,44.63,40.08,45.0,0.0,57.3,14.7,36.89,False,in_sample
2017-01-16,831,821.7830200195312,41.6,60.69,74.26,44.48,41.58,45.19,0.0,56.7,14.36,37.13,False,in_sample
2017-01-17,907,830.9459838867188,42.32,60.78,74.6,44.25,41.75,48.03,2.266380488836608,56.81,14.55,40.14,False,in_sample
2017-01-18,882,909.3729858398438,41.64,60.86,78.34,44.11,41.24,47.04,0.9031858915967099,49.2,14.83,39.14,False,in_sample
2017-01-19,903,888.3350219726562,42.27,60.94,77.1,43.35,42.59,47.76,1.887170431250321,50.5,18.21,39.95,False,in_sample
2017-01-20,896,898.1719970703125,42.5,61.02,78.06,42.8,44.61,47.44,1.4434290040119835,51.8,17.09,39.65,False,in_sample
2017-01-21,925,895.5490112304688,42.98,61.11,77.68,41.7,47.47,48.45,2.807376932321023,51.33,17.99,40.76,False,in_sample
2017-01-22,923,922.2050170898438,43.12,61.2,79.0,41.84,47.72,48.32,2.6199518530313215,51.59,17.64,40.65,False,in_sample
2017-01-23,920,925.4990234375,42.9,61.29,78.84,42.33,44.19,48.14,2.382738790305914,51.97,18.87,40.49,False,in_sample
2017-01-24,888,910.677001953125,42.8,61.36,78.62,42.45,41.31,46.91,0.6787904093430073,56.57,18.74,39.22,False,in_sample
2017-01-25,896,891.9240112304688,42.3,61.43,77.06,42.95,39.06,47.16,0.9991624468714251,55.02,18.56,39.49,False,in_sample
2017-01-26,917,902.39501953125,42.74,61.51,77.37,43.82,40.44,47.88,1.9676119970709707,56.22,17.15,40.27,False,in_sample
2017-01-27,921,918.3590087890625,43.08,61.59,78.3,43.83,42.49,47.95,2.0775866356500887,55.74,17.47,40.39,False,in_sample
2017-01-28,923,919.8109741210938,43.4,61.68,78.43,43.26,43.08,47.97,2.0879531580025974,57.39,18.34,40.46,False,in_sample
2017-01-29,916,922.0670166015625,43.4,61.77,78.51,42.98,43.97,47.65,1.6517714782837474,57.19,18.47,40.04,False,in_sample
2017-01-30,921,920.1510009765625,43.09,61.84,78.05,42.61,41.93,47.76,1.8116603172588988,56.92,18.53,40.2,False,in_sample
2017-01-31,969,920.958984375,43.42,61.94,78.23,42.61,41.95,49.4,4.042977838192223,54.98,18.18,41.96,False,in_sample
2017-02-01,1018,970.9409790039062,46.44,59.36,83.57,46.05,45.01,52.8,6.2075404974616575,58.84,21.41,45.12,False,in_sample
2017-02-02,1008,990.0009765625,45.1,62.18,80.96,42.34,46.72,50.6,5.668592242369078,56.54,20.31,43.28,False,in_sample
2017-02-03,1263,1011.4600219726562,51.47,65.4,86.35,50.03,51.21,56.13,15.882377724751137,67.24,26.81,49.73,False,in_sample
2017-02-04,1106,1031.3299560546875,45.23,67.28,79.31,48.52,43.5,49.5,9.731196343239983,52.21,22.03,42.39,False,in_sample
2017-02-05,1464,1043.52001953125,52.81,67.42,87.03,50.72,55.44,56.71,22.45643189034976,64.51,30.72,50.8,False,in_sample
2017-02-06,2480,1028.4000244140625,67.59,74.81,94.82,62.55,72.99,70.88,46.45639054139189,85.14,49.07,66.08,False,in_sample
2017-02-07,2519,1040.1400146484375,65.99,82.14,89.07,61.42,72.43,66.88,47.08632151228653,78.75,50.75,62.03,False,in_sample
2017-02-08,2691,1062.3199462890625,66.65,87.05,86.93,74.8,67.38,65.31,50.02225190566318,72.98,55.5,58.85,False,in_sample
2017-02-09,4596,1064.699951171875,79.92,93.17,94.09,77.49,85.41,78.13,74.40838774794385,86.47,78.67,74.18,False,in_sample
2017-02-10,4387,995.6320190429688,72.84,91.1,87.67,73.89,68.56,71.76,72.20082903005203,71.97,75.1,67.85,False,in_sample
2017-02-11,7044,988.8980102539062,83.08,92.51,94.47,79.63,79.8,82.54,93.77233289866042,83.87,86.67,82.27,False,in_sample
2017-02-12,10935,1003.52001953125,93.9,96.47,97.56,98.14,94.14,91.14,100.0,90.95,100.0,93.77,False,in_sample
2017-02-13,1000,998.885009765625,45.69,63.57,80.71,47.0,43.36,49.57,4.335621626715313,61.32,21.44,42.41,False,in_sample
2017-02-14,1013,991.7349853515625,46.22,63.66,80.38,47.33,45.75,49.91,4.838376628086373,62.71,21.18,42.8,False,in_sample
2017-02-15,1014,1006.2100219726562,46.16,63.74,80.81,46.79,45.73,49.9,4.795560711112352,62.53,20.88,42.84,False,in_sample
2017-02-16,1037,1007.6500244140625,45.98,63.82,80.84,46.52,45.21,50.58,5.733769478699082,58.84,21.31,43.59,False,in_sample
2017-02-17,1059,1026.1199951171875,46.09,63.88,81.66,44.76,44.37,51.21,6.60653103270839,59.46,21.32,44.27,False,in_sample
2017-02-18,1061,1049.2099609375,46.52,63.96,82.33,44.75,45.92,51.2,6.605193136146205,60.18,22.15,44.3,False,in_sample
2017-02-19,1059,1054.760009765625,46.4,64.04,82.34,44.75,44.7,51.07,6.431179919612928,59.83,22.92,44.2,False,in_sample
2017-02-20,1089,1048.68994140625,46.71,64.11,82.21,44.99,44.78,51.93,7.622163471241512,59.4,22.93,45.15,False,in_sample
2017-02-21,1129,1079.280029296875,47.21,64.19,83.21,44.58,44.42,53.08,9.185985449792433,59.96,22.81,46.36,False,in_sample
2017-02-22,1130,1114.800048828125,47.66,64.31,84.43,45.25,45.55,53.02,9.139226688727502,59.98,23.85,46.31,False,in_sample
2017-02-23,1189,1117.27001953125,48.81,64.46,84.26,46.5,46.76,54.66,11.382366667039511,61.07,25.22,48.05,False,in_sample
2017-02-24,1186,1172.7099609375,49.48,64.59,85.92,47.81,49.37,54.48,11.179684246087112,62.02,25.19,47.78,False,in_sample
2017-02-25,1152,1170.4100341796875,49.67,64.7,85.57,48.72,51.91,53.43,9.760527591310364,62.03,27.15,46.71,False,in_sample
2017-02-26,1182,1144.27001953125,50.02,64.84,84.46,48.54,53.89,54.22,10.850956537120965,61.84,26.97,47.59,False,in_sample
2017-02-27,1195,1163.780029296875,50.04,64.97,85.34,48.06,52.4,54.49,11.265049895648936,63.2,25.76,47.91,False,in_sample
2017-02-28,1189,1180.719970703125,50.33,65.09,85.61,49.07,51.67,54.25,10.947508245972564,64.94,26.71,47.7,False,in_sample
2017-03-01,1033,1180.0400390625,47.25,59.54,84.11,46.92,47.03,53.23,4.416008235375403,60.01,22.49,45.58,False,in_sample
2017-03-02,1016,1224.6800537109375,45.5,62.31,81.65,42.69,47.62,50.78,3.5678717317566644,56.7,21.03,43.45,False,in_sample
2017-03-03,1290,1250.7099609375,52.06,65.58,87.11,50.75,52.0,56.74,14.423392044726882,66.87,28.05,50.31,False,in_sample
2017-03-04,1145,1277.4300537109375,46.63,67.33,79.86,48.24,47.45,50.6,8.871358849113003,56.54,22.31,43.59,False,in_sample
2017-03-05,1520,1254.2900390625,53.56,67.6,87.46,51.44,54.89,57.89,21.7718424964988,65.06,32.21,52.08,False,in_sample
2017-03-06,2550,1267.469970703125,67.87,75.19,95.47,62.25,76.08,71.68,45.40749430492196,79.39,50.74,67.02,False,in_sample
2017-03-07,2552,1273.2099609375,66.21,82.29,90.36,61.59,74.04,67.2,45.36070359809745,77.06,50.07,62.4,False,in_sample
2017-03-08,2790,1223.22998046875,67.02,87.19,86.14,75.56,66.27,66.43,49.366987253020454,75.56,53.47,60.04,False,in_sample
2017-03-09,4626,1150.3499755859375,79.74,93.31,91.92,77.63,84.07,78.16,72.47630254974213,86.13,80.26,74.28,False,in_sample
2017-03-10,4307,1189.3599853515625,72.83,91.05,87.53,73.57,71.87,70.96,69.11935810624752,71.36,75.41,66.93,False,in_sample
2017-03-11,7199,1116.3199462890625,83.67,92.78,95.3,82.24,79.09,83.08,92.60581778437886,82.37,88.38,82.98,False,in_sample
2017-03-12,11214,1176.6199951171875,94.68,96.55,97.51,98.35,95.87,91.73,100.0,93.56,100.0,94.61,False,in_sample
2017-03-13,1240,1221.780029296875,50.86,66.77,85.36,48.92,50.07,54.64,11.745220513631294,69.34,25.76,48.22,False,in_sample
2017-03-14,1247,1232.1600341796875,51.12,66.89,85.33,49.86,51.3,54.75,11.91697496762245,67.26,27.52,48.37,False,in_sample
2017-03-15,1259,1240.1600341796875,50.71,67.01,85.44,49.42,50.45,55.0,12.269993876517841,63.56,27.7,48.64,False,in_sample
2017-03-16,1179,1251.3299560546875,50.14,67.1,85.63,49.68,50.45,52.69,9.169945672351396,65.3,27.87,46.19,False,in_sample
2017-03-17,1073,1180.1600341796875,48.08,67.14,83.09,50.63,48.4,49.44,4.758194026901965,60.87,28.21,42.71,False,in_sample
2017-03-18,963,1099.68994140625,46.42,67.14,79.34,50.6,46.29,45.74,0.0,64.41,25.54,38.72,False,in_sample
2017-03-19,1021,976.72998046875,46.08,67.17,74.61,50.65,45.42,47.65,2.3024743595361574,66.67,21.77,40.72,False,in_sample
2017-03-20,1038,1037.239990234375,45.88,67.2,77.21,50.66,43.46,48.16,2.9732561723035045,66.76,17.48,41.28,False,in_sample
2017-03-21,1112,1055.3599853515625,47.11,67.26,77.96,50.5,43.97,50.42,6.048709801126081,66.93,19.77,43.67,False,in_sample
2017-03-22,1038,1120.6500244140625,46.66,67.27,80.72,50.97,43.7,48.02,2.7983051374732435,67.26,20.43,41.1,False,in_sample
2017-03-23,1029,1050.050048828125,46.32,67.27,77.74,51.99,44.61,47.66,2.310777315473158,63.67,23.16,40.74,False,in_sample
2017-03-24,936,1038.449951171875,44.56,67.22,77.36,51.05,45.1,44.39,0.0,58.6,20.39,36.96,False,in_sample
2017-03-25,969,936.5399780273438,43.29,67.2,73.0,51.02,42.03,45.52,0.0,52.67,20.03,38.1,False,in_sample
2017-03-26,963,974.0150146484375,43.38,67.18,74.61,50.84,42.62,45.27,0.0,55.84,16.26,37.8,False,in_sample
2017-03-27,1043,972.0549926757812,43.97,67.19,74.3,50.58,40.41,47.91,2.5819664822132897,56.73,17.66,40.62,False,in_sample
2017-03-28,1046,1044.5799560546875,45.02,67.2,77.82,50.29,43.23,47.92,2.626609114980667,60.33,17.43,40.64,False,in_sample
2017-03-29,1040,1046.0799560546875,44.75,67.21,77.84,50.59,41.89,47.68,2.2747800694900775,56.49,20.6,40.4,False,in_sample
2017-03-30,1038,1042.2099609375,44.76,67.21,77.57,49.02,44.5,47.56,2.0988922440414437,55.98,20.68,40.29,False,in_sample
2017-03-31,1082,1026.6400146484375,44.47,67.23,77.44,49.07,43.2,48.89,3.9205609307272904,50.68,20.46,41.71,False,in_sample
2017-04-01,1135,1071.7099609375,49.05,59.8,84.47,47.64,48.35,56.29,6.032704195950463,62.74,23.21,48.76,False,in_sample
2017-04-02,1034,1080.6099853515625,45.69,62.45,81.8,44.45,44.64,51.31,1.6591858593734836,56.78,21.78,44.05,False,in_sample
2017-04-03,1269,1102.949951171875,51.73,65.75,87.6,50.44,51.29,56.12,10.99245120807273,65.26,29.08,49.69,False,in_sample
2017-04-04,1142,1145.52001953125,46.79,67.37,81.16,48.36,47.33,50.45,6.054964372439881,56.57,22.88,43.47,False,in_sample
2017-04-05,1540,1134.1400146484375,54.46,67.76,88.51,52.42,57.11,58.24,19.72559836316354,66.85,32.88,52.45,False,in_sample
2017-04-06,2525,1125.81005859375,68.41,75.57,95.97,62.61,75.86,71.19,42.39380531205236,83.42,52.0,66.53,False,in_sample
2017-04-07,2600,1178.93994140625,66.89,82.44,90.61,61.81,73.98,67.7,43.65840632192287,79.0,51.8,63.01,False,in_sample
2017-04-08,2861,1172.6500244140625,67.89,87.34,87.0,76.11,69.01,67.16,47.97908135293759,77.48,52.85,60.55,False,in_sample
2017-04-09,4375,1176.5699462890625,78.49,93.42,91.97,77.65,82.38,76.04,67.44916064620186,86.13,77.6,71.72,False,in_sample
2017-04-10,4217,1187.300048828125,72.72,90.99,86.77,72.5,71.55,70.07,65.67627645098325,75.5,75.32,65.91,False,in_sample
2017-04-11,7421,1187.4599609375,84.23,93.07,95.59,83.45,77.76,83.91,91.62017616437865,82.01,90.13,84.09,False,in_sample
2017-04-12,11563,1204.81005859375,95.26,96.66,97.9,98.09,96.16,92.51,100.0,95.1,100.0,95.68,False,in_sample
2017-04-13,1173,1201.02001953125,48.15,67.77,82.68,46.89,47.67,50.68,6.5074779239807325,62.86,26.89,43.96,False,in_sample
2017-04-14,1175,1170.3299560546875,47.51,67.75,81.2,46.25,44.81,50.66,6.4993617623448445,62.59,26.42,43.93,False,in_sample
2017-04-15,1176,1167.300048828125,47.25,67.72,81.21,45.69,45.05,50.62,6.451985414605439,62.18,24.93,43.94,False,in_sample
2017-04-16,1174,1172.6099853515625,47.52,67.69,81.22,45.55,46.77,50.49,6.287016236287222,63.36,24.96,43.85,False,in_sample
2017-04-17,1192,1183.25,47.58,67.65,81.13,44.78,46.83,50.94,6.901559677463349,63.16,24.97,44.36,False,in_sample
2017-04-18,1203,1193.77001953125,47.92,67.58,81.63,46.24,46.74,51.16,7.238404797020616,63.81,24.88,44.61,False,in_sample
2017-04-19,1210,1212.1300048828125,48.06,67.51,81.88,46.83,46.83,51.29,7.419402069413585,63.1,25.46,44.79,False,in_sample
2017-04-20,1236,1211.0799560546875,48.2,67.46,82.06,47.06,47.26,51.94,8.312978416555907,61.08,25.76,45.53,False,in_sample
2017-04-21,1248,1229.4200439453125,48.71,67.42,82.79,47.79,49.36,52.18,8.672143651537832,61.08,25.97,45.83,False,in_sample
2017-04-22,1244,1222.7099609375,48.81,67.35,83.08,47.72,49.84,52.0,8.43796807128471,61.06,26.78,45.69,False,in_sample
2017-04-23,1251,1231.9200439453125,48.9,67.27,82.92,46.81,51.23,52.1,8.61051941281175,60.91,27.11,45.84,False,in_sample
2017-04-24,1258,1209.6300048828125,48.63,67.19,83.07,46.97,47.6,52.22,8.781697404001164,61.61,26.94,45.99,False,in_sample
2017-04-25,1280,1250.449951171875,48.84,67.04,83.19,46.01,48.17,52.75,9.49517805813456,61.95,27.1,46.58,False,in_sample
2017-04-26,1297,1265.989990234375,49.19,66.99,83.75,46.61,48.59,53.11,10.017754740198788,62.18,27.28,47.0,False,in_sample
2017-04-27,1346,1281.8800048828125,50.27,67.04,84.13,47.27,51.51,54.29,11.642527653481583,63.2,27.94,48.31,False,in_sample
2017-04-28,1348,1317.739990234375,50.55,67.08,85.35,48.22,51.06,54.26,11.625327904667419,63.59,28.4,48.23,False,in_sample
2017-04-29,1358,1317.8399658203125,51.05,67.12,85.22,49.05,53.11,54.42,11.880677759609945,63.34,29.84,48.44,False,in_sample
2017-04-30,1382,1321.8699951171875,51.36,67.18,85.39,49.05,53.72,54.94,12.603481239908449,63.52,29.84,49.0,False,in_sample
2017-05-01,1001,1348.300048828125,47.87,59.97,87.36,49.93,46.58,52.02,0.0,62.23,23.76,44.13,False,in_sample
2017-05-02,1015,1421.030029296875,45.53,62.58,82.43,44.57,44.88,50.61,0.0,56.24,22.03,43.35,False,in_sample
2017-05-03,1277,1453.780029296875,51.87,65.92,86.96,50.47,50.56,56.23,8.69916635108203,66.5,29.83,49.85,False,in_sample
2017-05-04,1136,1490.719970703125,46.79,67.42,80.98,47.6,47.94,50.2,3.2114597847858075,56.22,24.25,43.23,False,in_sample
2017-05-05,1530,1540.8699951171875,54.42,67.92,88.64,53.59,55.08,57.93,16.87351966981745,66.74,34.3,52.04,False,in_sample
2017-05-06,2686,1556.81005859375,69.64,75.97,95.54,62.71,78.13,73.13,42.777900112421484,84.41,53.06,68.71,False,in_sample
2017-05-07,2609,1579.469970703125,66.67,82.62,91.08,60.89,71.38,67.67,41.35269165209613,79.39,52.3,62.98,False,in_sample
2017-05-08,3238,1596.9200439453125,69.97,87.56,87.15,77.09,73.06,71.28,51.24735074973737,75.33,54.25,65.31,False,in_sample
2017-05-09,4455,1723.8900146484375,79.0,93.52,90.05,78.25,84.01,76.48,65.90637100618771,88.2,77.96,72.33,False,in_sample
2017-05-10,4320,1756.52001953125,72.34,90.94,85.93,71.69,68.84,70.75,64.40559198823318,74.98,74.45,66.65,False,in_sample
2017-05-11,7372,1780.3699951171875,84.68,93.29,96.17,84.54,77.3,83.45,89.02091534087762,85.33,90.91,83.47,False,in_sample
2017-05-12,11737,1845.760009765625,95.67,96.76,98.27,98.15,97.92,92.74,100.0,95.39,100.0,96.04,False,in_sample
2017-05-13,1780,1723.1199951171875,58.97,69.37,89.99,57.11,61.67,62.22,23.18921480773388,73.03,41.25,56.71,False,in_sample
2017-05-14,1795,1800.8599853515625,58.89,69.57,91.19,57.08,63.71,62.39,23.49307329842754,71.31,38.21,56.95,False,in_sample
2017-05-15,1737,1808.43994140625,59.33,69.77,91.35,56.84,65.07,61.17,21.890689549075613,76.05,39.86,55.66,False,in_sample
2017-05-16,1758,1741.699951171875,59.16,69.97,90.2,56.77,62.57,61.45,22.36215421071,76.75,40.11,56.01,False,in_sample
2017-05-17,1809,1726.72998046875,59.46,70.18,90.42,56.63,61.87,62.32,23.60041598642121,78.29,38.73,56.95,False,in_sample
2017-05-18,1895,1818.699951171875,60.2,70.41,91.04,57.22,60.63,63.78,25.664343865407265,79.4,39.12,58.57,False,in_sample
2017-05-19,1968,1897.3699951171875,60.86,70.67,92.25,56.62,64.63,64.95,27.328919824689418,75.42,40.21,59.83,False,in_sample
2017-05-20,2049,1984.239990234375,62.14,70.97,93.09,56.83,66.84,66.19,29.111180194920554,77.39,41.99,61.21,False,in_sample
2017-05-21,2046,2067.030029296875,62.62,71.25,93.99,57.51,68.09,66.01,28.96019753731783,77.6,43.44,61.05,False,in_sample
2017-05-22,2079,2043.18994140625,62.72,71.51,93.75,58.2,67.21,66.44,29.617283066375773,75.72,44.97,61.44,False,in_sample
2017-05-23,2258,2191.56005859375,64.08,71.82,93.76,59.55,68.53,69.11,33.35591825264518,76.09,44.85,64.29,False,in_sample
2017-05-24,2416,2321.3701171875,65.84,72.16,95.5,61.87,71.05,71.26,36.40321010758901,77.26,45.44,66.53,False,in_sample
2017-05-25,2320,2446.239990234375,66.45,72.47,96.77,63.06,73.63,69.73,34.44434368450717,79.33,48.68,64.65,False,in_sample
2017-05-26,2280,2320.889892578125,66.59,72.74,95.25,64.99,72.43,68.99,33.55682701909986,80.91,51.31,63.85,False,in_sample
2017-05-27,2045,2196.27001953125,65.05,72.95,94.5,65.51,71.28,65.15,28.438511251840747,82.59,49.63,59.67,False,in_sample
2017-05-28,2226,2054.080078125,65.55,73.23,91.32,65.14,70.77,67.92,32.2819497956678,82.21,48.88,62.73,False,in_sample
2017-05-29,2285,2159.429931640625,65.66,73.52,93.64,65.23,70.5,68.67,33.410599855880854,82.57,44.49,63.61,False,in_sample
2017-05-30,2168,2255.360107421875,65.89,73.76,94.19,64.51,71.88,66.73,30.89396246935074,86.16,47.87,61.5,False,in_sample
2017-05-31,2300,2187.18994140625,66.72,74.09,92.56,62.9,72.07,68.61,33.54861101057272,88.96,48.88,63.51,False,in_sample
2017-06-01,893,2288.330078125,46.23,60.05,82.46,51.91,44.56,48.15,0.0,61.44,27.4,40.04,False,in_sample
2017-06-02,1024,2404.030029296875,45.4,62.72,81.62,44.56,42.82,50.83,0.0,56.46,22.68,43.58,False,in_sample
2017-06-03,1283,2493.719970703125,51.82,66.09,87.07,50.64,49.7,56.3,6.256820304074346,66.89,29.14,49.94,False,in_sample
2017-06-04,1195,2547.7900390625,47.17,67.49,80.68,47.82,46.22,51.84,2.8786940677363324,56.05,24.14,45.01,False,in_sample
2017-06-05,1574,2512.39990234375,55.28,68.1,88.18,54.63,58.45,58.78,15.558980413775664,66.99,34.76,53.0,False,in_sample
2017-06-06,2872,2690.840087890625,70.14,76.39,96.82,63.35,76.45,75.24,43.3478956241757,81.45,52.61,71.07,False,in_sample
2017-06-07,2604,2869.3798828125,66.41,82.84,91.01,61.07,69.26,67.47,38.72587058783704,78.69,53.03,62.81,False,in_sample
2017-06-08,3231,2720.489990234375,70.75,87.76,90.64,78.28,74.88,71.05,48.64583407659675,75.58,55.19,64.84,False,in_sample
2017-06-09,4608,2807.43994140625,79.19,93.61,90.47,78.32,84.31,77.46,65.02487543243568,87.58,75.8,73.6,False,in_sample
2017-06-10,4366,2828.139892578125,72.13,90.84,86.56,71.79,67.05,70.97,62.44475508137276,74.33,73.46,66.98,False,in_sample
2017-06-11,6986,2942.409912109375,84.04,93.47,95.73,85.03,78.09,81.35,84.16523551005668,84.48,91.98,80.93,False,in_sample
2017-06-12,13993,2953.219970703125,97.64,96.97,98.27,97.69,100.0,98.57,100.0,93.97,100.0,100.0,False,in_sample
2017-06-13,2708,2680.909912109375,70.73,78.78,94.73,64.71,73.15,72.04,40.05220855077322,92.51,58.72,67.1,False,in_sample
2017-06-14,2444,2716.8798828125,68.25,78.96,94.83,65.12,70.06,68.4,35.212125187711024,89.19,54.27,63.02,False,in_sample
2017-06-15,2410,2499.580078125,67.81,79.13,91.81,64.9,69.21,67.78,34.48012101167345,90.46,54.86,62.35,False,in_sample
2017-06-16,2477,2469.570068359375,67.49,79.34,91.33,64.68,68.61,68.57,35.670475728143785,90.05,50.73,63.21,False,in_sample
2017-06-17,2653,2514.010009765625,68.65,79.58,91.96,64.46,69.99,70.77,38.77415856972828,91.47,50.17,65.76,False,in_sample
2017-06-18,2509,2655.35009765625,68.18,79.77,93.83,63.63,69.74,68.71,36.10242108926691,91.96,51.26,63.44,False,in_sample
2017-06-19,2590,2549.030029296875,68.13,79.98,91.99,63.89,70.47,69.66,37.49549619298779,86.06,54.01,64.53,False,in_sample
2017-06-20,2734,2591.260009765625,68.62,80.2,92.71,63.78,70.15,71.35,39.925785865281846,86.39,51.76,66.47,False,in_sample
2017-06-21,2640,2709.429931640625,67.79,80.38,94.0,63.3,70.27,70.01,38.22000146473284,80.9,53.06,65.0,False,in_sample
2017-06-22,2687,2691.030029296875,67.92,80.55,92.88,63.2,69.59,70.46,38.95789656304493,79.95,55.23,65.55,False,in_sample
2017-06-23,2686,2707.340087890625,68.05,80.73,93.2,63.0,71.1,70.3,38.85918982471125,81.05,53.83,65.44,False,in_sample
2017-06-24,2563,2738.52001953125,67.83,80.88,93.07,62.84,71.12,68.54,36.60061780722128,84.27,54.53,63.52,False,in_sample
2017-06-25,2498,2607.25,66.63,81.0,91.61,62.45,68.46,67.53,35.325701894470505,81.07,54.51,62.45,False,in_sample
2017-06-26,2427,2590.570068359375,65.64,81.13,90.79,61.39,65.61,66.41,33.90433972648293,82.37,52.6,61.24,False,in_sample
2017-06-27,2531,2478.449951171875,66.01,81.33,89.85,61.14,64.02,67.71,35.77191169626446,84.74,51.56,62.76,False,in_sample
2017-06-28,2563,2553.030029296875,66.27,81.5,91.06,60.87,67.41,68.01,36.27403634334798,82.66,50.38,63.13,False,in_sample
2017-06-29,2541,2567.56005859375,66.27,81.72,91.3,61.11,65.78,67.57,35.79177636945987,83.23,52.06,62.69,False,in_sample
2017-06-30,2453,2539.239990234375,65.93,81.87,90.9,60.87,67.33,66.23,34.0719166878028,82.92,52.56,61.19,False,in_sample
2017-07-01,904,2492.60009765625,44.84,60.15,77.89,51.45,40.53,48.5,0.0,61.76,22.42,40.43,False,in_sample
2017-07-02,1054,2436.39990234375,46.16,62.88,81.87,45.33,43.63,51.73,0.0,59.08,21.89,44.52,False,in_sample
2017-07-03,1235,2498.56005859375,51.53,66.21,87.08,51.06,51.13,54.94,1.919350882769706,66.52,29.3,48.52,False,in_sample
2017-07-04,1192,2561.0,48.01,67.55,82.56,48.36,49.93,51.68,0.1858788492375516,58.17,23.91,44.82,False,in_sample
2017-07-05,1527,2602.8701171875,55.06,68.25,88.94,55.12,58.21,57.65,11.618476260726734,67.77,34.43,51.83,False,in_sample
2017-07-06,2707,2608.10009765625,70.29,76.74,98.12,64.15,77.47,73.06,38.16376159986547,84.06,55.02,68.73,False,in_sample
2017-07-07,2496,2608.590087890625,65.5,83.08,90.86,60.99,68.22,65.89,34.3075636139133,76.61,53.14,61.06,False,in_sample
2017-07-08,3393,2520.27001953125,71.98,87.98,89.92,78.16,74.84,72.58,48.509504063669645,76.99,60.12,66.65,False,in_sample
2017-07-09,4636,2572.610107421875,79.62,93.68,91.31,78.51,84.81,77.48,62.952670250981576,88.78,76.61,73.68,False,in_sample
2017-07-10,4439,2525.25,72.97,90.79,86.83,72.01,69.61,71.39,60.85375862526964,76.4,74.32,67.56,False,in_sample
2017-07-11,7119,2385.889892578125,84.49,93.66,94.08,85.43,79.63,81.8,82.75739372513739,86.68,91.59,81.53,False,in_sample
2017-07-12,17033,2332.77001953125,98.98,97.36,100.0,99.08,100.0,100.0,100.0,94.39,100.0,100.0,False,in_sample
2017-07-13,2344,2402.699951171875,64.09,84.21,87.58,61.42,69.3,63.01,30.892825524350325,78.32,48.25,58.11,False,in_sample
2017-07-14,2215,2360.590087890625,62.67,84.37,87.07,60.88,65.81,60.96,28.1755158371662,75.89,49.16,55.82,False,in_sample
2017-07-15,1990,2230.1201171875,60.23,84.5,85.04,59.51,59.28,57.17,23.10575030638542,76.89,48.58,51.6,False,in_sample
2017-07-16,1911,1991.97998046875,58.53,84.58,80.98,58.83,57.08,55.69,21.13659585990579,75.74,46.26,49.98,False,in_sample
2017-07-17,2216,1932.6199951171875,59.2,84.7,79.4,57.34,57.76,60.68,27.949741531368844,71.56,41.91,55.54,False,in_sample
2017-07-18,2304,2233.52001953125,60.69,84.83,85.06,57.48,62.77,61.91,29.68135058977583,71.42,40.25,56.97,False,in_sample
2017-07-19,2258,2323.080078125,61.45,84.95,86.36,57.65,63.6,61.1,28.65988212336993,72.54,46.2,56.09,False,in_sample
2017-07-20,2824,2269.889892578125,64.59,85.16,85.55,56.2,67.63,68.68,38.998340010572605,71.69,47.72,64.66,False,in_sample
2017-07-21,2667,2838.409912109375,64.5,85.34,92.48,58.46,68.43,66.56,36.252289995598694,68.56,46.85,62.32,False,in_sample
2017-07-22,2830,2668.6298828125,65.85,85.54,90.6,59.06,71.98,68.48,38.93545753028932,62.71,55.81,64.53,False,in_sample
2017-07-23,2754,2808.10009765625,65.27,85.71,92.24,59.89,72.22,67.4,37.585909984359105,60.47,53.4,63.39,False,in_sample
2017-07-24,2756,2732.699951171875,66.51,85.88,91.32,59.78,74.25,67.29,37.53874004494995,68.36,55.72,63.29,False,in_sample
2017-07-25,2559,2757.5,65.31,86.02,91.2,59.99,71.8,64.61,34.00057536827967,70.27,54.52,59.92,False,in_sample
2017-07-26,2523,2577.77001953125,64.4,86.12,88.53,60.88,68.54,64.0,33.25866787209611,69.03,54.45,59.27,False,in_sample
2017-07-27,2666,2538.7099609375,65.73,86.25,87.96,61.46,66.13,65.77,35.747741233481236,80.31,51.39,61.26,False,in_sample
2017-07-28,2794,2679.72998046875,66.22,86.41,89.5,62.0,67.24,67.26,37.85338874050591,77.12,50.74,62.75,False,in_sample
2017-07-29,2707,2807.02001953125,66.73,86.53,90.37,63.58,68.79,66.04,36.29722019488196,79.91,52.9,60.89,False,in_sample
2017-07-30,2750,2724.389892578125,67.01,86.66,88.78,66.42,68.42,66.45,36.95125590448372,78.28,54.73,61.19,False,in_sample
2017-07-31,2863,2763.239990234375,67.52,86.8,88.57,69.4,68.13,67.71,38.74877984256082,78.07,53.38,61.81,False,in_sample
2017-08-01,913,2871.300048828125,44.76,60.25,78.4,51.29,41.57,48.78,0.0,63.13,17.89,40.74,False,in_sample
2017-08-02,1053,2727.1298828125,46.43,63.03,82.86,46.4,43.02,51.62,0.0,60.01,22.17,44.44,False,in_sample
2017-08-03,1153,2709.56005859375,50.54,66.3,85.67,51.52,49.4,52.54,0.0,68.04,29.42,46.0,False,in_sample
2017-08-04,1185,2806.929931640625,47.87,67.6,82.32,47.5,48.33,51.4,0.0,58.48,25.89,44.56,False,in_sample
2017-08-05,1686,2897.6298828125,57.07,68.41,87.85,55.2,63.47,60.92,13.630131197335709,69.55,35.48,55.33,False,in_sample
2017-08-06,2803,3257.610107421875,71.03,77.1,96.51,63.68,77.91,74.08,37.27587992990243,85.79,57.63,69.9,False,in_sample
2017-08-07,2554,3212.780029296875,65.59,83.31,89.38,60.89,69.13,66.55,32.85189323629574,75.57,53.03,61.86,False,in_sample
2017-08-08,3426,3370.219970703125,71.87,88.19,90.79,79.01,74.38,72.76,46.485488185384035,74.02,59.95,66.8,False,in_sample
2017-08-09,4346,3420.39990234375,78.87,93.7,91.13,79.32,82.7,75.06,57.51331908993108,90.16,78.02,70.8,False,in_sample
2017-08-10,4601,3341.840087890625,74.09,90.74,87.31,71.72,74.98,72.48,60.09783242052432,76.76,74.63,68.92,False,in_sample
2017-08-11,7452,3373.820068359375,85.13,93.78,94.37,85.96,79.77,83.18,82.54283405160996,88.55,89.28,83.29,False,in_sample
2017-08-12,16299,3650.6298828125,99.47,97.69,100.0,100.0,100.0,100.0,100.0,97.75,100.0,100.0,False,in_sample
2017-08-13,4064,3880.0400390625,75.66,89.35,92.91,78.12,76.21,77.79,54.065610727313064,80.64,65.11,73.02,False,in_sample
2017-08-14,4305,4066.10009765625,77.02,89.65,93.93,77.76,76.73,79.58,56.678681948844456,82.62,67.47,75.24,False,in_sample
2017-08-15,4161,4326.990234375,77.16,89.92,95.04,77.88,78.89,78.2,55.01047552222007,82.57,69.58,73.62,False,in_sample
2017-08-16,4365,4200.33984375,77.5,90.19,93.81,76.89,77.91,79.66,57.16880780106125,80.87,72.04,75.46,False,in_sample
2017-08-17,4309,4384.43994140625,77.82,90.45,94.82,76.99,81.69,79.01,56.48699301191426,81.89,70.79,74.71,False,in_sample
2017-08-18,4109,4324.33984375,77.61,90.68,94.07,77.49,81.0,77.17,54.186977412564595,84.81,72.85,72.48,False,in_sample
2017-08-19,4161,4137.75,77.92,90.91,92.47,77.58,82.01,77.41,54.69632124989655,87.24,72.45,72.77,False,in_sample
2017-08-20,4086,4189.31005859375,77.11,91.1,92.49,77.53,77.05,76.6,53.76734079054074,89.24,70.66,71.74,False,in_sample
2017-08-21,3993,4090.47998046875,76.61,91.28,91.58,77.79,73.21,75.62,52.61208535906541,91.59,71.32,70.59,False,in_sample
2017-08-22,4075,3998.35009765625,75.64,91.45,90.69,77.74,66.08,76.14,53.48405999687568,89.3,70.76,71.22,False,in_sample
2017-08-23,4147,4089.010009765625,76.29,91.62,91.07,77.71,68.64,76.56,54.22466860662477,91.25,70.02,71.73,False,in_sample
2017-08-24,4326,4137.60009765625,76.67,91.81,91.32,77.11,67.82,77.83,56.1229646301878,89.99,71.05,73.35,False,in_sample
2017-08-25,4354,4332.81982421875,76.8,91.99,92.4,76.44,70.07,77.85,56.3465406985457,87.04,71.99,73.44,False,in_sample
2017-08-26,4342,4372.06005859375,76.4,92.18,92.4,76.16,65.23,77.57,56.13918886026875,87.19,73.9,73.17,False,in_sample
2017-08-27,4345,4345.10009765625,76.74,92.32,92.16,75.46,70.51,77.4,56.09328693247103,85.71,74.35,73.02,False,in_sample
2017-08-28,4380,4384.4501953125,76.88,92.45,92.03,74.77,73.47,77.48,56.39055848036043,84.1,74.44,73.2,False,in_sample
2017-08-29,4601,4389.2099609375,78.12,92.59,92.06,74.56,78.39,78.99,58.6164411500362,84.76,74.63,75.05,False,in_sample
2017-08-30,4587,4570.35986328125,78.54,92.71,93.13,75.63,79.83,78.68,58.395903855860034,85.25,75.1,74.71,False,in_sample
2017-08-31,4741,4555.58984375,79.74,92.88,92.8,75.46,83.51,79.62,59.86400979044772,87.09,77.22,75.89,False,in_sample
2017-09-01,904,4701.759765625,44.58,60.35,78.77,51.08,39.67,48.39,0.0,63.96,18.34,40.34,False,in_sample
2017-09-02,983,4901.419921875,46.12,63.14,82.72,46.21,46.2,49.25,0.0,60.96,23.27,41.95,False,in_sample
2017-09-03,1194,4585.27001953125,50.56,66.39,83.07,51.21,49.0,53.66,0.0,69.26,27.86,47.18,False,in_sample
2017-09-04,1214,4591.6298828125,48.29,67.68,82.03,47.15,49.46,52.15,0.0,59.18,25.77,45.4,False,in_sample
2017-09-05,1720,4228.2900390625,57.67,68.6,90.69,56.2,63.49,61.49,11.978744604300825,70.29,34.2,55.91,False,in_sample
2017-09-06,2805,4376.58984375,70.92,77.46,97.12,63.69,77.45,73.93,34.80894352317902,87.03,55.2,69.76,False,in_sample
2017-09-07,2507,4589.14013671875,65.41,83.51,90.04,61.46,68.18,65.78,29.465768993746234,77.61,51.32,61.04,False,in_sample
2017-09-08,3348,4605.16015625,71.66,88.39,90.55,79.51,74.43,71.8,42.94042539801191,72.94,61.87,65.62,False,in_sample
2017-09-09,4336,4229.81005859375,77.97,93.73,89.01,78.29,82.19,74.8,54.98005058410005,86.15,78.27,70.57,False,in_sample
2017-09-10,4778,4229.33984375,74.87,90.67,88.4,72.19,76.05,73.62,59.4517890441892,76.54,75.17,70.32,False,in_sample
2017-09-11,7118,4122.47021484375,85.02,93.9,95.4,85.71,81.53,81.36,78.05976893883641,90.36,89.96,81.08,False,in_sample
2017-09-12,15051,4168.8798828125,99.09,97.97,100.0,100.0,100.0,99.91,100.0,97.65,100.0,100.0,False,in_sample
2017-09-13,3888,4131.97998046875,75.04,93.52,87.22,75.61,80.31,70.35,49.55414786576308,84.81,74.39,65.39,False,in_sample
2017-09-14,3248,3875.3701171875,71.74,93.37,84.79,74.6,76.76,63.97,41.04137273939353,84.64,73.92,57.61,False,in_sample
2017-09-15,3700,3166.300048828125,71.4,93.34,77.72,72.19,74.49,68.36,47.0723904018084,80.88,71.12,62.98,False,in_sample
2017-09-16,3712,3637.75,71.06,93.26,83.03,73.77,72.2,68.33,47.145342808447516,80.5,63.86,62.99,False,in_sample
2017-09-17,3712,3606.280029296875,71.61,93.16,83.08,73.37,73.83,68.19,47.06644416085835,79.25,69.2,62.9,False,in_sample
2017-09-18,4081,3591.090087890625,72.33,93.13,83.06,72.91,70.44,71.32,51.43380907015141,78.37,69.35,66.83,False,in_sample
2017-09-19,3926,4073.7900390625,71.99,93.06,86.49,72.84,69.95,69.83,49.538614592388576,77.51,69.38,65.06,False,in_sample
2017-09-20,3896,3916.360107421875,71.09,92.96,85.0,72.45,65.2,69.41,49.100087633627574,73.53,73.23,64.62,False,in_sample
2017-09-21,3618,3901.469970703125,68.86,92.81,84.66,71.63,67.64,66.69,45.54715402115896,63.14,71.65,61.35,False,in_sample
2017-09-22,3620,3628.02001953125,68.9,92.65,81.78,70.91,64.97,66.58,45.49409705460743,70.57,71.33,61.23,False,in_sample
2017-09-23,3776,3629.919921875,69.27,92.51,81.75,68.73,68.83,67.91,47.39569456062489,70.57,68.29,62.94,False,in_sample
2017-09-24,3677,3796.14990234375,68.69,92.33,83.38,68.15,66.4,66.85,46.06961972296465,70.44,68.31,61.74,False,in_sample
2017-09-25,3919,3681.580078125,69.93,92.13,82.32,67.27,65.89,68.92,48.98354896276348,75.54,70.01,63.98,False,in_sample
2017-09-26,3891,3928.409912109375,69.57,91.97,84.39,69.03,63.76,68.52,48.56830917336346,73.18,68.9,63.5,False,in_sample
2017-09-27,4208,3892.93994140625,71.04,91.81,84.02,69.95,65.49,71.1,52.168102187945465,72.57,71.44,66.75,False,in_sample
2017-09-28,4188,4197.1298828125,71.33,91.66,86.76,70.56,70.57,70.77,51.86620742601129,68.23,71.09,66.42,False,in_sample
2017-09-29,4156,4171.6201171875,72.01,91.48,86.44,72.28,73.77,70.35,51.4277555100784,68.11,74.2,65.97,False,in_sample
2017-09-30,4335,4166.10986328125,72.63,91.3,86.06,72.27,73.12,71.66,53.330717149162545,70.38,73.91,67.63,False,in_sample
2017-10-01,907,4341.0498046875,44.84,60.45,78.29,50.76,41.54,48.44,0.0,64.56,18.7,40.42,False,in_sample
2017-10-02,997,4395.81005859375,45.99,63.25,79.95,47.17,45.18,49.66,0.0,61.21,23.17,42.39,False,in_sample
2017-10-03,1099,4408.4599609375,49.12,66.43,84.34,49.56,47.77,50.79,0.0,70.09,25.07,44.15,False,in_sample
2017-10-04,1212,4319.3701171875,48.4,67.74,82.9,47.15,48.44,52.02,0.0,60.92,25.5,45.3,False,in_sample
2017-10-05,1783,4229.8798828125,58.92,68.79,91.02,57.19,63.83,62.61,11.177520303052692,71.99,38.09,57.15,False,in_sample
2017-10-06,2917,4324.4599609375,71.52,77.85,96.93,63.85,76.25,75.09,34.23786254722228,88.01,56.52,70.95,False,in_sample
2017-10-07,2320,4369.35009765625,64.77,83.65,89.41,61.58,70.7,63.0,23.39086689519425,78.03,52.22,57.97,False,in_sample
2017-10-08,3438,4429.669921875,71.83,88.59,89.43,78.91,72.71,72.55,41.805600093002454,74.52,62.26,66.57,False,in_sample
2017-10-09,4262,4614.52001953125,76.82,93.73,88.88,77.57,77.79,74.03,51.83091409391179,86.12,75.64,69.7,False,in_sample
2017-10-10,4742,4776.2099609375,75.04,90.62,89.35,73.31,76.81,73.19,56.77267020378468,75.29,76.49,69.83,False,in_sample
2017-10-11,6621,4789.25,83.56,93.95,93.84,85.55,76.99,78.62,72.39717164686343,90.97,91.72,77.67,False,in_sample
2017-10-12,15475,4829.580078125,99.33,98.27,100.0,100.0,100.0,100.0,100.0,98.31,100.0,100.0,False,in_sample
2017-10-13,5615,5464.16015625,77.61,90.64,92.54,75.29,74.26,78.53,64.49167026383661,75.31,77.9,76.55,False,in_sample
2017-10-14,5786,5643.52978515625,79.12,90.73,93.31,77.34,76.54,79.38,65.82698388943378,76.0,82.35,77.68,False,in_sample
2017-10-15,5690,5835.9599609375,79.7,90.82,93.97,77.76,80.05,78.6,64.96333515136762,77.69,83.77,76.73,False,in_sample
2017-10-16,5757,5687.56982421875,80.4,90.89,93.3,77.91,83.21,78.8,65.43801906742549,79.36,84.78,76.94,False,in_sample
2017-10-17,5591,5741.580078125,79.89,90.94,93.38,77.68,84.4,77.59,63.98445801108004,78.61,83.87,75.48,False,in_sample
2017-10-18,5584,5603.81982421875,79.35,91.0,92.31,77.37,80.61,77.36,63.84908092512147,79.18,84.13,75.27,False,in_sample
2017-10-19,5709,5583.740234375,80.08,91.08,92.11,77.77,80.52,77.93,64.8150851086863,84.84,82.76,75.93,False,in_sample
2017-10-20,6001,5708.10986328125,81.18,91.19,92.5,78.35,82.26,79.48,67.0878139573502,86.43,82.56,77.92,False,in_sample
2017-10-21,6031,5996.7900390625,81.57,91.29,93.76,77.57,83.11,79.44,67.24668649652853,87.6,83.32,77.97,False,in_sample
2017-10-22,5997,6036.66015625,81.58,91.37,93.74,77.6,83.72,79.05,66.90445014349825,86.34,85.22,77.49,False,in_sample
2017-10-23,5889,6006.0,81.22,91.44,93.3,78.33,82.61,78.22,65.9723945372185,86.51,85.26,76.44,False,in_sample
2017-10-24,5518,5935.52001953125,80.27,91.47,92.22,81.81,82.3,75.76,62.830677072108934,84.59,84.87,73.42,False,in_sample
2017-10-25,5737,5524.60009765625,80.43,91.52,89.98,83.07,81.66,76.93,64.58815148665553,84.18,84.0,74.89,False,in_sample
2017-10-26,5901,5747.9501953125,80.71,91.6,91.04,83.02,82.06,77.73,65.84016265537275,84.93,81.25,75.96,False,in_sample
2017-10-27,5772,5899.740234375,80.18,91.66,91.78,82.54,76.33,76.77,64.7224341565992,87.16,82.74,74.85,False,in_sample
2017-10-28,5763,5787.81982421875,79.0,91.73,90.95,82.49,66.25,76.53,64.57274453704001,87.04,83.78,74.64,False,in_sample
2017-10-29,6175,5754.43994140625,79.46,91.86,90.82,82.02,64.66,78.75,67.751662524795,86.3,82.76,77.47,False,in_sample
2017-10-30,6120,6114.85009765625,79.85,91.99,92.76,81.69,69.63,78.24,67.2541102303383,84.76,82.58,76.89,False,in_sample
2017-10-31,6429,6132.02001953125,80.88,92.13,92.29,79.59,77.0,79.77,69.50083278140423,80.93,85.28,78.84,False,in_sample
2017-11-01,789,6440.97021484375,43.78,60.49,78.38,50.0,38.7,43.72,0.0,69.02,18.28,35.43,False,in_sample
2017-11-02,1012,6777.77001953125,45.93,63.36,80.4,47.7,44.08,50.08,0.0,62.05,20.41,42.89,False,in_sample
2017-11-03,1177,7087.52978515625,49.62,66.53,81.15,48.5,48.6,53.04,0.0,69.13,26.41,46.55,False,in_sample
2017-11-04,1230,7164.47998046875,48.92,67.79,82.74,46.89,51.32,52.45,0.0,60.7,26.43,45.79,False,in_sample
2017-11-05,1836,7404.52001953125,59.23,69.01,91.86,57.44,61.24,63.49,9.997920357509619,72.38,38.81,58.0,False,in_sample
2017-11-06,2975,7403.22021484375,71.71,78.23,97.57,64.53,75.32,75.58,32.68912387326797,87.16,56.49,71.55,False,in_sample
2017-11-07,2320,7023.10009765625,64.34,83.82,86.83,61.24,69.93,62.88,20.87452165720598,78.75,51.44,57.87,False,in_sample
2017-11-08,3661,7141.3798828125,72.57,88.82,89.99,78.83,71.71,74.56,42.32233144964879,75.28,61.38,69.05,False,in_sample
2017-11-09,4213,7446.830078125,76.08,93.69,88.14,77.57,77.08,73.46,48.8725537103555,82.76,75.55,69.07,False,in_sample
2017-11-10,4815,7173.72998046875,74.9,90.58,88.87,74.17,73.73,73.56,55.09966188656802,73.92,77.88,70.36,False,in_sample
2017-11-11,6347,6618.60986328125,81.48,94.0,91.49,85.46,67.21,76.95,68.06460071937836,92.04,89.79,75.52,False,in_sample
2017-11-12,16874,6295.4501953125,99.75,98.61,100.0,100.0,100.0,100.0,100.0,99.14,100.0,100.0,False,in_sample
2017-11-13,6520,5938.25,79.35,94.1,86.41,87.71,57.84,77.54,69.1835312863576,87.98,85.16,75.57,False,in_sample
2017-11-14,6593,6561.47998046875,80.38,94.2,89.85,89.03,64.18,77.74,69.6340416942637,88.52,81.77,75.85,False,in_sample
2017-11-15,7258,6634.759765625,83.59,94.31,90.02,88.84,75.0,80.9,74.09770354733823,90.44,86.47,79.93,False,in_sample
2017-11-16,7834,7323.240234375,85.04,94.45,92.61,89.59,78.16,83.36,77.63055336276116,87.58,87.02,83.04,False,in_sample
2017-11-17,7730,7853.56982421875,85.61,94.59,94.37,90.07,83.32,82.66,76.92486663220677,83.37,91.01,82.17,False,in_sample
2017-11-18,7797,7697.2099609375,85.75,94.73,93.5,91.74,82.53,82.74,77.25827849343493,80.76,94.17,82.33,False,in_sample
2017-11-19,8019,7766.02978515625,85.56,94.86,93.52,92.0,83.19,83.5,78.51064754167004,75.51,93.64,83.38,False,in_sample
2017-11-20,8270,8039.06982421875,86.71,95.02,94.09,91.16,84.35,84.35,79.89311565221766,81.24,94.01,84.46,False,in_sample
2017-11-21,8092,8205.740234375,86.96,95.18,94.6,91.32,87.59,83.36,78.79070310152613,81.5,95.17,83.24,False,in_sample
2017-11-22,8250,8077.9501953125,87.76,95.32,93.62,92.56,86.62,83.81,79.63073116907535,86.16,96.43,83.9,False,in_sample
2017-11-23,8072,8232.3798828125,87.48,95.45,93.96,92.18,84.6,82.82,78.52556185454802,89.62,95.54,82.7,False,in_sample
2017-11-24,8233,8074.02001953125,87.26,95.53,93.15,91.67,82.62,83.28,79.38528099823759,88.31,96.31,83.31,False,in_sample
2017-11-25,8761,8241.7099609375,88.05,95.63,93.36,91.07,83.77,85.23,82.25073461183202,88.32,95.4,85.86,False,in_sample
2017-11-26,9320,8789.0400390625,89.41,95.75,94.73,91.82,84.97,87.15,85.10235918880065,89.34,96.19,88.35,False,in_sample
2017-11-27,9731,9352.7197265625,91.01,95.88,96.01,93.01,88.47,88.4,87.07024647376147,90.42,98.71,90.01,False,in_sample
2017-11-28,9933,9823.4296875,91.5,96.03,96.66,93.88,89.73,88.86,87.96914559522396,88.73,100.0,90.62,False,in_sample
2017-11-29,9801,10077.400390625,91.65,96.15,96.6,95.03,91.58,88.12,87.26333006128603,89.3,100.0,89.69,False,in_sample
2017-11-30,9997,9906.7900390625,91.78,96.26,95.75,96.92,91.32,88.56,88.12724847785077,87.72,100.0,90.31,False,in_sample
2017-12-01,808,10198.599609375,42.54,60.53,72.13,48.63,40.21,44.45,0.0,62.29,18.38,36.22,False,in_sample
2017-12-02,1007,10978.2998046875,45.58,63.47,80.97,47.13,42.05,49.84,0.0,60.97,20.91,42.68,False,in_sample
2017-12-03,1232,11082.7001953125,50.24,66.65,83.76,48.73,49.53,54.51,0.0,69.29,23.08,48.13,False,in_sample
2017-12-04,1217,11315.400390625,48.62,67.81,83.21,47.1,49.92,51.99,0.0,60.3,26.34,45.31,False,in_sample
2017-12-05,1705,11685.7001953125,58.39,69.17,92.39,57.39,60.96,60.86,4.026507894961966,71.8,40.17,55.2,False,in_sample
2017-12-06,2666,11923.400390625,70.64,78.5,97.82,64.55,74.2,71.67,25.109460917335653,89.75,57.99,66.98,False,in_sample
2017-12-07,2375,14266.099609375,64.53,84.0,86.79,61.32,72.19,63.58,19.556142989298067,78.64,48.29,58.71,False,in_sample
2017-12-08,3872,17802.900390625,74.36,89.08,91.64,78.26,73.06,76.31,42.62355866182329,81.36,62.51,71.19,False,in_sample
2017-12-09,4165,16523.30078125,75.73,93.61,87.68,76.24,77.68,72.89,46.00061779505554,83.38,74.86,68.45,False,in_sample
2017-12-10,5394,15168.400390625,76.58,90.58,89.25,74.4,74.4,77.33,58.171679149026545,74.95,77.42,75.07,False,in_sample
2017-12-11,5830,15427.400390625,78.39,94.01,89.95,85.61,56.2,73.8,61.7780554246526,91.19,86.83,70.84,False,in_sample
2017-12-12,17434,16919.80078125,99.79,98.96,100.0,100.0,100.0,100.0,100.0,99.17,100.0,100.0,False,in_sample
2017-12-13,16516,17500.0,99.92,99.25,100.0,100.0,100.0,100.0,100.0,100.0,100.0,100.0,False,in_sample
2017-12-14,16603,16384.599609375,99.95,99.52,100.0,100.0,100.0,100.0,100.0,100.0,100.0,100.0,False,in_sample
2017-12-15,17703,16601.30078125,99.97,99.83,99.86,100.0,100.0,100.0,100.0,100.0,100.0,100.0,False,in_sample
2017-12-16,19641,17760.30078125,99.98,99.79,100.0,100.0,100.0,100.0,100.0,100.0,100.0,100.0,False,in_sample
2017-12-17,19251,19475.80078125,99.94,99.44,100.0,100.0,100.0,100.0,100.0,100.0,100.0,100.0,False,in_sample
2017-12-18,18983,19106.400390625,99.9,99.13,100.0,100.0,100.0,100.0,100.0,100.0,100.0,100.0,False,in_sample
2017-12-19,17654,19118.30078125,99.88,98.88,100.0,100.0,100.0,100.0,100.0,100.0,100.0,100.0,False,in_sample
2017-12-20,16454,17760.30078125,99.52,98.69,99.3,100.0,99.69,98.57,100.0,100.0,100.0,100.0,False,in_sample
2017-12-21,15634,16642.400390625,98.0,98.56,97.16,100.0,92.64,96.43,100.0,100.0,100.0,100.0,False,in_sample
2017-12-22,14306,15898.0,96.48,98.45,95.67,100.0,90.87,92.99,100.0,100.0,100.0,97.08,False,in_sample
2017-12-23,14911,13948.7001953125,96.52,98.33,93.02,100.0,89.53,94.14,100.0,100.0,100.0,98.68,False,in_sample
2017-12-24,14027,14608.2001953125,95.71,98.22,94.08,100.0,89.59,91.69,100.0,100.0,100.0,95.47,False,in_sample
2017-12-25,14081,13995.900390625,95.2,98.11,92.14,100.0,87.27,91.54,100.0,100.0,100.0,95.35,False,in_sample
2017-12-26,15728,14036.599609375,96.7,97.97,92.2,100.0,87.89,95.12,100.0,100.0,100.0,100.0,False,in_sample
2017-12-27,15390,16163.5,96.68,97.85,95.14,100.0,89.07,94.04,100.0,99.05,100.0,98.8,False,in_sample
2017-12-28,14290,15864.099609375,95.21,97.74,94.19,100.0,90.17,91.13,100.0,95.78,100.0,95.01,False,in_sample
2017-12-29,14572,14695.7998046875,94.62,97.62,91.89,100.0,90.76,91.53,100.0,90.54,100.0,95.6,False,in_sample
2017-12-30,12949,14681.900390625,92.77,97.55,92.32,100.0,87.43,87.1,98.23030325231001,92.29,100.0,89.73,False,in_sample
2017-12-31,13922,12897.7001953125,92.89,97.45,88.31,100.0,87.91,89.4,100.0,88.55,100.0,92.81,False,in_sample
2018-01-01,13465,14112.2001953125,92.35,97.35,90.61,100.0,85.84,87.96,99.94369754809702,88.39,100.0,90.97,False,in_sample
2018-01-02,9040,13625.0,76.99,95.13,74.86,93.47,61.85,66.98,80.9483185629752,65.33,100.0,64.51,False,in_sample
2018-01-03,10924,14978.2001953125,77.86,95.13,75.85,92.3,64.65,69.95,89.86755265033037,56.29,100.0,69.35,False,in_sample
2018-01-04,6805,15270.7001953125,58.96,88.31,54.19,79.87,40.88,49.52,67.30973151809799,45.14,73.18,44.95,False,in_sample
2018-01-05,9073,15477.2001953125,64.48,64.24,71.19,82.38,51.44,57.1,80.90208722896064,53.29,79.49,55.93,False,in_sample
2018-01-06,7520,17462.099609375,51.98,52.19,58.4,67.45,43.4,47.61,71.90793959129739,35.13,63.18,45.38,False,in_sample
2018-01-07,6362,17527.30078125,41.19,38.83,49.41,56.67,29.19,39.68,63.886626413711646,22.84,51.32,36.96,False,in_sample
2018-01-08,7597,16476.19921875,47.04,33.32,62.36,51.6,35.31,44.22,72.2439304452782,42.67,58.37,43.9,False,in_sample
2018-01-09,7193,15123.7001953125,39.95,23.91,56.67,39.97,32.71,40.52,69.5723107891677,30.19,48.15,40.17,False,in_sample
2018-01-10,6562,14588.5,35.56,18.43,53.06,34.27,30.39,35.6,65.13310326325298,28.61,43.0,35.4,False,in_sample
2018-01-11,6343,14968.2001953125,32.88,18.43,50.93,28.92,28.44,32.87,63.444375888102634,27.54,37.85,33.18,False,in_sample
2018-01-12,4149,13453.900390625,12.69,17.11,12.66,19.35,0.0,15.94,43.18427707397208,0.0,18.75,13.53,False,in_sample
2018-01-13,14232,13952.400390625,92.29,95.41,87.71,100.0,86.39,86.59,100.0,93.25,100.0,89.55,False,in_sample
2018-01-14,13682,14370.7998046875,91.1,95.31,88.71,100.0,83.72,84.96,99.78246461127756,89.87,100.0,87.43,False,in_sample
2018-01-15,13592,13767.2998046875,89.94,95.22,87.27,100.0,81.03,84.49,99.39777498615969,85.04,100.0,86.89,False,in_sample
2018-01-16,11432,13836.099609375,86.91,95.21,87.01,100.0,78.77,78.16,91.09359792431493,82.61,100.0,78.46,False,in_sample
2018-01-17,11160,11431.099609375,85.56,95.2,80.39,99.13,76.85,77.12,89.87613527817987,83.39,100.0,77.07,False,in_sample
2018-01-18,11247,11198.7998046875,84.64,95.18,79.43,98.38,75.99,77.2,90.17380666573399,77.16,100.0,77.26,False,in_sample
2018-01-19,11441,11429.7998046875,85.04,95.17,79.84,97.4,76.24,77.62,90.91590075935186,79.4,100.0,77.88,False,in_sample
2018-01-20,12769,11656.2001953125,87.0,95.13,80.58,97.14,78.55,81.31,96.07106044888322,80.89,100.0,82.87,False,in_sample
2018-01-21,11423,12889.2001953125,85.77,95.13,84.91,97.68,79.5,77.16,90.69756671912846,78.43,100.0,77.43,False,in_sample
2018-01-22,10738,11633.099609375,84.11,95.14,80.51,96.94,78.57,74.8,87.68185504297801,77.84,100.0,74.31,False,in_sample
2018-01-23,10850,10944.5,82.45,95.13,77.87,96.3,76.14,74.99,88.10387264817993,67.72,100.0,74.63,False,in_sample
2018-01-24,11226,10903.400390625,82.57,95.13,78.43,95.69,74.89,76.02,89.6541429809264,66.21,100.0,76.08,False,in_sample
2018-01-25,11131,11421.7001953125,82.44,95.13,79.92,94.61,74.4,75.54,89.17765246344094,66.61,100.0,75.51,False,in_sample
2018-01-26,11036,11256.0,82.09,95.13,79.56,94.16,72.67,75.06,88.69760668693385,67.52,100.0,74.91,False,in_sample
2018-01-27,11321,11174.900390625,82.92,95.13,79.09,94.63,71.09,75.78,89.84029613252684,73.76,100.0,75.95,False,in_sample
2018-01-28,11616,11475.2998046875,82.58,95.13,80.16,93.98,71.43,76.51,90.99410304247161,67.16,100.0,76.95,False,in_sample
2018-01-29,11133,11755.5,81.59,95.13,81.06,94.38,70.73,74.83,88.89906093640836,63.39,100.0,74.79,False,in_sample
2018-01-30,9960,11306.7998046875,79.71,95.13,79.25,94.09,69.66,70.72,83.52197410102404,63.98,100.0,69.41,False,in_sample
2018-01-31,10051,10108.2001953125,78.77,95.13,74.37,93.78,63.7,70.89,83.88304144954478,65.93,100.0,69.67,False,in_sample
2018-02-01,14755,10237.2998046875,94.38,97.2,89.5,100.0,89.13,90.91,100.0,93.77,100.0,94.94,False,in_sample
2018-02-02,8787,9142.2802734375,75.76,95.13,69.68,93.85,60.14,65.84,77.33193676350174,64.65,100.0,63.04,False,in_sample
2018-02-03,11015,8852.1201171875,78.07,95.13,78.43,90.32,64.58,70.09,88.0323124186747,57.91,99.02,69.62,False,in_sample
2018-02-04,7034,9175.7001953125,58.78,87.39,53.09,78.25,40.68,50.62,66.57649380923675,43.08,73.54,46.43,False,in_sample
2018-02-05,9205,8270.5400390625,63.35,63.66,70.27,80.49,49.46,57.52,79.32889062799514,47.99,78.46,56.46,False,in_sample
2018-02-06,7638,7051.75,51.91,51.99,58.79,66.76,42.0,48.09,70.35669261901724,34.23,63.61,46.05,False,in_sample
2018-02-07,6609,7755.490234375,42.14,38.45,49.41,59.08,29.05,41.01,63.381238557123744,24.02,52.22,38.63,False,in_sample
2018-02-08,7543,7637.85986328125,46.21,33.19,61.33,50.45,35.95,43.9,69.61212124617363,40.41,55.82,43.55,False,in_sample
2018-02-09,7287,8271.83984375,40.14,23.66,58.21,39.55,32.4,40.94,67.89107930197837,29.61,48.43,40.72,False,in_sample
2018-02-10,6509,8720.080078125,35.12,18.42,52.64,35.12,28.79,35.25,62.430102949440155,27.01,43.02,35.01,False,in_sample
2018-02-11,6349,8616.1298828125,32.76,18.48,51.39,27.94,27.6,32.85,61.167854685899215,27.6,37.99,33.19,False,in_sample
2018-02-12,4099,8141.43017578125,12.75,17.29,17.19,19.61,0.0,15.47,40.21174529791153,0.0,15.89,13.0,False,in_sample
2018-02-13,8524,8926.7197265625,71.08,95.13,70.2,88.9,58.68,63.44,75.07856291335206,42.12,93.85,59.91,False,in_sample
2018-02-14,9468,8599.919921875,72.86,95.13,67.9,87.26,62.77,67.04,80.01902597159777,41.25,97.72,64.76,False,in_sample
2018-02-15,10107,9488.3203125,74.54,95.13,73.29,87.48,61.17,69.22,83.06437845596648,46.37,95.76,67.72,False,in_sample
2018-02-16,10190,10135.7001953125,76.03,95.13,76.27,87.99,62.76,69.36,83.38269706489069,49.77,99.94,67.97,False,in_sample
2018-02-17,11086,10207.5,76.93,95.13,76.58,86.98,62.26,72.21,87.33480963199398,48.77,100.0,71.83,False,in_sample
2018-02-18,10453,11123.400390625,76.43,95.13,80.25,86.98,65.28,69.96,84.4554007980489,45.33,100.0,68.93,False,in_sample
2018-02-19,11140,10552.599609375,77.82,95.13,77.6,86.88,66.67,72.07,87.42361499111954,51.47,100.0,71.8,False,in_sample
2018-02-20,11246,11231.7998046875,77.77,95.13,80.3,86.53,65.95,72.25,87.80438200006071,48.65,100.0,72.09,False,in_sample
2018-02-21,10459,11372.2001953125,77.59,95.13,80.55,87.23,66.33,69.52,84.26696055331473,55.17,100.0,68.55,False,in_sample
2018-02-22,9879,10660.400390625,76.43,95.13,77.31,86.87,63.5,67.34,81.46921482928762,58.99,100.0,65.46,False,in_sample
2018-02-23,10160,9937.0703125,76.74,95.13,74.01,90.24,62.64,68.2,82.73716822534287,59.36,100.0,66.66,False,in_sample
2018-02-24,9687,10287.7001953125,76.36,95.13,75.31,90.84,59.49,66.37,80.38680902107134,64.23,99.23,64.31,False,in_sample
2018-02-25,9604,9796.419921875,75.81,95.13,73.01,91.13,60.76,65.93,79.9031982808186,60.64,100.0,63.81,False,in_sample
2018-02-26,10313,9669.4296875,76.77,95.13,72.58,90.71,60.18,68.33,83.23541784528115,64.24,97.8,67.05,False,in_sample
2018-02-27,10655,10393.900390625,77.82,95.13,76.01,90.88,62.54,69.35,84.72305974806092,64.61,97.13,68.46,False,in_sample
2018-02-28,10308,10687.2001953125,77.22,95.13,77.46,90.86,62.02,68.02,83.06829596110053,60.22,99.76,66.75,False,in_sample
2018-03-01,15011,10385.0,94.63,96.98,92.16,100.0,89.27,91.23,100.0,92.01,100.0,95.44,False,in_sample
2018-03-02,9133,10977.400390625,76.32,95.13,68.54,93.58,62.64,67.07,77.13664640261864,66.05,98.07,64.74,False,in_sample
2018-03-03,11426,11101.900390625,78.67,95.13,78.73,89.97,67.69,71.25,87.77732262412889,54.94,100.0,71.21,False,in_sample
2018-03-04,7421,11497.400390625,59.58,86.54,55.43,77.01,44.67,52.46,67.06217283103727,40.36,72.63,48.84,False,in_sample
2018-03-05,9751,11532.400390625,64.32,63.06,70.92,80.2,49.73,59.5,80.05110753157373,50.64,77.48,59.01,False,in_sample
2018-03-06,7703,11500.099609375,52.08,51.72,59.79,66.7,41.77,48.33,68.69909614271704,34.35,63.67,46.39,False,in_sample
2018-03-07,6499,10803.900390625,41.73,38.15,52.18,59.49,26.66,40.34,60.49293354488321,22.33,51.99,37.85,False,in_sample
2018-03-08,7412,9951.4404296875,46.12,33.04,60.9,50.45,36.97,43.19,66.7091662256699,42.39,54.95,42.74,False,in_sample
2018-03-09,7258,9414.6904296875,40.32,23.44,59.04,39.38,31.82,40.74,65.63055667451071,31.04,49.35,40.52,False,in_sample
2018-03-10,6465,9350.58984375,34.68,18.38,52.09,34.54,26.9,34.95,60.01851518297928,27.5,42.63,34.69,False,in_sample
2018-03-11,6333,8852.7802734375,32.68,18.52,51.45,27.48,27.5,32.72,58.95650386639806,27.66,38.15,33.07,False,in_sample
2018-03-12,3844,9602.9296875,11.65,17.46,15.96,17.47,0.0,13.05,34.97857900261593,0.0,17.74,9.84,False,in_sample
2018-03-13,9161,9173.0400390625,72.24,95.13,69.86,86.19,56.77,62.05,76.484897632787,59.72,91.78,59.88,False,in_sample
2018-03-14,8223,9214.650390625,69.7,95.13,69.97,86.35,53.94,58.08,71.23944958437991,55.15,89.85,54.79,False,in_sample
2018-03-15,8269,8290.759765625,68.28,95.13,64.05,85.82,51.04,58.18,71.43352305437706,51.46,89.62,54.98,False,in_sample
2018-03-16,8377,8322.91015625,67.71,95.13,64.46,85.33,49.6,58.54,71.98201738563448,51.25,84.85,55.51,False,in_sample
2018-03-17,7882,8321.91015625,66.25,95.13,65.29,82.96,49.38,56.26,68.99121593313235,47.8,84.85,52.62,False,in_sample
2018-03-18,8190,7890.52001953125,66.92,95.13,61.73,82.34,49.76,57.53,70.75442463950178,52.76,85.15,54.32,False,in_sample
2018-03-19,8538,8344.1201171875,67.1,95.13,64.06,81.79,49.81,58.91,72.6752622249087,50.29,82.38,56.18,False,in_sample
2018-03-20,8896,8619.669921875,68.0,95.13,66.49,81.68,49.19,60.27,74.57078853469758,50.37,83.75,58.02,False,in_sample
2018-03-21,8880,8937.48046875,67.61,95.13,68.78,80.76,50.22,60.1,74.41188786972776,43.46,85.24,57.86,False,in_sample
2018-03-22,8711,8939.4404296875,67.38,94.87,68.68,80.8,49.31,59.3,73.41823503439495,43.86,86.7,56.89,False,in_sample
2018-03-23,8772,8736.25,67.41,94.45,67.67,80.97,49.62,59.45,73.6800359027742,44.74,86.35,57.15,False,in_sample
2018-03-24,8611,8901.9501953125,66.41,94.0,68.06,79.9,49.44,58.68,72.71922700453794,40.72,85.28,56.23,False,in_sample
2018-03-25,8441,8612.8095703125,66.17,93.52,67.02,80.7,48.16,57.86,71.6903578637026,43.27,85.3,55.24,False,in_sample
2018-03-26,8172,8498.4697265625,65.79,93.03,65.95,80.94,48.7,56.6,70.06435904029821,45.97,84.26,53.68,False,in_sample
2018-03-27,7838,8200.0,64.89,92.39,64.18,80.91,47.02,55.01,67.98992044614306,48.58,83.16,51.7,False,in_sample
2018-03-28,7934,7836.830078125,64.31,91.54,61.75,80.3,46.1,55.35,68.50056895795554,48.43,81.54,52.21,False,in_sample
2018-03-29,7109,7979.06982421875,62.16,90.72,62.58,79.9,44.35,51.33,63.160298419737074,47.21,79.56,47.1,False,in_sample
2018-03-30,6833,7171.4501953125,60.69,89.97,55.75,79.79,43.29,49.82,61.186714460945645,47.63,79.83,45.22,False,in_sample
2018-03-31,6923,6892.47998046875,59.55,89.19,53.23,79.97,40.71,50.21,61.74057623963336,46.41,75.02,45.78,False,in_sample
2018-04-01,15071,7003.06005859375,94.37,96.8,92.52,100.0,91.32,91.08,98.99776053592497,87.61,100.0,95.31,False,in_sample
2018-04-02,8251,6844.85986328125,75.04,95.13,70.68,93.18,62.67,63.34,70.01491041738855,67.34,96.9,59.5,False,in_sample
2018-04-03,11463,7102.259765625,78.56,95.13,80.28,88.97,66.72,71.21,85.72364336518196,54.35,100.0,71.24,False,in_sample
2018-04-04,6781,7456.41015625,58.65,85.67,59.02,76.85,43.25,49.14,60.45001935196387,41.21,73.82,44.66,False,in_sample
2018-04-05,9697,6848.64990234375,64.02,62.42,73.8,78.81,48.72,59.19,77.54891304694334,48.7,77.84,58.68,False,in_sample
2018-04-06,7487,6815.9599609375,51.65,51.48,60.31,66.78,42.93,47.22,65.05765962605221,32.25,64.15,45.08,False,in_sample
2018-04-07,6580,6630.509765625,41.98,37.85,51.01,60.12,25.85,40.73,58.78303759046838,23.35,53.46,38.37,False,in_sample
2018-04-08,7003,6919.97998046875,45.11,32.82,59.82,49.31,37.96,41.05,61.701142193680326,42.48,54.5,40.21,False,in_sample
2018-04-09,7359,7044.31982421875,40.41,23.23,58.77,38.42,29.68,41.19,64.00904517967157,33.39,49.82,41.1,False,in_sample
2018-04-10,6546,6795.43994140625,34.99,18.37,51.63,35.39,26.15,35.36,58.31171258840367,29.68,42.17,35.22,False,in_sample
2018-04-11,6421,6843.47021484375,32.5,18.53,51.28,27.39,24.61,33.18,57.311249878205096,27.63,38.1,33.66,False,in_sample
2018-04-12,3893,6955.3798828125,10.99,17.57,8.54,18.52,0.35,13.5,33.19350451849468,0.0,17.18,9.41,False,in_sample
2018-04-13,7920,7901.08984375,58.87,77.29,63.45,76.25,46.32,53.99,67.2454214026449,29.25,71.5,51.29,False,in_sample
2018-04-14,8007,7874.669921875,59.9,76.6,63.5,77.26,45.97,54.29,67.69738642983273,32.2,76.7,51.74,False,in_sample
2018-04-15,8343,7999.330078125,60.7,75.92,64.16,77.05,47.32,55.68,69.60018801542314,33.44,76.54,53.56,False,in_sample
2018-04-16,8047,8337.5703125,59.83,75.11,66.52,76.85,45.36,54.29,67.79089689457099,30.72,76.75,51.86,False,in_sample
2018-04-17,7888,8071.66015625,59.73,74.32,64.43,77.37,47.26,53.48,66.7584599095191,31.6,78.21,50.88,False,in_sample
2018-04-18,8163,7944.43017578125,59.88,73.61,63.27,77.59,46.62,54.62,68.33311703687086,32.92,76.45,52.37,False,in_sample
2018-04-19,8273,8159.27001953125,61.36,72.89,65.27,77.49,49.94,55.01,68.9039087558294,41.57,75.36,52.73,False,in_sample
2018-04-20,8840,8286.8798828125,62.32,72.32,65.86,77.64,49.12,57.29,72.01920343625319,41.63,76.55,55.65,False,in_sample
2018-04-21,8864,8848.7900390625,62.92,71.67,69.45,78.14,50.01,57.29,72.07718151379714,42.32,76.86,55.68,False,in_sample
2018-04-22,8801,8925.0595703125,63.32,71.05,69.53,78.96,49.31,56.94,71.66165412402192,44.92,79.38,55.29,False,in_sample
2018-04-23,8931,8794.3896484375,63.3,70.35,69.12,79.29,50.78,57.36,72.29465284778028,42.59,79.22,55.86,False,in_sample
2018-04-24,9653,8934.33984375,64.32,69.65,69.84,79.84,51.78,60.05,75.96282934800685,41.29,78.65,59.32,False,in_sample
2018-04-25,8856,9701.0302734375,63.55,68.92,73.71,81.81,48.29,56.85,71.74414146067633,43.47,78.99,55.3,False,in_sample
2018-04-26,9265,8867.3203125,63.98,68.05,69.24,82.72,47.59,58.37,73.84461516459517,44.17,81.97,57.21,False,in_sample
2018-04-27,8982,9290.6298828125,63.54,67.15,71.48,83.9,45.05,57.15,72.27936289353129,48.25,78.07,55.72,False,in_sample
2018-04-28,9342,8939.26953125,64.02,66.33,69.85,83.13,46.18,58.47,74.09878180444925,48.34,79.7,57.46,False,in_sample
2018-04-29,9397,9346.41015625,64.13,65.62,71.89,82.75,47.76,58.58,74.30932320036645,47.85,78.14,57.66,False,in_sample
2018-04-30,9229,9426.1103515625,64.22,64.95,72.17,82.82,49.17,57.82,73.36869984315766,48.68,79.52,56.76,False,in_sample
2018-05-01,16998,9251.4697265625,95.84,96.57,92.38,100.0,90.47,95.02,100.0,88.24,100.0,100.0,False,in_sample
2018-05-02,6850,9104.599609375,71.4,95.13,65.06,93.07,60.53,56.62,58.867861457325745,64.71,98.5,50.48,False,in_sample
2018-05-03,11541,9233.9697265625,79.13,95.13,80.33,89.44,66.54,71.3,83.92003136254733,58.64,100.0,71.42,False,in_sample
2018-05-04,6799,9695.5,57.18,84.71,53.07,76.2,42.72,49.16,58.360360198124106,33.87,75.85,44.74,False,in_sample
2018-05-05,9796,9700.2802734375,64.88,61.84,73.46,79.37,51.27,59.45,75.8806336995269,51.06,80.02,59.07,False,in_sample
2018-05-06,7612,9845.3095703125,52.19,51.16,58.52,66.71,44.68,47.75,63.65499657401058,35.48,64.32,45.78,False,in_sample
2018-05-07,6536,9645.669921875,41.32,37.56,51.89,59.37,25.28,40.43,56.23800120727602,20.03,52.61,38.05,False,in_sample
2018-05-08,7032,9380.8701171875,44.51,32.63,56.13,48.47,37.56,41.14,59.68915710662092,42.72,53.61,40.37,False,in_sample
2018-05-09,6791,9223.73046875,38.97,23.01,59.64,38.0,27.55,38.17,57.934746513346326,32.8,49.56,37.54,False,in_sample
2018-05-10,6586,9325.9599609375,34.96,18.37,52.54,35.09,25.58,35.53,56.38342328570264,29.12,41.77,35.47,False,in_sample
2018-05-11,6403,9052.9599609375,32.42,18.48,52.28,27.61,24.83,33.04,54.95096426411834,26.13,37.9,33.52,False,in_sample
2018-05-12,3710,8441.4404296875,10.57,17.63,9.22,22.54,0.92,11.67,28.563980101928422,0.0,14.36,7.13,False,in_sample
2018-05-13,8696,8515.490234375,59.93,58.2,66.24,76.36,44.16,54.38,69.56314605388992,52.15,72.06,53.14,False,in_sample
2018-05-14,8672,8713.099609375,59.81,57.8,67.62,75.78,44.97,54.18,69.35750434062638,50.47,72.2,52.81,False,in_sample
2018-05-15,8489,8705.1904296875,59.44,57.36,67.16,77.92,43.27,53.32,68.25643005368332,49.6,73.04,51.79,False,in_sample
2018-05-16,8328,8504.41015625,59.17,56.92,65.95,77.73,45.12,52.55,67.26030155998397,50.06,72.73,50.87,False,in_sample
2018-05-17,8051,8370.0498046875,58.12,56.48,64.9,78.38,44.05,51.24,65.55579598684179,48.3,71.65,49.1,False,in_sample
2018-05-18,8234,8091.830078125,57.66,56.03,62.66,79.96,43.74,51.96,66.56746244439375,43.87,70.66,50.06,False,in_sample
2018-05-19,8230,8255.73046875,57.26,55.55,64.05,79.06,41.51,51.86,66.47138957889493,44.35,69.07,50.0,False,in_sample
2018-05-20,8512,8246.990234375,58.07,55.13,64.01,78.71,43.32,52.99,68.02469289285028,45.87,69.85,51.48,False,in_sample
2018-05-21,8399,8522.330078125,57.98,54.81,65.97,77.75,44.28,52.42,67.30723099245589,45.46,69.66,50.82,False,in_sample
2018-05-22,8008,8419.8701171875,56.87,54.47,65.18,75.9,43.58,50.62,64.93357345916111,44.09,70.89,48.62,False,in_sample
2018-05-23,7521,8037.080078125,55.34,54.18,62.37,75.4,43.42,48.27,61.83184713352108,42.89,70.13,45.72,False,in_sample
2018-05-24,7576,7561.1201171875,53.97,53.92,58.48,73.78,40.74,48.46,62.110549387966465,40.53,67.94,45.99,False,in_sample
2018-05-25,7426,7592.2998046875,53.34,53.62,58.94,70.98,41.7,47.66,61.07184251913148,41.99,65.13,45.05,False,in_sample
2018-05-26,7327,7486.47998046875,52.66,53.4,57.69,68.55,41.28,47.1,60.350536072506465,41.94,65.27,44.42,False,in_sample
2018-05-27,7339,7362.080078125,52.77,53.3,56.83,67.98,42.6,47.08,60.35635540611975,44.07,64.27,44.46,False,in_sample
2018-05-28,7111,7371.31005859375,51.83,53.1,56.97,67.6,40.36,45.87,58.758675888799125,43.18,63.54,43.0,False,in_sample
2018-05-29,7454,7129.4599609375,51.66,52.94,54.94,67.58,38.49,47.51,60.96109152483437,40.1,63.45,45.09,False,in_sample
2018-05-30,7375,7469.72998046875,51.29,52.71,58.13,67.66,39.27,47.05,60.37319059151057,35.98,61.96,44.57,False,in_sample
2018-05-31,7479,7406.14990234375,51.8,52.44,57.45,67.57,41.01,47.48,60.97668656504531,36.45,63.79,45.17,False,in_sample
2018-06-01,17104,7500.7001953125,95.62,96.34,95.36,100.0,92.65,94.92,100.0,81.34,100.0,100.0,False,in_sample
2018-06-02,7739,7536.72021484375,70.35,95.13,53.76,92.15,59.18,60.85,62.48223237738143,58.01,94.32,56.07,False,in_sample
2018-06-03,10678,7632.08984375,78.08,95.13,80.48,90.99,63.62,68.37,77.96996735326192,60.5,100.0,67.67,False,in_sample
2018-06-04,6611,7722.52978515625,55.43,83.61,53.35,75.39,38.93,48.07,54.72059541967476,31.21,71.87,43.42,False,in_sample
2018-06-05,9596,7500.89990234375,64.31,61.25,73.93,78.92,49.67,58.6,72.66226668783972,51.37,79.54,58.06,False,in_sample
2018-06-06,7651,7625.97021484375,51.91,50.78,59.62,66.56,43.15,47.86,61.63781891480774,34.77,62.95,45.97,False,in_sample
2018-06-07,6599,7650.81982421875,42.37,37.31,51.43,59.21,29.72,40.72,54.411566057175996,24.42,52.99,38.45,False,in_sample
2018-06-08,6930,7685.14013671875,43.29,32.45,56.43,46.52,33.44,40.55,56.704947414843375,42.25,51.05,39.7,False,in_sample
2018-06-09,6489,7632.52001953125,37.49,22.74,54.31,37.29,26.58,36.44,53.45102770186513,32.14,50.06,35.51,False,in_sample
2018-06-10,6551,7499.5498046875,34.48,18.36,52.97,32.96,23.72,35.29,53.83725715635666,28.74,42.21,35.22,False,in_sample
2018-06-11,6442,6799.2900390625,32.21,18.42,52.08,27.66,21.96,33.21,52.951724976080236,26.24,38.41,33.77,False,in_sample
2018-06-12,3512,6905.81982421875,9.76,17.62,4.97,24.49,2.16,9.6,23.52315043455212,0.45,14.89,4.59,False,in_sample
2018-06-13,6307,6596.8798828125,45.6,47.55,49.49,63.57,30.59,40.38,51.77915487693349,37.24,57.97,37.06,False,in_sample
2018-06-14,6630,6342.75,45.9,47.1,47.14,64.36,31.29,42.14,54.122503641722254,37.37,55.79,39.28,False,in_sample
2018-06-15,6400,6674.080078125,45.57,46.68,50.92,64.1,31.69,40.8,52.339841147950025,37.0,54.2,37.67,False,in_sample
2018-06-16,6496,6455.4501953125,45.72,46.26,48.39,62.98,34.01,41.28,52.986767110658576,36.42,56.17,38.32,False,in_sample
2018-06-17,6451,6545.52978515625,44.59,45.79,49.52,62.56,33.94,40.97,52.57646044399888,28.76,54.53,38.0,False,in_sample
2018-06-18,6704,6510.06982421875,45.22,45.29,49.04,61.31,35.42,42.31,54.365416077532146,29.92,55.02,39.69,False,in_sample
2018-06-19,6733,6742.39013671875,45.01,44.83,51.9,60.94,34.93,42.41,54.50089122333076,26.61,54.59,39.86,False,in_sample
2018-06-20,6754,6770.759765625,44.95,44.32,52.24,60.74,35.31,42.46,54.57818903323965,24.31,56.07,39.98,False,in_sample
2018-06-21,6721,6780.08984375,45.05,43.79,52.49,58.64,35.76,42.22,54.267437802858595,27.93,56.09,39.69,False,in_sample
2018-06-22,6060,6737.8798828125,43.0,43.17,52.12,58.58,33.96,38.4,49.17867316648326,25.48,56.06,35.05,False,in_sample
2018-06-23,6175,6090.10009765625,42.26,42.56,44.47,58.07,33.14,39.03,50.01538187397239,26.55,55.7,35.87,False,in_sample
2018-06-24,6147,6164.27978515625,41.6,41.94,45.99,58.05,31.98,38.81,49.72118546170694,26.09,51.16,35.64,False,in_sample
2018-06-25,6244,6171.97021484375,42.21,41.39,45.71,58.32,32.84,39.32,50.40592222497596,28.83,51.82,36.32,False,in_sample
2018-06-26,6097,6253.5498046875,41.72,40.91,46.97,57.76,31.4,38.4,49.177352799231336,29.14,51.49,35.23,False,in_sample
2018-06-27,6140,6084.39990234375,41.0,40.49,45.18,56.64,26.74,38.6,49.44397277954263,29.38,52.01,35.49,False,in_sample
2018-06-28,5859,6153.16015625,40.34,40.05,46.37,58.34,25.85,36.85,47.09903255064171,29.02,50.86,33.37,False,in_sample
2018-06-29,6221,5898.1298828125,39.9,39.68,42.8,57.43,26.53,38.98,49.93141549873973,21.71,51.02,36.03,False,in_sample
2018-06-30,6376,6214.22021484375,40.85,39.24,47.55,56.97,29.02,39.82,51.05082560462287,23.12,48.91,37.11,False,in_sample
2018-07-01,16232,6411.68017578125,95.24,96.18,95.23,100.0,92.75,92.77,96.29190428946957,85.03,100.0,97.49,False,in_sample
2018-07-02,7625,6380.3798828125,69.75,95.13,61.86,92.04,54.99,60.21,59.57945960751637,58.54,86.72,55.28,False,in_sample
2018-07-03,9904,6596.66015625,76.2,95.13,77.0,90.77,62.32,65.55,72.19110168295376,58.39,100.0,64.05,False,in_sample
2018-07-04,6887,6550.8701171875,55.87,82.53,51.5,73.65,41.7,49.46,54.495746674133414,32.17,71.79,45.25,False,in_sample
2018-07-05,9340,6599.7099609375,63.6,60.83,72.88,78.16,50.16,57.52,69.20392125477741,50.21,79.72,56.78,False,in_sample
2018-07-06,7666,6638.68994140625,51.71,50.4,59.96,66.26,40.13,47.86,59.54872008064353,35.73,63.47,46.03,False,in_sample
2018-07-07,6738,6668.7099609375,43.19,37.05,52.18,60.02,32.02,41.43,53.21445124515457,26.16,52.56,39.36,False,in_sample
2018-07-08,6723,6857.7998046875,41.94,32.23,55.5,45.53,30.81,39.38,53.032884339312666,38.7,51.09,38.34,False,in_sample
2018-07-09,6409,6775.080078125,36.69,22.46,51.14,37.56,27.24,35.94,50.637815719365456,32.68,46.53,34.95,False,in_sample
2018-07-10,6565,6739.2099609375,34.39,18.33,52.6,32.78,23.01,35.32,51.73159669299233,28.94,42.36,35.3,False,in_sample
2018-07-11,6501,6330.77001953125,32.53,18.35,52.51,28.05,22.9,33.51,51.182450502205015,26.62,38.2,34.14,False,in_sample
2018-07-12,3373,6396.77978515625,8.21,17.57,0.0,25.48,0.0,8.07,19.249133606424532,0.0,12.77,2.78,False,in_sample
2018-07-13,6209,6235.02978515625,40.2,34.98,47.37,56.07,26.37,38.11,48.8036303140213,28.72,50.67,35.57,False,in_sample
2018-07-14,6256,6247.5,40.1,34.65,48.06,54.75,25.87,38.33,49.09605680811376,30.15,49.05,35.88,False,in_sample
2018-07-15,6348,6272.7001953125,40.26,34.36,48.64,54.65,25.45,38.81,49.73137864842262,29.86,49.26,36.52,False,in_sample
2018-07-16,6711,6357.009765625,40.86,34.13,49.74,53.92,24.1,40.78,52.35900924021964,29.44,49.45,38.96,False,in_sample
2018-07-17,7321,6739.64990234375,42.67,33.93,53.74,54.55,28.54,43.9,56.51233415917732,25.7,49.94,42.79,False,in_sample
2018-07-18,7377,7315.31982421875,44.42,33.82,59.5,55.3,34.07,44.11,56.8097125692097,26.5,52.18,43.09,False,in_sample
2018-07-19,7468,7378.2001953125,45.53,33.75,59.96,56.28,40.16,44.49,57.33266333435007,24.11,55.74,43.6,False,in_sample
2018-07-20,7328,7467.39990234375,45.43,33.66,60.7,56.95,39.68,43.74,56.34017744155886,24.74,55.91,42.73,False,in_sample
2018-07-21,7411,7352.72021484375,45.18,33.6,59.47,56.99,36.48,44.09,56.81476093419234,25.27,56.28,43.19,False,in_sample
2018-07-22,7400,7417.7998046875,45.32,33.51,60.17,57.25,37.14,43.97,56.66977470003022,26.29,55.32,43.09,False,in_sample
2018-07-23,7717,7414.7099609375,46.48,33.41,60.05,57.1,38.77,45.43,58.63625699666839,30.09,55.66,44.91,False,in_sample
2018-07-24,8398,7716.509765625,49.02,33.43,62.63,57.85,42.37,48.45,62.67560736141361,35.78,55.44,48.61,False,in_sample
2018-07-25,8203,8379.66015625,49.57,33.43,67.5,58.1,43.3,47.52,61.46109806138229,36.25,57.08,47.53,False,in_sample
2018-07-26,7914,8176.85009765625,49.16,33.43,66.1,56.02,43.48,46.14,59.64459180798853,37.0,60.52,45.91,False,in_sample
2018-07-27,8174,7950.39990234375,48.94,33.43,63.99,54.52,43.7,47.25,61.14447372352838,35.76,59.35,47.31,False,in_sample
2018-07-28,8191,8169.06005859375,48.75,33.42,65.84,54.58,40.94,47.25,61.17334521921529,36.46,57.67,47.36,False,in_sample
2018-07-29,8230,8205.8203125,48.86,33.45,65.93,53.13,41.79,47.36,61.332260514130695,36.34,58.88,47.53,False,in_sample
2018-07-30,8172,8221.580078125,48.87,33.47,66.15,54.45,38.78,47.03,60.916007587209144,38.98,58.8,47.18,False,in_sample
2018-07-31,7726,8181.2001953125,48.4,33.45,65.72,53.34,38.11,44.9,58.112831251631924,44.18,58.84,44.66,False,in_sample
2018-08-01,14938,7769.0400390625,93.54,96.04,93.36,100.0,92.61,89.55,90.12740098304492,82.91,100.0,93.24,False,in_sample
2018-08-02,8219,7634.18994140625,70.22,95.13,61.19,91.49,52.75,62.76,60.97863402071347,51.9,91.89,58.65,False,in_sample
2018-08-03,9331,7562.14013671875,74.81,95.13,73.5,89.86,60.48,63.3,67.08347698335125,61.74,98.12,61.19,False,in_sample
2018-08-04,7010,7438.669921875,56.15,81.47,54.43,74.07,42.43,50.02,53.08825868091607,31.01,70.42,46.02,False,in_sample
2018-08-05,9213,7031.080078125,62.56,60.44,71.48,77.51,47.31,56.93,66.32101539152836,49.11,78.61,56.09,False,in_sample
2018-08-06,7623,7062.93994140625,51.21,49.94,60.1,65.16,37.6,47.58,57.02448402418906,36.11,63.51,45.73,False,in_sample
2018-08-07,6705,6958.31982421875,43.48,36.75,53.66,59.82,34.21,41.19,50.702865364264895,26.13,52.82,39.11,False,in_sample
2018-08-08,6268,6746.85009765625,40.11,31.97,53.44,43.97,28.98,36.76,47.34701692923948,37.63,50.34,35.23,False,in_sample
2018-08-09,6188,6305.56005859375,36.05,22.14,50.29,37.53,27.7,34.6,46.64769215511198,34.2,44.5,33.39,False,in_sample
2018-08-10,6605,6571.419921875,34.4,18.3,52.76,32.25,23.55,35.49,49.751135406789665,28.54,42.02,35.54,False,in_sample
2018-08-11,6407,6185.7900390625,31.99,18.29,53.16,26.25,20.56,32.92,48.19491405437558,27.04,38.37,33.49,False,in_sample
2018-08-12,3408,6283.64990234375,7.76,17.53,0.0,22.65,0.0,8.43,17.36072069833357,0.0,10.36,3.24,False,in_sample
2018-08-13,6266,6341.35986328125,38.05,30.31,49.22,41.64,29.92,36.49,46.96351911669137,31.72,45.8,35.05,False,in_sample
2018-08-14,6185,6287.66015625,37.23,29.99,48.66,42.25,26.63,35.96,46.255783514531394,29.71,45.69,34.45,False,in_sample
2018-08-15,6271,6221.419921875,36.81,29.63,47.79,42.97,27.02,36.41,46.855262749813484,24.97,45.25,35.02,False,in_sample
2018-08-16,6291,6294.22998046875,37.31,29.31,48.91,43.16,27.74,36.48,46.93694141073039,28.16,44.59,35.11,False,in_sample
2018-08-17,6564,6340.91015625,37.56,28.97,49.17,42.18,30.01,37.98,48.93460087764193,23.59,45.08,36.92,False,in_sample
2018-08-18,6400,6583.43017578125,37.77,28.61,52.24,42.37,30.17,37.0,47.62752200117752,25.63,45.12,35.79,False,in_sample
2018-08-19,6491,6422.56982421875,37.67,28.27,50.42,41.12,29.42,37.47,48.242634760307276,25.65,46.83,36.37,False,in_sample
2018-08-20,6273,6500.509765625,36.95,27.92,51.44,40.84,28.61,36.16,46.503103154169324,25.13,45.64,34.83,False,in_sample
2018-08-21,6474,6301.06982421875,36.84,27.57,48.94,40.23,27.68,37.26,47.9680469039881,24.3,46.15,36.16,False,in_sample
2018-08-22,6366,6486.25,36.93,27.17,51.25,40.94,28.7,36.59,47.074011333177296,25.32,44.59,35.35,False,in_sample
2018-08-23,6517,6371.33984375,37.2,26.77,50.04,40.32,29.09,37.4,48.144366617565424,25.55,45.84,36.32,False,in_sample
2018-08-24,6698,6551.52001953125,37.95,26.38,51.73,40.22,29.32,38.36,49.407832829066635,28.43,45.03,37.5,False,in_sample
2018-08-25,6746,6719.9501953125,37.85,26.0,53.68,39.39,27.79,38.56,49.68318328416929,26.71,45.94,37.73,False,in_sample
2018-08-26,6690,6754.64013671875,38.29,25.65,54.12,40.1,30.11,38.2,49.203250442180384,27.66,47.02,37.32,False,in_sample
2018-08-27,6840,6710.7998046875,38.59,25.32,53.5,39.96,33.53,38.96,50.21249322526392,25.33,47.22,38.21,False,in_sample
2018-08-28,7093,6891.080078125,39.78,25.0,54.99,41.06,35.84,40.24,51.91261393706562,27.48,46.77,39.75,False,in_sample
2018-08-29,7034,7091.7099609375,39.58,24.69,57.4,41.04,33.54,39.87,51.4320115178129,26.34,47.63,39.29,False,in_sample
2018-08-30,6967,7043.759765625,39.38,24.43,56.78,40.64,31.29,39.47,50.891848689758255,27.92,49.1,38.81,False,in_sample
2018-08-31,7026,6973.97021484375,39.45,24.17,56.1,39.92,31.32,39.72,51.230796315723815,29.77,48.64,39.15,False,in_sample
2018-09-01,14379,7044.81005859375,92.82,95.91,90.8,100.0,89.7,87.94,86.13536540402407,87.49,100.0,91.15,False,in_sample
2018-09-02,8661,7189.580078125,71.0,95.13,65.74,91.41,51.09,64.5,61.304449140239,50.28,91.37,61.04,False,in_sample
2018-09-03,9279,7279.02978515625,73.5,95.13,70.56,88.05,57.63,62.98,64.59987319856879,62.11,94.65,60.82,False,in_sample
2018-09-04,6737,7263.0,56.14,80.49,55.66,74.04,43.41,48.52,48.88740356726345,33.38,71.94,44.16,False,in_sample
2018-09-05,9294,7361.4599609375,62.68,60.05,70.77,77.95,48.84,57.14,64.53632883190544,49.89,77.25,56.42,False,in_sample
2018-09-06,7557,6755.14013671875,50.98,49.53,59.77,64.73,37.01,47.19,54.354405710027265,37.13,63.41,45.31,False,in_sample
2018-09-07,6665,6528.919921875,43.22,36.41,53.39,57.67,32.12,40.91,48.14319066027326,28.76,53.57,38.82,False,in_sample
2018-09-08,6559,6460.169921875,39.96,31.67,48.43,43.39,29.93,38.36,47.28648434747788,37.17,48.92,37.18,False,in_sample
2018-09-09,6250,6223.3798828125,35.86,21.83,47.69,36.77,28.3,34.91,44.85426851868736,35.02,43.9,33.81,False,in_sample
2018-09-10,6591,6301.56982421875,34.35,18.25,53.18,31.82,24.16,35.36,47.37813167854944,28.01,42.01,35.42,False,in_sample
2018-09-11,6332,6331.8798828125,31.6,18.22,52.12,25.5,20.24,32.44,45.34479114005798,27.09,38.68,32.95,False,in_sample
2018-09-12,3541,6317.009765625,7.82,17.5,0.0,20.27,0.0,9.84,16.848965847778963,0.0,8.59,4.94,False,in_sample
2018-09-13,6491,6354.240234375,35.28,21.0,49.56,35.52,27.99,36.11,46.41107347210316,27.35,42.74,35.3,False,in_sample
2018-09-14,6495,6515.41015625,35.67,20.84,51.53,38.32,27.54,36.08,46.36802401640717,26.55,43.01,35.31,False,in_sample
2018-09-15,6525,6509.39990234375,35.24,20.69,51.57,37.55,25.48,36.2,46.52028620331723,24.14,44.03,35.5,False,in_sample
2018-09-16,6498,6536.68017578125,35.15,20.56,51.9,37.38,24.62,36.0,46.24427671947226,24.85,43.98,35.3,False,in_sample
2018-09-17,6259,6514.06005859375,34.52,20.37,51.61,36.56,24.41,34.56,44.337491833242254,25.39,44.08,33.64,False,in_sample
2018-09-18,6341,6280.91015625,34.18,20.2,48.87,35.53,24.2,34.99,44.90108573479138,25.25,43.81,34.2,False,in_sample
2018-09-19,6384,6371.85009765625,34.27,20.02,49.86,34.63,25.49,35.2,45.15856941082343,25.82,42.11,34.48,False,in_sample
2018-09-20,6499,6398.85009765625,34.93,19.84,50.38,33.66,27.75,35.8,45.95921143821593,27.62,42.57,35.24,False,in_sample
2018-09-21,6742,6513.8701171875,35.27,19.67,51.7,29.9,28.74,37.11,47.68306301563806,27.66,42.77,36.81,False,in_sample
2018-09-22,6706,6735.0498046875,35.97,19.5,54.4,32.89,29.28,36.86,47.34801855586615,27.97,43.43,36.56,False,in_sample
2018-09-23,6704,6715.31982421875,36.09,19.35,54.04,33.45,29.31,36.79,47.26046817755497,27.69,44.9,36.53,False,in_sample
2018-09-24,6577,6704.77001953125,35.48,19.18,54.01,33.56,29.31,36.04,46.25094510558408,25.15,44.56,35.68,False,in_sample
2018-09-25,6417,6603.64013671875,35.06,19.0,52.67,33.26,29.85,35.08,44.97173229401887,26.05,44.44,34.56,False,in_sample
2018-09-26,6464,6452.7900390625,34.85,18.81,50.97,34.47,28.3,35.29,45.25600299367297,26.53,43.5,34.86,False,in_sample
2018-09-27,6678,6495.2900390625,35.29,18.67,51.51,34.29,28.01,36.45,46.778387378753564,27.75,42.34,36.27,False,in_sample
2018-09-28,6624,6678.75,35.6,18.54,53.83,34.19,27.16,36.1,46.3076729835031,30.27,42.54,35.87,False,in_sample
2018-09-29,6585,6643.10009765625,35.74,18.5,53.24,34.63,28.6,35.83,45.945357087347624,29.91,43.84,35.6,False,in_sample
2018-09-30,6605,6604.7099609375,35.78,18.44,52.84,34.11,30.19,35.89,46.020960467518044,29.88,43.37,35.71,False,in_sample
2018-10-01,14670,6619.85009765625,92.77,95.76,89.45,100.0,88.35,88.39,85.05633591079639,88.0,100.0,91.81,False,in_sample
2018-10-02,8531,6593.240234375,71.77,95.13,68.69,90.45,52.61,63.83,58.41693417094685,52.78,94.54,60.23,False,in_sample
2018-10-03,8787,6553.85986328125,72.34,95.13,70.52,88.67,54.44,60.92,59.79478426680376,64.16,91.85,58.21,False,in_sample
2018-10-04,6817,6497.91015625,56.21,79.59,53.03,74.08,41.97,48.86,47.277930332493234,37.11,72.48,44.66,False,in_sample
2018-10-05,9038,6574.14990234375,62.48,59.62,71.17,77.45,48.65,56.04,61.033034678560774,53.32,76.45,55.05,False,in_sample
2018-10-06,6745,6622.4501953125,48.86,49.0,59.22,64.32,33.69,43.01,46.611694755700675,37.66,62.99,40.17,False,in_sample
2018-10-07,6310,6590.68017578125,41.98,36.04,52.97,57.33,30.59,38.86,43.26936737024884,27.63,53.21,36.36,False,in_sample
2018-10-08,6136,6600.18994140625,38.98,31.34,51.86,43.34,30.72,35.87,41.82463845908648,36.06,45.81,34.22,False,in_sample
2018-10-09,6296,6653.080078125,35.56,21.57,48.47,36.49,26.44,35.13,43.014019405292174,34.75,42.32,34.1,False,in_sample
2018-10-10,6530,6640.2900390625,34.14,18.21,53.04,31.64,24.27,34.97,44.7311395065182,27.57,42.16,34.98,False,in_sample
2018-10-11,6354,6586.740234375,31.35,18.17,51.26,24.86,20.05,32.52,43.31756093833008,26.92,37.95,33.09,False,in_sample
2018-10-12,3414,6239.25,7.35,17.44,0.7,19.64,0.0,8.45,12.761358833036276,0.0,9.03,3.31,False,in_sample
2018-10-13,6198,6278.080078125,32.66,18.19,48.82,32.23,23.88,32.9,41.95134867144471,28.46,38.84,32.63,False,in_sample
2018-10-14,6183,6288.490234375,32.1,18.19,48.91,31.74,19.43,32.76,41.759154706710504,28.6,38.97,32.51,False,in_sample
2018-10-15,6443,6292.64013671875,33.03,18.22,48.76,31.58,22.75,34.24,43.707858295916246,29.0,38.91,34.26,False,in_sample
2018-10-16,6462,6601.41015625,33.62,18.25,51.81,33.93,22.74,34.3,43.77938629625628,28.86,38.71,34.36,False,in_sample
2018-10-17,6443,6590.52001953125,34.12,18.33,52.07,34.36,25.9,34.15,43.561797197311044,28.23,40.39,34.2,False,in_sample
2018-10-18,6397,6542.330078125,33.31,18.37,51.88,34.18,23.63,33.83,43.13693070718252,24.51,40.42,33.87,False,in_sample
2018-10-19,6384,6478.06982421875,33.22,18.39,51.39,33.59,24.16,33.71,42.96396992642418,24.89,40.2,33.74,False,in_sample
2018-10-20,6409,6460.919921875,33.25,18.42,51.21,33.62,24.58,33.8,43.08287392786896,24.97,39.79,33.85,False,in_sample
2018-10-21,6416,6490.08984375,33.38,18.43,51.86,34.35,24.63,33.8,43.063462272243704,24.82,39.61,33.88,False,in_sample
2018-10-22,6409,6486.0498046875,33.77,18.43,51.94,33.96,25.89,33.71,42.93681154371511,27.61,39.68,33.81,False,in_sample
2018-10-23,6396,6472.35986328125,33.67,18.43,51.88,32.32,26.88,33.59,42.7640260685596,27.84,39.64,33.71,False,in_sample
2018-10-24,6414,6478.89013671875,33.38,18.45,51.77,32.61,24.17,33.65,42.82909331397373,27.66,39.49,33.81,False,in_sample
2018-10-25,6403,6484.64990234375,33.1,18.44,51.98,32.54,22.5,33.53,42.67173167498786,27.19,39.32,33.72,False,in_sample
2018-10-26,6405,6468.43994140625,32.87,18.41,51.88,31.82,21.53,33.5,42.614071150404406,27.03,39.35,33.69,False,in_sample
2018-10-27,6410,6480.83984375,33.25,18.38,51.97,32.38,24.04,33.48,42.57942637026629,27.55,39.18,33.72,False,in_sample
2018-10-28,6407,6482.66015625,33.04,18.33,52.03,30.28,24.33,33.42,42.48341986058635,27.63,39.11,33.69,False,in_sample
2018-10-29,6264,6492.35009765625,32.74,18.33,52.0,30.75,24.3,32.53,41.300621387873605,27.56,39.05,32.69,False,in_sample
2018-10-30,6273,6337.0400390625,32.56,18.33,50.37,29.53,25.69,32.54,41.298110070564256,27.45,38.94,32.74,False,in_sample
2018-10-31,6307,6336.990234375,32.61,18.37,50.5,28.3,27.54,32.7,41.49084259784369,27.64,37.87,32.95,False,in_sample
2018-11-01,13187,6318.14013671875,91.23,95.65,89.99,100.0,88.34,84.38,77.69451813663377,87.74,100.0,86.47,False,in_sample
2018-11-02,8097,6378.919921875,70.53,95.13,67.88,90.0,54.14,61.86,53.633956000922176,46.07,96.72,57.67,False,in_sample
2018-11-03,9514,6387.240234375,72.92,95.13,67.66,88.1,53.82,63.64,61.496084954179295,64.2,91.31,61.81,False,in_sample
2018-11-04,6945,6365.47021484375,55.45,78.75,53.91,73.34,41.76,49.45,45.93972937191048,30.91,70.62,45.43,False,in_sample
2018-11-05,8420,6363.6201171875,60.95,59.05,69.67,77.58,46.17,53.39,55.34383192600604,52.9,76.6,51.78,False,in_sample
2018-11-06,6850,6433.3798828125,47.66,48.47,51.63,64.2,31.76,43.5,45.116930579304835,35.79,62.45,40.83,False,in_sample
2018-11-07,6378,6468.5,41.28,35.69,49.05,56.45,27.78,39.2,41.53050263811477,28.47,52.8,36.81,False,in_sample
2018-11-08,6314,6522.27001953125,38.56,31.03,46.97,42.04,31.84,36.87,40.961116473269115,32.37,47.63,35.46,False,in_sample
2018-11-09,6279,6442.60009765625,35.58,21.36,49.06,36.21,25.79,34.98,40.61445908367256,35.62,42.68,33.95,False,in_sample
2018-11-10,6160,6386.1298828125,33.55,18.21,52.37,32.52,25.53,32.76,39.59936680708452,28.41,41.96,32.39,False,in_sample
2018-11-11,6336,6413.6298828125,31.55,18.09,51.51,24.27,22.46,32.37,40.91337780901343,27.84,37.35,32.96,False,in_sample
2018-11-12,3353,6411.759765625,6.94,17.43,0.0,17.41,0.0,7.75,9.500536978684579,0.0,10.68,2.48,False,in_sample
2018-11-13,6268,6373.18994140625,31.23,17.83,51.14,23.67,22.35,31.88,40.2359954555357,28.05,37.19,32.44,False,in_sample
2018-11-14,5575,6351.240234375,29.2,17.68,50.55,23.4,19.54,27.47,34.391723087842635,28.65,37.0,27.29,False,in_sample
2018-11-15,5539,5736.14990234375,27.59,17.49,41.51,23.77,16.43,27.19,33.99890140331221,27.68,36.55,26.87,False,in_sample
2018-11-16,5497,5645.31982421875,27.29,17.33,41.57,29.28,15.33,26.87,33.55018306246287,26.89,31.38,26.52,False,in_sample
2018-11-17,5502,5578.580078125,27.25,17.16,41.05,28.87,16.17,26.86,33.52123494394677,27.12,31.04,26.55,False,in_sample
2018-11-18,5556,5559.740234375,27.23,17.01,41.16,28.58,15.81,27.19,33.9288052293735,26.93,30.63,26.97,False,in_sample
2018-11-19,4793,5620.77978515625,24.99,16.86,41.99,28.42,13.99,21.65,26.57454882634577,26.77,30.6,20.5,False,in_sample
2018-11-20,4318,4863.93017578125,21.55,16.68,29.2,28.44,9.46,17.73,21.35578885880855,26.23,30.96,15.9,False,in_sample
2018-11-21,4550,4465.5400390625,18.98,16.59,19.57,27.81,4.64,19.65,23.86065393321368,18.24,24.47,18.17,False,in_sample
2018-11-22,4304,4611.56982421875,18.01,16.58,25.09,27.1,2.81,17.55,21.045502878782933,18.24,19.89,15.74,False,in_sample
2018-11-23,4290,4360.7001953125,17.1,16.6,19.62,23.88,2.04,17.4,20.809754030027456,17.78,22.12,15.59,False,in_sample
2018-11-24,3807,4347.68994140625,15.16,16.53,19.46,22.3,3.88,12.91,14.844319626171501,17.88,19.65,10.36,False,in_sample
2018-11-25,3947,3880.780029296875,14.09,16.5,6.35,21.37,3.32,14.24,16.549684225054595,18.58,19.47,11.93,False,in_sample
2018-11-26,3701,4015.070068359375,11.59,16.51,10.85,21.73,0.0,11.81,13.299893046636624,8.0,14.23,9.1,False,in_sample
2018-11-27,3777,3765.949951171875,10.29,16.61,3.66,20.65,0.0,12.54,14.22671275945507,0.44,15.77,9.98,False,in_sample
2018-11-28,4209,3822.469970703125,11.73,16.68,6.47,15.8,0.0,16.56,19.493815699794066,4.76,12.93,14.67,False,in_sample
2018-11-29,4240,4269.00439453125,12.88,16.81,18.68,16.42,0.0,16.81,19.780706244200882,0.52,13.79,14.87,False,in_sample
2018-11-30,3974,4289.0888671875,12.61,16.92,19.37,17.19,0.0,14.36,16.508300771390193,0.41,18.47,11.78,False,in_sample
2018-12-01,13790,4024.46435546875,92.02,95.54,86.25,100.0,88.51,85.72,77.83711099783417,93.51,100.0,88.31,False,in_sample
2018-12-02,8908,4200.7333984375,70.2,95.13,64.96,88.73,57.06,65.13,56.1989478254264,33.25,96.05,62.08,False,in_sample
2018-12-03,9148,4147.32373046875,72.69,95.13,71.87,88.43,54.78,62.12,57.44041509956725,64.42,88.76,59.91,False,in_sample
2018-12-04,7905,3886.294921875,57.77,78.04,55.23,74.49,44.37,54.02,50.159572252959286,31.16,70.92,51.28,False,in_sample
2018-12-05,8486,3958.894775390625,60.31,58.59,65.79,77.17,45.29,53.59,53.58985876148489,53.45,75.23,52.09,False,in_sample
2018-12-06,6527,3754.074462890625,46.42,47.99,52.86,64.15,29.95,41.69,40.55738354856626,36.9,57.47,38.64,False,in_sample
2018-12-07,6160,3512.59033203125,40.46,35.32,49.91,56.59,27.17,37.87,37.626627064960694,28.02,50.34,35.24,False,in_sample
2018-12-08,6315,3421.910400390625,38.49,30.71,49.19,42.34,31.82,36.82,38.78111103396885,32.65,44.68,35.46,False,in_sample
2018-12-09,6328,3473.2275390625,35.07,21.17,48.93,35.49,26.35,35.22,38.809858048594656,30.38,42.93,34.27,False,in_sample
2018-12-10,6192,3612.04638671875,33.08,18.2,48.39,32.49,24.88,32.91,37.66366569139833,28.81,41.46,32.6,False,in_sample
2018-12-11,6321,3497.5546875,31.48,17.95,51.3,23.21,23.74,32.24,38.60952891501167,27.66,37.4,32.83,False,in_sample
2018-12-12,3424,3421.458251953125,6.43,17.4,0.0,11.95,0.0,8.51,8.241387199781594,0.0,9.07,3.4,False,in_sample
2018-12-13,3261,3487.87939453125,5.11,17.3,0.0,7.17,0.0,6.67,5.754532677844437,0.0,8.27,1.23,False,in_sample
2018-12-14,3199,3311.751953125,4.43,17.19,0.0,2.82,0.0,5.94,4.729185092312902,0.0,9.17,0.38,False,in_sample
2018-12-15,3186,3243.99755859375,4.03,17.04,0.0,1.71,0.44,5.76,4.45122816983377,0.0,7.03,0.19,False,in_sample
2018-12-16,3196,3236.274658203125,3.81,16.9,0.0,0.78,0.0,5.86,4.529478065673186,0.0,6.19,0.34,False,in_sample
2018-12-17,3500,3253.123046875,5.18,16.73,0.0,0.66,1.37,9.24,8.945471553540111,0.0,5.99,4.38,False,in_sample
2018-12-18,3660,3544.761474609375,5.93,16.64,0.95,0.8,1.47,10.9,11.079754545227404,0.0,6.11,6.35,False,in_sample
2018-12-19,3698,3706.824951171875,7.99,16.56,6.66,2.78,7.28,11.27,11.514701024792464,0.0,10.05,6.79,False,in_sample
2018-12-20,4068,3742.195068359375,9.87,16.51,8.01,4.51,7.22,14.82,16.155481173681245,0.0,11.99,11.02,False,in_sample
2018-12-21,3840,4133.70361328125,10.65,16.48,18.61,5.66,9.27,12.62,13.227000458093569,0.2,12.41,8.44,False,in_sample
2018-12-22,3965,3898.083740234375,11.19,16.46,12.45,5.47,12.59,13.81,14.736189376043782,0.0,16.55,9.88,False,in_sample
2018-12-23,3943,4020.99462890625,11.52,16.4,16.02,4.92,15.94,13.58,14.385486633517985,0.0,13.99,9.63,False,in_sample
2018-12-24,4041,4000.331787109375,12.13,16.3,15.47,4.73,17.92,14.47,15.524903037541774,0.0,15.36,10.71,False,in_sample
2018-12-25,3762,4081.030517578125,11.14,16.23,18.15,4.58,16.01,11.77,11.90905312024734,0.0,15.08,7.54,False,in_sample
2018-12-26,3808,3819.666748046875,9.9,16.21,10.36,0.61,14.11,12.2,12.434900674542476,0.0,16.11,8.08,False,in_sample
2018-12-27,3586,3854.6884765625,8.82,16.14,11.8,0.0,14.49,9.92,9.38592161728023,0.0,12.95,5.4,False,in_sample
2018-12-28,3882,3653.1318359375,9.36,16.14,4.93,0.0,15.75,12.88,13.236501029687716,0.0,13.45,8.91,False,in_sample
2018-12-29,3824,3932.49169921875,9.7,16.15,14.21,0.0,14.21,12.29,12.41567210596623,0.0,10.78,8.23,False,in_sample
2018-12-30,3826,3822.384765625,10.04,16.13,12.75,0.0,15.41,12.29,12.365988496782936,0.0,14.2,8.25,False,in_sample
2018-12-31,3688,3866.839111328125,9.27,16.09,12.89,0.0,13.84,10.89,10.471138963904389,0.0,13.51,6.61,False,in_sample
2019-01-01,3809,3746.71337890625,9.39,15.99,8.84,0.0,14.99,12.08,11.9942952018491,0.0,13.49,8.05,False,in_sample
2019-01-02,3446,3849.21630859375,5.29,9.02,2.51,0.0,13.55,7.65,6.957647240728107,0.0,7.41,2.97,False,in_sample
2019-01-03,3811,3931.048583984375,8.39,2.02,16.2,0.0,21.32,10.93,11.869140606837737,0.0,10.54,7.24,False,in_sample
2019-01-04,4139,3832.0400390625,11.43,3.46,24.78,0.0,24.07,13.44,15.88425427737922,4.88,12.47,10.79,False,in_sample
2019-01-05,5316,3851.973876953125,23.24,16.88,46.15,0.0,41.98,22.16,28.210418711948655,21.25,20.91,21.37,False,in_sample
2019-01-06,8555,3836.51904296875,43.1,36.76,72.89,12.85,58.63,39.29,51.71609947679413,48.0,39.92,41.43,False,in_sample
2019-01-07,10570,4078.5849609375,53.99,54.77,80.72,23.16,73.05,46.12,62.12801333200163,58.97,54.02,49.06,False,in_sample
2019-01-08,10401,4028.47216796875,50.39,70.07,74.01,17.05,65.33,43.85,61.2593136386117,51.63,42.23,45.91,False,in_sample
2019-01-09,9763,4031.552001953125,47.48,78.22,69.67,9.22,63.22,40.14,58.05127691316535,46.79,39.42,41.87,False,in_sample
2019-01-10,8315,4034.411376953125,40.43,78.35,59.8,16.18,48.73,32.85,50.02149199277822,36.13,28.93,33.38,False,in_sample
2019-01-11,9252,3674.015380859375,43.04,70.28,65.82,18.27,51.36,36.67,55.24514371480698,42.33,32.76,37.21,False,in_sample
2019-01-12,7418,3686.97314453125,32.91,60.13,53.63,12.68,41.98,28.04,44.21830048047685,29.65,23.12,26.35,False,in_sample
2019-01-13,3509,3658.8681640625,6.97,14.31,8.25,0.0,10.06,8.73,7.018863750439213,0.0,10.55,4.25,False,in_sample
2019-01-14,3667,3557.31103515625,7.2,14.16,4.71,0.0,10.49,10.37,9.127542048070337,0.0,10.42,6.16,False,in_sample
2019-01-15,3582,3704.21630859375,7.16,13.94,9.93,0.0,9.92,9.46,7.888348953616392,0.0,9.04,4.77,False,in_sample
2019-01-16,3607,3631.509765625,7.35,13.7,7.15,1.95,10.05,9.7,8.157561295313323,0.0,10.93,5.04,False,in_sample
2019-01-17,3641,3651.87109375,7.11,13.43,7.98,1.41,7.9,10.03,8.54727978459222,0.0,9.85,5.45,False,in_sample
2019-01-18,3610,3677.990478515625,7.16,13.15,9.11,1.02,8.77,9.69,8.04718750012221,0.0,10.12,5.07,False,in_sample
2019-01-19,3688,3652.3779296875,7.3,12.89,8.17,0.0,9.23,10.47,9.03233850061049,0.0,10.48,6.03,False,in_sample
2019-01-20,3539,3725.446044921875,7.21,12.59,10.68,0.0,11.93,8.9,6.909608255460327,0.0,10.06,4.19,False,in_sample
2019-01-21,3536,3600.372802734375,6.83,12.24,5.92,0.0,12.97,8.85,6.7916010579906425,0.0,10.96,4.14,False,in_sample
2019-01-22,3578,3575.081298828125,6.68,11.93,5.88,0.0,12.4,9.27,7.301939414135505,0.0,9.1,4.66,False,in_sample
2019-01-23,3552,3605.55712890625,6.62,11.6,7.5,0.0,11.62,8.98,6.863966144225153,0.0,9.02,4.35,False,in_sample
2019-01-24,3568,3584.500244140625,6.75,11.28,6.72,0.0,12.96,9.13,7.0112868259321575,0.0,9.5,4.55,False,in_sample
2019-01-25,3562,3607.390380859375,6.81,10.98,7.28,0.0,13.87,9.04,6.851856397033938,0.0,9.14,4.47,False,in_sample
2019-01-26,3558,3599.71533203125,6.81,10.67,7.15,0.0,14.41,8.97,6.720199606017954,0.0,9.29,4.42,False,in_sample
2019-01-27,3538,3604.687255859375,6.41,10.34,7.06,0.0,12.12,8.75,6.364321430009229,0.0,9.17,4.18,False,in_sample
2019-01-28,3436,3584.283203125,5.9,10.02,6.46,0.0,12.45,7.62,4.835040620622002,0.0,9.08,2.87,False,in_sample
2019-01-29,3396,3468.8701171875,5.19,9.69,3.07,0.0,11.57,7.16,4.177162459973382,0.0,8.79,2.35,False,in_sample
2019-01-30,3438,3443.89697265625,4.99,9.46,1.79,0.0,11.22,7.61,4.711889152247525,0.0,7.45,2.88,False,in_sample
2019-01-31,3411,3485.4091796875,5.07,9.24,3.42,0.0,12.15,7.29,4.244009713253425,0.0,6.91,2.51,False,in_sample
2019-02-01,3899,3460.547119140625,9.74,15.86,12.57,0.0,13.31,12.93,10.814334638126658,0.0,11.84,9.09,False,in_sample
2019-02-02,3462,3484.6259765625,5.54,8.84,3.82,0.0,14.53,7.82,4.829651999331607,0.0,7.01,3.19,False,in_sample
2019-02-03,3810,3516.1396484375,8.3,1.68,16.73,0.0,20.58,10.9,9.515729405065944,0.0,10.42,7.21,False,in_sample
2019-02-04,4904,3467.211669921875,14.55,3.89,25.84,0.0,28.35,19.89,21.991459852423944,5.63,12.45,18.33,False,in_sample
2019-02-05,5394,3454.950927734375,24.05,17.33,47.11,0.0,44.41,22.69,26.653437120900765,22.01,21.87,22.01,False,in_sample
2019-02-06,8745,3469.091796875,43.44,37.41,72.83,13.21,56.61,40.1,50.611361779104,47.94,41.36,42.39,False,in_sample
2019-02-07,10767,3414.929443359375,53.12,55.41,79.54,22.6,70.12,46.78,60.88680086343905,57.43,49.58,49.83,False,in_sample
2019-02-08,10530,3401.37646484375,51.67,70.4,75.65,17.29,69.09,44.29,59.71010705403121,53.61,44.33,46.45,False,in_sample
2019-02-09,10378,3671.5859375,48.56,78.25,70.56,9.13,63.31,42.5,58.917117633381245,47.79,39.47,44.6,False,in_sample
2019-02-10,8363,3673.201416015625,40.8,78.29,60.11,15.39,50.47,33.06,48.10633011114439,36.42,30.09,33.63,False,in_sample
2019-02-11,9301,3695.613037109375,43.44,70.07,66.36,20.36,51.53,36.88,53.325449762399515,42.93,32.54,37.43,False,in_sample
2019-02-12,7319,3642.751953125,32.03,59.7,52.28,10.78,42.02,27.53,41.32822637582418,28.37,21.92,25.72,False,in_sample
2019-02-13,3577,3653.60400390625,6.36,6.07,9.22,0.0,14.25,8.84,5.620762752775321,0.0,8.81,4.62,False,in_sample
2019-02-14,3562,3631.170166015625,6.2,5.83,9.09,0.0,13.87,8.67,5.33584195066614,0.0,8.73,4.44,False,in_sample
2019-02-15,3566,3617.368408203125,6.1,5.6,8.66,0.0,13.79,8.68,5.3159669241867515,0.0,8.54,4.48,False,in_sample
2019-02-16,3585,3615.270263671875,6.12,5.38,8.81,0.0,13.68,8.87,5.504815754619729,0.0,8.32,4.73,False,in_sample
2019-02-17,3623,3633.359375,6.55,5.2,9.54,0.0,15.7,9.25,5.954167648348754,0.0,8.31,5.2,False,in_sample
2019-02-18,3867,3671.369873046875,8.05,5.05,10.78,0.0,19.71,11.7,9.124501858159553,0.0,8.51,8.1,False,in_sample
2019-02-19,3896,3911.66162109375,9.18,4.86,17.98,0.0,21.54,11.96,9.421376110189048,0.08,8.93,8.43,False,in_sample
2019-02-20,3932,3946.68505859375,9.58,4.64,18.83,0.0,20.02,12.29,9.804341748616745,0.67,11.75,8.79,False,in_sample
2019-02-21,3893,4000.2568359375,9.22,4.39,19.72,0.0,16.6,11.89,9.232571619910399,1.29,12.03,8.33,False,in_sample
2019-02-22,3949,3952.406494140625,9.33,4.14,18.72,0.0,17.44,12.41,9.868985439357047,0.59,12.39,8.96,False,in_sample
2019-02-23,4111,3998.916259765625,10.32,3.89,20.22,0.0,19.5,13.91,11.797275117752477,1.64,11.9,10.75,False,in_sample
2019-02-24,3755,4145.4580078125,10.02,3.61,24.39,0.0,21.06,10.46,7.208245262096005,4.61,12.48,6.7,False,in_sample
2019-02-25,3823,3807.00244140625,8.63,3.31,14.91,0.0,19.0,11.12,8.027378130336443,0.0,14.2,7.49,False,in_sample
2019-02-26,3797,3878.697265625,8.34,3.0,16.94,0.0,19.66,10.84,7.611907542184388,0.0,10.15,7.19,False,in_sample
2019-02-27,3800,3857.479736328125,8.38,2.66,16.22,0.0,20.36,10.85,7.575951207170409,0.0,10.89,7.23,False,in_sample
2019-02-28,3793,3848.261962890625,8.35,2.34,16.34,0.0,21.04,10.77,7.408698051648015,0.0,10.55,7.03,False,in_sample
2019-03-01,3785,3853.757080078125,9.79,15.73,15.17,0.0,13.85,11.8,7.228085808393725,0.0,13.21,7.77,False,in_sample
2019-03-02,3414,3855.318115234375,5.25,8.59,4.44,0.0,13.05,7.26,2.0079626435833866,0.0,7.42,2.56,False,in_sample
2019-03-03,3783,3862.26611328125,8.14,1.35,16.72,0.0,20.33,10.61,7.0510590028948705,0.0,10.58,6.89,False,in_sample
2019-03-04,4961,3845.091552734375,18.1,4.37,41.04,0.0,31.4,20.3,20.498446741980732,17.06,12.88,18.81,False,in_sample
2019-03-05,5659,3759.83251953125,25.3,17.82,48.23,0.0,46.65,24.5,26.99198562526352,22.94,22.22,24.15,False,in_sample
2019-03-06,8174,3897.0810546875,42.67,38.01,73.91,12.69,56.22,37.45,45.265624189355265,49.19,41.28,39.28,False,in_sample
2019-03-07,11953,3903.384765625,55.06,56.12,80.29,22.45,73.15,50.77,64.15787827729665,58.43,48.35,54.48,False,in_sample
2019-03-08,10811,3913.225830078125,52.59,70.73,76.21,18.08,70.23,45.26,59.077717714939794,54.3,45.77,47.63,False,in_sample
2019-03-09,10619,3894.552490234375,50.01,78.27,73.78,10.37,64.52,43.37,58.11404432355337,51.55,40.12,45.61,False,in_sample
2019-03-10,8255,3966.17431640625,40.49,78.19,60.5,11.89,52.17,32.53,45.47424167709575,36.81,30.21,33.03,False,in_sample
2019-03-11,9210,3953.740234375,43.35,69.81,66.65,19.52,52.24,36.48,50.86849898273045,43.25,32.95,36.98,False,in_sample
2019-03-12,7307,3903.75830078125,31.91,59.35,51.33,10.36,44.77,27.5,39.24198936171977,27.45,21.01,25.64,False,in_sample
2019-03-13,3852,3913.04736328125,8.41,0.17,18.39,0.0,20.42,11.11,7.200548971782982,0.37,10.61,7.68,False,in_sample
2019-03-14,3854,3905.576904296875,8.53,0.21,18.21,0.0,21.76,11.11,7.151292221302728,0.24,10.65,7.7,False,in_sample
2019-03-15,3902,3926.663330078125,8.85,0.35,18.28,0.0,22.94,11.56,7.6943318851332805,0.3,10.53,8.25,False,in_sample
2019-03-16,3990,3963.900146484375,9.77,0.48,19.61,0.0,26.14,12.39,8.733251638767065,1.23,10.51,9.23,False,in_sample
2019-03-17,3968,4047.719482421875,10.17,0.65,21.99,0.0,25.79,12.15,8.38207221266046,2.9,11.02,8.98,False,in_sample
2019-03-18,3970,4029.968505859375,10.29,0.82,21.4,0.0,26.83,12.15,8.332257413023665,2.48,11.96,9.0,False,in_sample
2019-03-19,3997,4032.69189453125,10.48,0.92,21.48,0.0,27.84,12.39,8.595959978367958,2.54,11.67,9.29,False,in_sample
2019-03-20,4031,4070.7939453125,10.91,0.99,22.15,0.0,29.5,12.69,8.94432227056041,3.01,11.65,9.67,False,in_sample
2019-03-21,3977,4083.953857421875,10.75,1.1,23.04,0.0,27.96,12.15,8.195367598259438,3.64,11.91,9.05,False,in_sample
2019-03-22,3984,4028.5146484375,10.44,1.18,21.67,0.0,26.92,12.2,8.2083109957542,2.67,12.24,9.13,False,in_sample
2019-03-23,3982,4022.71337890625,10.23,1.28,21.89,0.0,25.38,12.16,8.108262814759644,2.82,11.6,9.11,False,in_sample
2019-03-24,3971,4035.16357421875,10.27,1.43,21.84,0.0,26.12,12.03,7.895013597637128,2.79,11.64,8.99,False,in_sample
2019-03-25,3909,4024.11279296875,9.84,1.55,21.56,0.0,24.76,11.41,7.033192700014151,2.59,11.58,8.28,False,in_sample
2019-03-26,3918,3969.228759765625,9.42,1.71,19.95,0.0,23.53,11.48,7.073158199797745,1.46,11.41,8.38,False,in_sample
2019-03-27,4028,3984.244873046875,9.82,1.94,20.24,0.0,23.72,12.51,8.382967860093897,1.66,10.66,9.61,False,in_sample
2019-03-28,4011,4087.58447265625,10.36,2.23,23.07,0.0,23.97,12.33,8.096552703937723,3.66,10.73,9.43,False,in_sample
2019-03-29,4090,4068.2998046875,10.93,2.54,22.66,0.0,25.94,13.05,8.99739753369274,3.37,11.9,10.26,False,in_sample
2019-03-30,4092,4092.13623046875,11.22,2.81,24.58,0.0,25.26,13.05,8.947093127496732,4.73,11.68,10.3,False,in_sample
2019-03-31,4095,4105.4560546875,11.32,3.13,24.63,0.0,24.92,13.05,8.909007481584782,4.77,12.49,10.32,False,in_sample
2019-04-01,3828,4105.3623046875,9.71,15.6,11.98,0.0,14.11,12.2,5.4601387463232305,0.0,14.19,8.28,False,in_sample
2019-04-02,3412,4156.91943359375,4.93,8.35,2.75,0.0,12.03,7.23,0.0,0.0,7.59,2.54,False,in_sample
2019-04-03,3699,4879.9580078125,7.4,1.03,15.95,0.0,17.75,9.74,3.594012395323721,0.0,10.52,5.88,False,in_sample
2019-04-04,4912,4971.3076171875,19.32,4.86,41.89,0.0,34.25,19.89,17.716745814208796,17.75,20.36,18.35,False,in_sample
2019-04-05,5775,4922.80615234375,26.16,18.35,51.78,0.0,44.25,25.26,25.746610894618076,25.96,22.82,25.05,False,in_sample
2019-04-06,7650,5036.79296875,40.86,38.56,70.21,12.76,54.96,34.86,39.75242553538935,45.09,42.18,36.21,False,in_sample
2019-04-07,11178,5062.7939453125,55.43,56.78,84.63,20.13,76.02,48.11,58.67280727838416,64.31,49.11,51.36,False,in_sample
2019-04-08,10987,5199.83544921875,53.58,71.08,77.45,18.35,73.25,45.84,57.7406797225811,55.83,46.26,48.32,False,in_sample
2019-04-09,10578,5289.91796875,50.63,78.32,74.9,11.06,64.89,43.18,55.77143676476777,52.9,42.81,45.4,False,in_sample
2019-04-10,8166,5204.10546875,39.61,78.08,59.66,6.95,52.28,32.08,42.73778541120239,35.95,30.41,32.53,False,in_sample
2019-04-11,9419,5325.08154296875,43.54,69.64,66.06,19.11,52.69,37.37,49.81888539177667,42.6,33.11,37.97,False,in_sample
2019-04-12,7216,5061.20068359375,31.87,58.96,51.26,10.71,46.98,27.04,36.399245287307835,27.38,20.34,25.04,False,in_sample
2019-04-13,5075,5088.85009765625,20.78,9.01,43.52,0.0,36.29,20.89,18.689659182022638,19.09,21.1,19.69,False,in_sample
2019-04-14,5157,5095.7587890625,20.68,9.41,43.37,0.0,33.13,21.48,19.419513781400518,18.96,21.32,20.36,False,in_sample
2019-04-15,5043,5167.32177734375,20.6,9.84,44.74,0.0,32.53,20.59,18.225697795531705,20.07,21.2,19.35,False,in_sample
2019-04-16,5206,5066.57763671875,20.96,10.28,42.93,0.0,33.96,21.78,19.74685813534056,18.61,21.85,20.77,False,in_sample
2019-04-17,5227,5236.13525390625,21.67,10.77,45.47,0.0,35.95,21.9,19.875388598639006,20.66,20.8,20.92,False,in_sample
2019-04-18,5279,5251.48046875,22.18,11.24,45.73,0.0,37.05,22.25,20.29847129661494,20.88,22.15,21.36,False,in_sample
2019-04-19,5290,5298.154296875,22.52,11.72,46.48,0.0,38.02,22.31,20.32964560007853,21.5,22.26,21.42,False,in_sample
2019-04-20,5314,5304.16064453125,22.62,12.2,46.45,0.0,37.6,22.45,20.483472712491803,21.51,22.65,21.62,False,in_sample
2019-04-21,5296,5335.87890625,22.83,12.7,46.79,0.0,38.91,22.29,20.240123442631493,21.79,22.68,21.46,False,in_sample
2019-04-22,5384,5312.49462890625,22.91,13.17,46.52,0.0,37.47,22.9,20.99363427478519,21.57,22.82,22.17,False,in_sample
2019-04-23,5545,5399.36572265625,23.49,13.65,47.77,0.0,36.46,24.0,22.398803141571893,22.61,22.61,23.48,False,in_sample
2019-04-24,5432,5571.50830078125,23.82,14.13,49.95,0.0,37.01,23.18,21.29282947531824,24.46,23.29,22.5,False,in_sample
2019-04-25,5128,5466.5244140625,22.99,14.55,48.46,0.8,37.32,20.94,18.329803095952947,23.18,24.54,19.91,False,in_sample
2019-04-26,5151,5210.3046875,22.34,14.95,43.94,0.67,40.06,21.08,18.481052238519894,19.45,23.56,20.07,False,in_sample
2019-04-27,5182,5279.47119140625,21.84,15.31,44.38,0.0,37.03,21.29,18.708903973789674,19.8,20.94,20.34,False,in_sample
2019-04-28,5149,5271.74658203125,22.12,15.68,44.87,0.0,39.0,21.02,18.314934049055267,20.2,21.08,20.05,False,in_sample
2019-04-29,5149,5284.8583984375,22.2,16.05,44.35,0.0,40.15,20.99,18.24162660582349,19.78,21.3,20.03,False,in_sample
2019-04-30,5267,5247.72607421875,22.59,16.43,44.39,0.0,40.77,21.83,19.30599825315716,19.8,20.96,21.03,False,in_sample
2019-05-01,3799,5350.91455078125,9.68,15.51,13.29,0.0,14.99,11.9,2.826249921845107,0.0,12.84,7.95,False,in_sample
2019-05-02,3427,5402.4228515625,4.92,8.12,2.81,0.0,12.28,7.37,0.0,0.0,6.92,2.74,False,in_sample
2019-05-03,3841,5505.55224609375,7.82,0.88,13.58,0.0,19.71,11.15,3.228404718345089,0.0,10.16,7.56,False,in_sample
2019-05-04,5034,5769.20263671875,19.64,5.4,40.99,0.0,34.76,20.8,16.740515292144405,17.04,20.8,19.42,False,in_sample
2019-05-05,5729,5831.068359375,26.18,18.85,53.22,0.0,40.21,24.92,23.164265008361625,27.21,24.9,24.68,False,in_sample
2019-05-06,7799,5791.693359375,40.32,39.12,66.68,14.34,56.2,35.57,38.589700388718775,41.23,39.09,36.96,False,in_sample
2019-05-07,10999,5745.59912109375,55.18,57.39,81.64,19.16,78.72,47.43,55.795252480605086,60.33,53.73,50.58,False,in_sample
2019-05-08,11791,5849.4814453125,54.88,71.44,78.19,18.83,72.42,48.54,59.22075760879163,56.75,47.36,51.39,False,in_sample
2019-05-09,10581,5982.31640625,50.97,78.42,74.65,12.06,66.56,43.16,53.7101100295545,52.6,43.76,45.37,False,in_sample
2019-05-10,8142,6175.82275390625,39.22,77.95,58.96,5.62,52.81,31.94,40.469732461935045,35.23,29.75,32.39,False,in_sample
2019-05-11,9331,6379.6669921875,43.24,69.43,67.37,14.78,53.74,36.99,47.25166955564127,44.02,32.59,37.45,False,in_sample
2019-05-12,7405,7203.50732421875,31.98,58.6,50.36,10.45,47.08,28.11,35.55802502005566,26.53,20.22,26.21,False,in_sample
2019-05-13,7799,6971.17822265625,37.23,23.39,64.51,8.19,55.32,36.51,38.09363575214743,37.91,35.91,38.18,False,in_sample
2019-05-14,7956,7807.88427734375,39.38,24.13,70.88,10.6,58.7,37.24,39.025118988059695,44.59,33.43,38.92,False,in_sample
2019-05-15,8216,7989.37451171875,40.84,24.89,71.61,10.68,60.25,38.43,40.57177196432844,45.53,38.55,40.28,False,in_sample
2019-05-16,7863,8194.5009765625,40.79,25.61,72.96,13.26,58.5,36.69,38.292208707023704,47.17,39.36,38.27,False,in_sample
2019-05-17,7327,7886.92578125,39.58,26.25,70.26,16.26,57.27,33.94,34.66959046296954,44.37,40.71,35.09,False,in_sample
2019-05-18,7278,7341.66455078125,38.22,26.9,66.22,15.95,55.97,33.65,34.260794284302065,40.15,38.67,34.77,False,in_sample
2019-05-19,8220,7267.962890625,39.67,27.67,65.8,14.6,58.16,38.29,40.31413899412561,39.72,35.45,40.19,False,in_sample
2019-05-20,7982,8196.923828125,41.02,28.4,72.53,14.33,60.27,37.11,38.7650110662587,46.88,35.09,38.83,False,in_sample
2019-05-21,7984,7977.96923828125,41.32,29.13,70.86,13.14,61.59,37.09,38.7069386896212,45.08,40.45,38.8,False,in_sample
2019-05-22,7668,7956.2919921875,40.45,29.82,70.79,12.12,60.96,35.49,36.6034836140841,45.04,39.06,36.94,False,in_sample
2019-05-23,7898,7677.26904296875,40.11,30.52,68.51,9.92,60.55,36.59,38.02038477073466,42.61,39.01,38.23,False,in_sample
2019-05-24,7988,7881.6953125,40.44,31.22,70.09,9.4,60.56,36.99,38.52014306138543,44.31,37.13,38.71,False,in_sample
2019-05-25,8062,7991.88525390625,40.72,31.94,70.6,9.54,58.79,37.31,38.91380992026212,44.9,38.39,39.1,False,in_sample
2019-05-26,8732,8055.2060546875,42.28,32.68,71.04,9.31,60.82,40.34,42.863563150458475,45.39,38.82,42.64,False,in_sample
2019-05-27,8817,8674.072265625,43.81,33.43,75.11,9.64,63.44,40.67,43.28132960888323,49.99,39.16,43.04,False,in_sample
2019-05-28,8720,8802.7578125,44.59,34.15,75.46,9.88,66.75,40.2,42.654025433611466,50.45,42.65,42.5,False,in_sample
2019-05-29,8656,8718.591796875,44.54,34.85,74.76,10.43,67.33,39.87,42.212787653271505,49.71,43.0,42.03,False,in_sample
2019-05-30,8272,8661.7607421875,44.11,35.48,73.64,15.99,65.8,38.08,39.85642454699587,48.81,42.42,39.97,False,in_sample
2019-05-31,8557,8320.2861328125,43.19,36.12,71.19,13.48,60.77,39.34,41.4928241772875,46.07,42.02,41.46,False,in_sample
2019-06-01,4046,8573.83984375,10.49,15.44,12.46,0.0,14.82,14.25,3.6761634269441625,0.0,13.29,10.75,False,in_sample
2019-06-02,3368,8565.4736328125,4.95,7.86,3.4,0.0,14.58,6.7,0.0,0.0,6.86,1.95,False,in_sample
2019-06-03,3852,8741.7470703125,8.02,0.74,17.69,0.0,18.28,11.25,1.0503019891858008,0.0,9.12,7.7,False,in_sample
2019-06-04,5045,8210.9853515625,20.07,5.93,43.01,0.0,34.73,20.86,14.57680895434158,18.65,20.3,19.52,False,in_sample
2019-06-05,5692,7704.34326171875,26.1,19.36,52.58,0.0,40.3,24.64,20.58711913233123,26.67,25.74,24.37,False,in_sample
2019-06-06,7777,7819.63330078125,40.31,39.68,67.83,11.64,59.43,35.43,36.25210806401016,42.41,36.07,36.8,False,in_sample
2019-06-07,11209,7826.9013671875,54.69,58.02,80.91,17.19,78.17,48.11,54.615507279202156,59.34,50.63,51.4,False,in_sample
2019-06-08,11424,8036.77490234375,54.86,71.79,81.2,15.27,72.1,47.26,55.505100902727875,60.76,48.0,49.86,False,in_sample
2019-06-09,10331,7949.6748046875,50.44,78.52,74.62,12.06,65.56,42.19,50.36390136437997,52.57,43.48,43.96,False,in_sample
2019-06-10,7855,7692.28466796875,38.32,77.78,58.77,3.97,52.26,30.51,36.47254912620469,35.02,29.19,30.77,False,in_sample
2019-06-11,9355,8004.24365234375,43.56,69.16,66.97,18.15,53.28,37.08,45.21892757783172,43.51,33.54,37.49,False,in_sample
2019-06-12,7535,7925.43408203125,32.51,58.24,52.34,10.96,46.22,28.86,34.232574486991005,28.37,19.59,26.98,False,in_sample
2019-06-13,8233,8145.54541015625,41.11,43.14,69.97,5.73,56.87,37.4,38.63232962148832,44.77,37.25,39.18,False,in_sample
2019-06-14,8699,8230.8984375,42.57,43.65,70.5,5.52,60.52,39.48,41.34066751878156,45.35,38.44,41.55,False,in_sample
2019-06-15,8851,8689.74609375,44.0,44.22,73.3,6.64,63.18,40.11,42.144948605699646,48.53,38.84,42.31,False,in_sample
2019-06-16,9020,8841.4404296875,44.76,44.79,74.14,7.2,62.33,40.8,43.029776276480966,49.5,41.23,43.12,False,in_sample
2019-06-17,9341,8988.923828125,45.5,45.41,75.0,8.76,59.93,42.11,44.725399416878695,50.53,41.93,44.65,False,in_sample
2019-06-18,9048,9335.466796875,45.86,45.98,76.58,9.49,61.77,40.83,43.04657300942025,52.47,42.69,43.18,False,in_sample
2019-06-19,9286,9078.7275390625,46.57,46.57,74.92,9.51,66.51,41.79,44.287897851419174,50.53,44.18,44.27,False,in_sample
2019-06-20,9547,9273.060546875,47.38,47.18,76.08,10.31,67.89,42.82,45.6181593502281,51.95,42.66,45.49,False,in_sample
2019-06-21,10084,9525.07421875,48.55,47.83,77.32,10.86,66.51,44.89,48.31271857147286,53.48,43.75,47.88,False,in_sample
2019-06-22,10686,10175.923828125,50.16,48.52,79.74,11.93,65.23,47.08,51.172670006056876,56.53,44.91,50.41,False,in_sample
2019-06-23,10795,10696.69140625,52.05,49.23,82.1,14.26,70.14,47.42,51.61655003648712,59.69,47.27,50.82,False,in_sample
2019-06-24,11005,10853.744140625,53.34,49.93,82.42,14.41,75.33,48.11,52.52126467740168,60.17,49.77,51.62,False,in_sample
2019-06-25,11727,11007.2021484375,54.77,50.66,83.07,14.89,77.03,50.51,55.663693765297005,61.12,50.12,54.38,False,in_sample
2019-06-26,12864,11778.5810546875,57.16,51.46,85.47,16.25,78.08,54.03,60.272227397205725,64.53,50.88,58.39,False,in_sample
2019-06-27,11110,13017.125,56.33,52.12,88.48,19.92,74.98,48.29,52.79525468675826,69.33,53.64,51.69,False,in_sample
2019-06-28,12359,11162.16796875,57.16,52.85,82.46,21.37,77.15,52.35,58.112271291732974,60.92,57.68,56.34,False,in_sample
2019-06-29,11945,12400.763671875,57.28,53.55,86.49,23.61,76.73,50.97,56.32175142632566,66.72,50.98,54.75,False,in_sample
2019-06-30,10843,11931.9912109375,56.06,54.17,85.01,23.14,77.22,47.16,51.35951125927598,64.67,55.66,50.25,False,in_sample
2019-07-01,4002,10796.9306640625,11.14,15.33,19.37,0.0,14.88,13.8,0.8883363161173327,0.85,12.91,10.24,False,in_sample
2019-07-02,3359,10588.68359375,4.91,7.58,1.4,0.0,16.77,6.59,0.0,0.0,7.01,1.84,False,in_sample
2019-07-03,3856,10818.15625,8.38,0.6,18.03,0.0,19.5,11.27,0.0,0.12,10.74,7.74,False,in_sample
2019-07-04,5190,11972.71875,20.77,6.42,43.17,0.0,35.65,21.91,13.814002441687029,18.78,21.33,20.78,False,in_sample
2019-07-05,5826,11203.1025390625,26.31,19.86,52.01,0.27,39.98,25.51,19.589217010387173,26.2,25.32,25.39,False,in_sample
2019-07-06,8024,10982.5439453125,40.94,40.22,67.65,11.32,60.47,36.61,35.71335057478754,42.22,36.88,38.19,False,in_sample
2019-07-07,11457,11217.6162109375,54.92,58.66,81.71,15.9,77.16,48.9,53.66581390956243,60.38,49.83,52.36,False,in_sample
2019-07-08,11968,11446.5966796875,55.62,72.15,79.59,16.55,71.98,49.02,55.805778038543565,58.74,51.1,51.92,False,in_sample
2019-07-09,10495,12284.326171875,50.79,78.55,72.95,15.56,66.78,42.77,49.090089633792005,50.8,43.4,44.65,False,in_sample
2019-07-10,8227,12571.537109375,38.4,77.66,56.32,3.14,53.1,32.32,36.69632104830271,32.58,28.99,32.84,False,in_sample
2019-07-11,9211,12139.7138671875,43.39,68.88,67.11,19.24,53.25,36.46,42.34562212318863,43.66,33.04,36.75,False,in_sample
2019-07-12,7513,11354.2998046875,32.76,57.88,53.65,10.78,45.65,28.81,31.9590691179721,29.6,20.74,26.85,False,in_sample
2019-07-13,11347,11813.126953125,55.05,62.67,83.12,18.38,69.79,48.14,52.7671279818471,62.64,50.56,51.56,False,in_sample
2019-07-14,10284,11381.0205078125,53.45,63.23,81.33,18.38,70.02,44.26,47.71722574181004,60.24,52.51,47.09,False,in_sample
2019-07-15,10927,10257.8388671875,52.67,63.82,76.77,18.2,67.17,46.57,50.720012797052696,54.4,50.63,49.79,False,in_sample
2019-07-16,9472,10896.6533203125,50.73,64.29,79.61,17.75,66.5,40.96,43.412952771197986,57.95,46.13,43.31,False,in_sample
2019-07-17,9675,9471.2138671875,49.3,64.77,72.56,16.9,64.34,41.74,44.41778989146721,49.36,48.81,44.18,False,in_sample
2019-07-18,10680,9698.5029296875,49.6,65.29,73.6,13.7,61.32,45.53,49.3557536374515,50.59,42.32,48.58,False,in_sample
2019-07-19,10533,10653.9560546875,50.41,65.79,78.34,13.99,58.32,44.93,48.58472025026664,56.4,43.24,47.87,False,in_sample
2019-07-20,10863,10525.8193359375,51.78,66.28,77.59,13.55,64.02,46.08,50.07930832843886,55.49,47.66,49.21,False,in_sample
2019-07-21,10590,10777.529296875,52.07,66.76,79.01,13.8,66.81,45.04,48.72065429406245,57.27,46.98,48.03,False,in_sample
2019-07-22,10319,10596.9482421875,52.01,67.13,77.74,14.03,70.62,43.98,47.33783655908,55.69,48.33,46.83,False,in_sample
2019-07-23,9867,10346.748046875,50.41,67.47,76.47,13.79,66.18,42.2,44.9982085145295,54.1,47.13,44.79,False,in_sample
2019-07-24,9793,9887.73046875,49.32,67.79,74.24,13.21,64.07,41.86,44.547358027167185,51.39,45.91,44.28,False,in_sample
2019-07-25,9898,9809.0966796875,48.99,68.11,73.69,13.24,62.74,42.23,45.01893890603942,50.81,43.84,44.72,False,in_sample
2019-07-26,9837,9913.126953125,49.14,68.4,74.2,12.32,64.81,41.94,44.63629192345635,51.41,43.46,44.41,False,in_sample
2019-07-27,9447,9871.1650390625,48.27,68.67,73.86,9.18,65.57,40.32,42.515351978543784,51.0,43.89,42.56,False,in_sample
2019-07-28,9530,9491.626953125,47.96,68.93,71.71,8.44,67.2,40.62,42.88966350829224,48.49,43.57,42.94,False,in_sample
2019-07-29,9505,9548.1787109375,47.63,69.2,72.18,7.85,66.86,40.47,42.68705833674647,49.01,41.7,41.91,False,in_sample
2019-07-30,9590,9522.3291015625,48.51,69.45,71.05,16.83,66.07,40.78,43.06940166211739,48.19,42.05,42.29,False,in_sample
2019-07-31,10060,9604.05078125,49.39,69.76,71.51,17.18,66.48,42.6,45.4279311210159,48.72,41.88,44.44,False,in_sample
2019-08-01,3993,10077.4423828125,11.32,15.21,18.21,0.0,16.28,13.7,0.0,0.01,15.62,10.14,False,in_sample
2019-08-02,3613,10402.04296875,6.04,7.34,1.17,0.0,19.0,9.32,0.0,0.0,6.21,5.09,False,in_sample
2019-08-03,3840,10519.2783203125,8.31,0.46,18.15,0.0,19.35,11.08,0.0,0.2,10.83,7.54,False,in_sample
2019-08-04,5284,10821.6328125,21.5,6.9,45.43,0.0,35.47,22.57,12.464692659944227,20.61,21.37,21.56,False,in_sample
2019-08-05,5932,10960.7353515625,27.29,20.34,53.63,0.82,42.85,26.17,18.265083593558575,27.62,24.97,26.17,False,in_sample
2019-08-06,7940,11811.544921875,40.8,40.75,69.38,10.99,57.13,36.17,32.997224448386646,44.07,36.71,37.7,False,in_sample
2019-08-07,12320,11476.193359375,56.23,59.36,82.62,14.25,77.81,51.65,55.23642284674418,61.59,50.61,55.57,False,in_sample
2019-08-08,11939,11954.0400390625,56.02,72.51,81.56,17.16,71.97,48.88,53.573148731934886,61.38,49.58,51.75,False,in_sample
2019-08-09,10408,11953.4697265625,50.79,78.59,73.75,15.45,67.47,42.41,46.53430666900227,51.73,42.22,44.25,False,in_sample
2019-08-10,8191,11861.556640625,38.78,77.51,59.48,2.38,53.51,32.12,34.296806719500374,35.73,27.28,32.6,False,in_sample
2019-08-11,8792,11349.740234375,41.95,68.55,66.16,17.38,50.64,34.61,37.824043306030426,42.63,33.09,34.62,False,in_sample
2019-08-12,7529,11528.189453125,32.75,57.47,53.44,10.05,46.12,28.97,29.874317210076658,29.4,21.49,26.95,False,in_sample
2019-08-13,10868,11385.052734375,53.49,74.16,78.95,15.35,68.37,44.97,48.456975369285345,58.02,49.52,47.28,False,in_sample
2019-08-14,10025,10889.4873046875,51.34,74.46,76.65,14.45,66.2,41.78,44.284899437628575,55.14,48.84,43.57,False,in_sample
2019-08-15,10311,10038.421875,50.51,74.75,72.47,13.59,67.08,42.84,45.64572465844823,50.12,46.64,44.82,False,in_sample
2019-08-16,10374,10319.419921875,50.17,75.05,73.95,11.77,65.41,43.04,45.8865711042257,51.84,42.91,45.07,False,in_sample
2019-08-17,10208,10358.72265625,49.95,75.35,74.24,12.13,63.16,42.38,44.99767721850632,52.18,44.11,44.32,False,in_sample
2019-08-18,10332,10233.005859375,49.55,75.66,73.39,11.58,60.0,42.82,45.54275161449818,51.16,44.31,44.85,False,in_sample
2019-08-19,10885,10350.283203125,50.53,75.98,74.01,10.8,62.12,44.82,48.12543499802806,51.87,43.48,47.18,False,in_sample
2019-08-20,10772,10916.3466796875,51.58,76.29,76.62,11.95,65.38,44.37,47.52621555449074,55.02,43.94,46.67,False,in_sample
2019-08-21,10097,10764.572265625,50.8,76.54,76.03,11.65,66.07,41.8,44.16612620080003,54.31,46.21,43.7,False,in_sample
2019-08-22,10120,10142.521484375,49.56,76.76,72.69,11.12,62.9,41.85,44.21296270097533,50.31,45.64,43.78,False,in_sample
2019-08-23,10415,10136.3095703125,49.51,76.97,72.82,10.24,62.37,42.94,45.60592417043197,50.43,42.61,45.02,False,in_sample
2019-08-24,10148,10407.64453125,49.96,77.17,74.11,12.34,64.71,41.89,44.21576823096179,52.05,42.63,43.82,False,in_sample
2019-08-25,10101,10160.7373046875,49.77,77.38,72.73,11.62,65.97,41.68,43.910666508252,50.41,43.84,43.58,False,in_sample
2019-08-26,10363,10126.2998046875,49.68,77.58,72.47,10.96,64.26,42.65,45.145034814667845,50.09,42.57,44.72,False,in_sample
2019-08-27,10169,10372.826171875,49.5,77.76,73.78,11.64,61.82,41.87,44.11439812613121,51.63,42.27,43.81,False,in_sample
2019-08-28,9725,10203.4267578125,48.63,77.91,72.75,11.78,60.88,40.09,41.77292291390945,50.41,43.34,41.76,False,in_sample
2019-08-29,9483,9756.7861328125,47.66,78.04,70.32,11.1,62.24,39.08,40.420895139800834,47.59,42.39,40.59,False,in_sample
2019-08-30,9578,9514.8447265625,47.41,78.1,68.94,11.17,63.77,39.44,40.859199884052856,46.0,40.28,41.03,False,in_sample
2019-08-31,9606,9597.5390625,47.34,78.19,69.51,9.07,64.9,39.53,40.93866874751687,46.63,39.05,41.15,False,in_sample
2019-09-01,4005,9630.5927734375,11.5,15.09,18.08,0.0,18.41,13.79,0.0,0.0,15.08,10.27,False,in_sample
2019-09-02,3622,9757.4736328125,6.96,7.07,9.89,0.0,18.84,9.39,0.0,0.0,6.05,5.2,False,in_sample
2019-09-03,3911,10345.7255859375,8.62,0.31,17.73,0.0,20.73,11.76,0.0,0.0,10.83,8.37,False,in_sample
2019-09-04,5196,10621.1806640625,21.71,7.39,46.79,0.24,35.22,21.9,9.35544381333125,21.72,22.56,20.81,False,in_sample
2019-09-05,6151,10588.18359375,28.3,20.86,54.83,0.55,43.93,27.53,17.879683285697347,28.69,25.95,27.76,False,in_sample
2019-09-06,7635,10578.1982421875,40.04,41.21,68.76,9.93,55.94,34.62,28.821459628173912,43.41,38.07,35.91,False,in_sample
2019-09-07,12580,10353.931640625,57.54,60.09,85.46,15.56,77.27,52.4,54.20069555983436,65.59,51.52,56.44,False,in_sample
2019-09-08,11859,10518.1142578125,56.15,72.87,81.31,18.38,71.12,48.56,51.12483424209295,61.1,51.6,51.41,False,in_sample
2019-09-09,10333,10443.228515625,50.5,78.63,73.28,15.42,66.27,42.09,44.0353046086348,51.18,42.84,43.89,False,in_sample
2019-09-10,8599,10336.408203125,39.61,77.36,59.19,2.04,53.67,34.03,34.601440548078365,35.42,29.33,34.79,False,in_sample
2019-09-11,8811,10123.03515625,40.93,68.24,63.33,14.64,50.99,34.69,35.77347551646908,39.6,32.3,34.71,False,in_sample
2019-09-12,7341,10176.8193359375,32.3,57.06,53.6,9.71,45.97,28.02,26.39624326920607,29.55,21.31,25.79,False,in_sample
2019-09-13,10346,10415.3623046875,50.45,78.79,73.05,16.77,67.14,42.0,43.82466539209982,50.94,40.91,43.8,False,in_sample
2019-09-14,10364,10345.4033203125,49.89,78.77,72.72,13.52,64.92,42.03,43.84465431839316,50.55,41.97,43.86,False,in_sample
2019-09-15,10307,10356.4658203125,49.62,78.74,72.8,13.4,63.68,41.78,43.49467110182816,50.62,41.62,43.58,False,in_sample
2019-09-16,10258,10347.22265625,49.57,78.72,72.48,13.43,64.68,41.55,43.182869521866074,50.24,41.6,43.35,False,in_sample
2019-09-17,10196,10281.513671875,49.15,78.7,72.22,12.42,63.71,41.28,42.804838993307996,49.92,41.25,43.04,False,in_sample
2019-09-18,10162,10247.7958984375,49.21,78.71,71.87,12.48,65.85,41.11,42.56565075567385,49.51,40.94,42.83,False,in_sample
2019-09-19,10269,10200.49609375,48.67,78.7,71.62,8.72,64.4,41.49,43.03144632560795,49.23,40.57,43.28,False,in_sample
2019-09-20,10171,10266.318359375,48.66,78.68,72.17,8.92,64.59,41.07,42.4733234046032,49.86,40.33,42.82,False,in_sample
2019-09-21,9987,10183.6484375,48.24,78.65,71.64,9.43,63.6,40.32,41.472666822176905,49.23,40.71,41.97,False,in_sample
2019-09-22,10048,10024.115234375,48.14,78.66,70.63,9.3,64.88,40.52,41.714693296663754,48.06,40.18,42.24,False,in_sample
2019-09-23,9693,10067.962890625,47.01,78.7,70.96,8.95,60.09,39.07,39.80935446386361,48.42,39.25,40.58,False,in_sample
2019-09-24,8614,9729.3212890625,44.42,78.69,68.95,8.3,57.13,34.4,33.71404969355452,46.13,39.44,35.13,False,in_sample
2019-09-25,8425,8603.4287109375,42.27,78.67,61.91,11.89,53.67,33.49,32.51135334344884,38.48,37.71,34.09,False,in_sample
2019-09-26,8092,8487.669921875,41.29,78.6,60.61,13.45,56.88,31.89,30.381777971263784,37.09,32.25,32.23,False,in_sample
2019-09-27,8187,8113.10107421875,40.7,78.54,58.15,16.19,53.63,32.33,30.90791721172213,34.52,31.17,32.74,False,in_sample
2019-09-28,8202,8251.2734375,40.6,78.51,58.94,15.57,53.49,32.38,30.931442771781697,35.31,29.26,32.81,False,in_sample
2019-09-29,8065,8246.037109375,40.08,78.45,59.11,15.86,50.13,31.69,30.000841306045732,35.45,29.74,32.03,False,in_sample
2019-09-30,8283,8104.2265625,40.19,78.41,57.98,15.84,50.07,32.72,31.29365568440309,34.31,29.76,33.22,False,in_sample
2019-10-01,3628,8299.720703125,10.13,14.89,18.39,0.0,18.64,10.05,0.0,0.15,14.93,5.86,False,in_sample
2019-10-02,3643,8344.212890625,7.19,6.81,10.17,0.0,17.02,9.59,0.0,0.0,9.21,5.46,False,in_sample
2019-10-03,3904,8390.7744140625,8.85,0.0,19.68,0.0,20.41,11.68,0.0,1.27,10.6,8.29,False,in_sample
2019-10-04,5312,8259.494140625,21.95,7.79,45.41,0.0,36.27,22.72,8.303610317800837,20.6,23.3,21.77,False,in_sample
2019-10-05,6358,8210.1494140625,29.68,21.39,57.26,1.95,45.02,28.77,17.421173155118854,30.89,26.69,29.19,False,in_sample
2019-10-06,7994,8149.876953125,40.08,41.7,66.47,9.44,55.79,36.36,29.058281332737153,40.99,37.54,37.93,False,in_sample
2019-10-07,12107,7989.12060546875,57.32,60.78,86.14,14.95,75.52,50.84,50.21600451908091,66.63,54.71,54.63,False,in_sample
2019-10-08,11304,8246.849609375,55.25,73.21,80.94,18.45,70.04,46.64,46.638357517429064,60.63,51.39,49.2,False,in_sample
2019-10-09,10086,8229.8408203125,50.21,78.68,72.89,15.35,68.39,41.11,40.738583692082145,50.69,42.36,42.77,False,in_sample
2019-10-10,8579,8585.2802734375,40.4,77.17,62.36,2.39,54.88,33.91,32.39098301651572,38.66,29.06,34.68,False,in_sample
2019-10-11,9043,8585.2626953125,41.38,67.96,63.48,14.83,53.68,35.72,35.0162824774217,39.74,30.1,35.89,False,in_sample
2019-10-12,7233,8315.6650390625,31.43,56.7,51.75,9.08,44.68,27.49,23.518918433909626,27.79,21.36,25.11,False,in_sample
2019-10-13,8292,8336.90234375,38.94,76.39,60.27,2.57,51.02,32.53,30.440701465156177,36.49,29.4,33.11,False,in_sample
2019-10-14,8347,8320.83203125,38.68,76.06,60.01,2.4,48.99,32.78,30.70920535032781,36.22,29.52,33.17,False,in_sample
2019-10-15,8161,8373.4580078125,39.02,75.64,60.15,7.09,50.7,31.88,29.48587048239925,36.45,29.27,32.11,False,in_sample
2019-10-16,8004,8204.6748046875,38.34,75.34,58.69,7.09,50.27,31.11,28.421493764727746,34.96,29.5,31.21,False,in_sample
2019-10-17,8073,8047.8125,38.15,74.95,57.41,7.45,51.29,31.43,28.790919588084385,33.66,28.4,31.58,False,in_sample
2019-10-18,7960,8100.93359375,38.39,74.59,58.01,11.39,51.54,30.87,27.999134237557143,34.25,27.45,30.91,False,in_sample
2019-10-19,7949,7973.8037109375,38.14,74.31,57.07,11.46,51.31,30.8,27.85824092566111,33.3,27.77,30.84,False,in_sample
2019-10-20,8214,7997.80712890625,38.43,74.06,56.97,11.18,51.15,32.09,29.467744273749773,33.2,27.06,32.32,False,in_sample
2019-10-21,8212,8225.115234375,38.9,73.8,59.2,11.25,51.48,32.08,29.385386829902522,35.42,26.93,32.21,False,in_sample
2019-10-22,8030,8243.40234375,38.71,73.44,59.21,8.83,54.12,31.18,28.167381269260765,35.42,28.37,31.18,False,in_sample
2019-10-23,7459,8076.228515625,37.31,73.11,57.7,8.74,54.72,28.25,24.318186430968026,33.9,28.29,27.82,False,in_sample
2019-10-24,7455,7509.72802734375,35.6,72.8,52.58,9.12,50.71,28.23,24.22026037715545,28.88,27.19,27.77,False,in_sample
2019-10-25,8657,7490.703125,36.78,72.52,52.68,5.64,48.84,34.14,31.810212328558702,28.94,23.74,34.51,False,in_sample
2019-10-26,9250,8667.5771484375,40.25,72.24,62.81,8.02,49.29,36.75,35.13635274509218,39.04,23.66,37.49,False,in_sample
2019-10-27,9559,9241.70703125,43.18,71.91,66.73,14.09,50.75,38.03,36.751492095905405,43.24,30.45,38.96,False,in_sample
2019-10-28,9320,9565.1015625,43.67,71.54,68.6,14.84,51.37,37.01,35.38451043236957,45.31,33.42,37.76,False,in_sample
2019-10-29,9432,9248.4404296875,43.62,71.22,67.01,15.63,50.88,37.47,35.927839553242315,43.6,34.84,38.27,False,in_sample
2019-10-30,9183,9422.462890625,43.48,70.92,67.63,16.57,52.49,36.4,34.48697372744912,44.3,33.59,37.04,False,in_sample
2019-10-31,9156,9202.4580078125,43.05,70.58,66.03,16.89,51.99,36.27,34.26678339001768,42.55,34.06,36.86,False,in_sample
2019-11-01,3625,9193.9921875,8.56,14.69,7.8,0.0,15.68,9.99,0.0,0.0,15.01,5.69,False,in_sample
2019-11-02,3591,9259.783203125,6.85,6.56,10.83,0.0,15.4,9.03,0.0,0.0,9.28,4.82,False,in_sample
2019-11-03,3852,9324.787109375,8.69,0.08,19.52,0.0,20.17,11.14,0.0,1.16,11.36,7.68,False,in_sample
2019-11-04,5051,9235.607421875,21.55,8.21,47.09,0.0,36.52,20.76,3.4727545652936045,21.99,22.49,19.51,False,in_sample
2019-11-05,7326,9413.0048828125,32.71,22.06,59.41,3.9,45.85,34.18,22.479571916507027,32.88,28.24,35.47,False,in_sample
2019-11-06,7923,9340.8642578125,40.64,42.17,69.02,9.82,57.76,35.99,26.42921977954752,43.71,35.71,37.51,False,in_sample
2019-11-07,11295,9352.3935546875,55.69,61.4,84.32,18.08,69.63,48.09,44.55760799854696,64.24,55.56,51.43,False,in_sample
2019-11-08,11531,9265.3681640625,54.99,73.54,78.72,18.36,70.53,47.37,45.551081023281846,57.72,50.99,50.06,False,in_sample
2019-11-09,10143,8809.46875,49.84,78.71,71.58,14.53,68.49,41.3,38.89938566284361,49.16,41.94,42.95,False,in_sample
2019-11-10,8290,8812.4892578125,40.03,76.92,62.21,2.44,54.47,32.55,28.473782426951356,38.5,31.22,33.11,False,in_sample
2019-11-11,8714,9056.91796875,41.42,67.69,65.08,14.89,55.9,34.23,30.96521624853384,41.43,30.13,34.18,False,in_sample
2019-11-12,7201,8759.751953125,30.64,56.33,50.66,8.6,42.29,27.39,21.102386526609685,26.77,20.13,24.9,False,in_sample
2019-11-13,8767,8812.033203125,39.94,67.18,63.32,10.27,51.4,34.46,31.137728385115178,39.55,29.49,34.33,False,in_sample
2019-11-14,8646,8811.9365234375,39.79,66.93,63.02,9.91,52.87,33.9,30.354468352359625,39.28,29.83,33.69,False,in_sample
2019-11-15,8466,8705.7080078125,39.41,66.7,62.14,9.79,54.56,33.06,29.204229870870325,38.36,29.65,32.71,False,in_sample
2019-11-16,8478,8491.166015625,38.98,66.46,60.79,8.75,55.34,33.12,29.207387521118665,36.96,28.94,32.77,False,in_sample
2019-11-17,8506,8549.470703125,38.68,66.23,60.88,8.43,53.7,33.25,29.307203248133675,37.05,27.92,32.91,False,in_sample
2019-11-18,8184,8573.98046875,37.85,65.97,61.09,8.21,51.4,31.72,27.254549637929077,37.26,27.92,31.12,False,in_sample
2019-11-19,8117,8305.134765625,37.18,65.66,58.56,9.48,50.61,31.4,26.762274963271725,34.68,28.0,30.73,False,in_sample
2019-11-20,8077,8203.61328125,36.5,65.33,58.03,9.33,48.63,31.21,26.438510711259678,34.14,26.16,30.5,False,in_sample
2019-11-21,7613,8023.64453125,35.29,64.95,57.72,9.13,47.2,28.87,23.327351007355805,33.82,25.72,27.79,False,in_sample
2019-11-22,7278,7643.5693359375,33.28,64.52,53.63,9.11,43.99,27.09,20.94357706959596,29.8,25.43,25.68,False,in_sample
2019-11-23,7325,7296.16455078125,32.85,64.09,50.46,12.46,45.39,27.36,21.20406913791503,26.76,22.65,25.95,False,in_sample
2019-11-24,6944,7398.6337890625,31.79,63.58,51.05,13.63,43.34,25.25,18.386872774059,27.28,20.53,23.46,False,in_sample
2019-11-25,7140,7039.97705078125,31.19,63.09,46.91,13.97,42.22,26.37,19.74762779112546,23.45,20.78,24.69,False,in_sample
2019-11-26,7166,7145.1591796875,30.75,62.57,49.17,13.79,36.77,26.54,19.86400022327745,25.51,18.27,24.84,False,in_sample
2019-11-27,7527,7220.880859375,31.89,62.06,49.55,14.16,38.76,28.52,22.321687250753133,25.84,19.52,27.05,False,in_sample
2019-11-28,7437,7536.8203125,33.12,61.55,53.28,15.59,43.17,28.06,21.63257205793321,29.34,19.65,26.49,False,in_sample
2019-11-29,7748,7466.72705078125,33.88,61.09,52.41,14.36,45.83,29.72,23.670097317710432,28.51,21.88,28.35,False,in_sample
2019-11-30,7557,7764.05712890625,33.74,60.61,55.39,13.13,44.39,28.75,22.31558813957602,31.36,21.28,27.19,False,in_sample
2019-12-01,3618,7571.6162109375,7.69,14.49,8.43,0.0,12.11,9.89,0.0,0.0,10.64,5.61,False,in_sample
2019-12-02,3588,7424.0361328125,6.4,6.32,9.24,0.0,13.17,8.98,0.0,0.0,9.48,4.78,False,in_sample
2019-12-03,3859,7323.9755859375,8.48,0.1,18.13,0.0,20.59,11.2,0.0,0.19,11.25,7.76,False,in_sample
2019-12-04,5083,7320.125,21.14,8.6,43.05,0.0,38.15,20.98,1.6183583947878655,18.7,23.4,19.77,False,in_sample
2019-12-05,6943,7253.24169921875,34.65,22.68,67.84,7.09,48.34,32.08,17.60136592972855,41.21,29.65,33.05,False,in_sample
2019-12-06,8147,7450.5615234375,40.99,42.66,68.47,8.87,57.02,37.03,25.765315619717693,43.14,37.72,38.73,False,in_sample
2019-12-07,11814,7547.265625,55.34,62.05,81.3,17.67,69.54,49.77,44.83466006358034,60.15,53.75,53.4,False,in_sample
2019-12-08,11385,7551.3388671875,54.58,73.85,79.59,18.52,68.45,46.83,42.86197885083363,58.84,48.72,49.44,False,in_sample
2019-12-09,10404,7561.79541015625,50.5,78.75,71.72,16.89,69.63,42.26,38.152685031647515,49.39,40.75,44.08,False,in_sample
2019-12-10,8324,7397.13427734375,39.41,76.66,60.0,2.42,53.44,32.7,26.593541387638947,36.23,31.04,33.29,False,in_sample
2019-12-11,8789,7277.19775390625,40.95,67.43,62.76,14.47,54.89,34.56,29.324624782183122,38.98,31.27,34.56,False,in_sample
2019-12-12,7193,7216.73876953125,30.19,55.92,50.37,8.4,40.38,27.43,18.929233401853608,26.49,19.4,24.84,False,in_sample
2019-12-13,7245,7244.662109375,30.23,55.56,50.32,8.13,40.74,27.79,19.22996976711989,26.44,19.15,25.16,False,in_sample
2019-12-14,7072,7268.90283203125,30.08,55.18,50.87,7.76,42.38,26.9,17.913871714623504,26.95,19.05,24.05,False,in_sample
2019-12-15,7112,7124.23974609375,29.66,54.79,49.03,8.07,41.13,27.21,18.134027585602894,25.24,19.34,24.3,False,in_sample
2019-12-16,6883,7153.6630859375,29.07,54.39,49.47,8.14,40.8,26.0,16.376212665620564,25.64,18.17,22.81,False,in_sample
2019-12-17,6609,6931.3154296875,27.69,54.02,46.96,8.04,38.76,24.47,14.21104000482708,23.34,18.38,20.96,False,in_sample
2019-12-18,7285,6647.6982421875,28.22,53.71,43.76,6.52,40.19,28.46,19.161718460759946,20.45,16.81,25.34,False,in_sample
2019-12-19,7147,7277.5908203125,29.81,53.38,51.52,10.26,40.7,27.77,18.105050001017066,27.5,14.89,24.46,False,in_sample
2019-12-20,7185,7208.63671875,30.39,53.05,50.07,10.87,43.35,28.06,18.308052712180416,26.15,19.36,24.64,False,in_sample
2019-12-21,7141,7220.59375,30.98,52.71,50.47,13.81,46.98,27.88,17.92073071590619,26.51,18.42,24.36,False,in_sample
2019-12-22,7480,7191.1884765625,31.74,52.33,50.0,14.0,48.67,29.8,20.24290959981113,26.08,18.62,26.46,False,in_sample
2019-12-23,7322,7508.90234375,32.04,51.93,53.47,14.52,47.62,29.01,19.071183498130278,29.32,18.29,25.48,False,in_sample
2019-12-24,7236,7354.39306640625,31.21,51.52,51.9,14.88,42.77,28.59,18.39118306110723,27.84,20.39,24.93,False,in_sample
2019-12-25,7192,7325.755859375,30.01,51.1,51.0,12.79,38.09,28.4,18.006011056808028,27.0,19.35,24.62,False,in_sample
2019-12-26,7195,7274.79931640625,29.94,50.7,50.66,11.88,40.07,28.49,17.957091974254254,26.66,18.75,24.6,False,in_sample
2019-12-27,7238,7238.14111328125,30.25,50.28,50.71,12.34,42.21,28.79,18.19422581680226,26.7,18.41,24.86,False,in_sample
2019-12-28,7307,7289.03125,30.61,49.87,51.17,11.53,44.62,29.23,18.613630025654604,27.13,18.38,25.29,False,in_sample
2019-12-29,7392,7317.6474609375,30.9,49.48,51.89,12.11,43.88,29.76,19.14042069861395,27.79,18.6,25.81,False,in_sample
2019-12-30,7230,7420.27294921875,30.98,49.1,52.74,12.23,45.8,28.92,17.92593306451555,28.59,18.99,24.78,False,in_sample
2019-12-31,7168,7294.43896484375,30.89,48.7,51.18,16.22,45.06,28.63,17.410776683595515,27.11,19.47,24.38,False,in_sample
2020-01-01,7171,7194.89208984375,30.73,48.28,50.54,16.31,46.26,28.7,17.361943591197583,26.52,18.39,24.4,False,in_sample
2020-01-02,9382,7202.55126953125,40.82,42.01,67.21,27.99,52.9,40.77,31.173382650577558,43.38,29.21,36.0,False,in_sample
2020-01-03,8542,6984.4287109375,36.62,39.49,60.19,31.58,48.81,37.21,26.25896362751629,36.31,23.6,30.56,False,in_sample
2020-01-04,6644,7345.37548828125,24.19,35.02,41.85,25.73,34.06,27.69,13.206937605470618,18.45,8.28,18.46,False,in_sample
2020-01-05,8856,7410.45166015625,36.95,33.77,63.2,41.65,42.79,39.9,27.98553224562853,38.5,21.49,31.3,False,in_sample
2020-01-06,10200,7410.4521484375,35.87,33.49,67.03,31.61,19.32,45.78,35.2180318964351,39.27,24.4,37.1,False,in_sample
2020-01-07,9242,7768.68212890625,33.84,35.89,64.0,31.4,20.27,41.35,30.05217700254086,41.1,20.17,32.01,False,in_sample
2020-01-08,11798,8161.935546875,41.74,45.71,75.25,31.39,30.4,51.25,42.604399850501935,43.25,27.72,42.48,False,in_sample
2020-01-09,11971,8082.2958984375,43.63,53.23,74.58,29.82,35.24,51.03,43.28947748745153,51.07,28.48,42.08,False,in_sample
2020-01-10,10607,7878.3076171875,40.13,54.06,69.48,34.08,32.62,45.36,36.967633657001606,46.58,23.49,35.77,False,in_sample
2020-01-11,13737,8162.19091796875,48.54,57.36,80.36,39.19,37.29,55.4,50.269995013746126,57.53,32.98,46.41,False,in_sample
2020-01-12,18821,8033.26171875,61.76,62.25,90.1,51.8,59.98,66.77,66.48698233680086,77.02,45.93,58.16,False,in_sample
2020-01-13,8122,8189.77197265625,34.94,44.08,59.62,17.99,48.3,34.44,22.957556281531755,35.25,22.6,29.93,False,in_sample
2020-01-14,8831,8140.93310546875,36.04,43.95,59.24,17.45,47.9,37.85,27.21687919702252,34.87,23.3,33.66,False,in_sample
2020-01-15,8812,8825.34375,38.21,43.85,64.48,26.1,48.95,37.81,27.036299516083854,40.27,22.99,33.52,False,in_sample
2020-01-16,8719,8812.4814453125,38.81,43.73,64.24,27.17,51.47,37.41,26.41820528222673,40.05,26.82,33.0,False,in_sample
2020-01-17,8913,8725.2099609375,39.15,43.63,63.51,27.69,52.88,38.32,27.487653173187347,39.31,26.65,33.99,False,in_sample
2020-01-18,8929,8927.2119140625,39.16,43.54,64.83,27.39,51.01,38.42,27.511371546689862,40.71,26.1,34.06,False,in_sample
2020-01-19,8688,8941.4453125,38.81,43.41,64.91,27.86,50.02,37.35,26.026187255379263,40.8,27.05,32.81,False,in_sample
2020-01-20,8637,8704.6318359375,38.21,43.28,63.19,28.14,48.83,37.15,25.652205543223754,38.99,27.06,32.53,False,in_sample
2020-01-21,8731,8658.9912109375,38.3,43.15,62.81,28.0,50.59,37.62,26.143290297143995,38.6,25.72,33.01,False,in_sample
2020-01-22,8648,8744.2109375,37.92,43.02,63.49,24.56,51.03,37.26,25.579559126885094,39.3,25.38,32.56,False,in_sample
2020-01-23,8367,8680.650390625,37.23,42.88,62.86,23.66,51.14,35.95,23.799904760419686,38.65,25.82,31.02,False,in_sample
2020-01-24,8424,8405.5673828125,36.57,42.76,60.7,22.59,50.44,36.26,24.082039260504974,36.44,25.31,31.29,False,in_sample
2020-01-25,8345,8440.119140625,36.28,42.66,61.12,21.97,50.58,35.91,23.524646126447664,36.87,23.71,30.86,False,in_sample
2020-01-26,8574,8364.41015625,36.38,42.54,60.49,21.76,49.31,37.03,24.85741675477067,36.23,23.96,32.08,False,in_sample
2020-01-27,8902,8597.30859375,37.13,42.44,62.25,22.29,47.64,38.57,26.732877200246186,38.02,23.46,33.77,False,in_sample
2020-01-28,9298,8912.5244140625,38.35,42.34,64.58,22.33,47.04,40.35,28.91869526145373,40.45,24.66,35.72,False,in_sample
2020-01-29,9312,9357.470703125,39.59,42.23,67.16,23.64,49.83,40.43,28.927846340134604,43.22,26.34,35.73,False,in_sample
2020-01-30,9509,9316.0166015625,40.17,42.16,67.14,20.62,53.52,41.29,29.943906889426753,43.23,28.3,36.66,False,in_sample
2020-01-31,9358,9508.3134765625,40.43,42.08,68.27,22.59,53.73,40.66,29.045644621972645,44.5,28.3,35.89,False,in_sample
2020-02-01,6947,9346.357421875,29.6,47.86,50.58,14.17,43.24,27.49,13.534839883950312,26.55,17.94,22.95,False,in_sample
2020-02-02,9340,9389.8203125,40.53,41.93,67.34,28.38,51.28,40.59,28.808321556601165,43.53,28.39,35.76,False,in_sample
2020-02-03,8907,9344.68359375,36.99,39.36,59.89,31.89,48.13,38.94,26.278562031680003,36.0,22.64,32.42,False,in_sample
2020-02-04,6793,9292.841796875,25.63,34.93,44.8,29.06,35.43,28.61,12.160900402296607,20.97,8.21,19.47,False,in_sample
2020-02-05,8978,9183.416015625,37.54,33.8,64.56,42.41,43.44,40.47,26.552197234514217,39.95,20.83,31.92,False,in_sample
2020-02-06,9513,9617.8212890625,34.84,33.4,71.42,32.57,16.22,42.89,29.48511344873609,38.71,23.06,33.89,False,in_sample
2020-02-07,9095,9726.0029296875,33.62,36.25,64.65,29.38,22.1,40.67,27.085792176239394,40.77,19.91,31.27,False,in_sample
2020-02-08,11095,9793.0703125,41.44,46.04,77.22,31.78,31.12,48.66,37.327937352766355,44.76,28.52,39.64,False,in_sample
2020-02-09,11415,9863.89453125,43.44,53.31,75.77,31.23,36.88,49.02,38.73537097517937,51.67,28.35,39.87,False,in_sample
2020-02-10,10571,10115.5595703125,39.28,54.08,68.56,29.56,31.74,45.19,34.682238195625246,46.2,23.13,35.58,False,in_sample
2020-02-11,13596,9855.8916015625,48.31,57.51,80.02,40.4,34.93,54.92,47.673514051406265,57.66,33.65,45.86,False,in_sample
2020-02-12,19215,10202.3876953125,61.97,62.4,88.19,51.77,58.7,67.56,65.55943865715847,75.55,49.73,59.03,False,in_sample
2020-02-13,10236,10323.9609375,44.79,41.85,72.04,39.48,53.89,44.26,32.806750448452455,49.1,32.03,39.2,False,in_sample
2020-02-14,10362,10211.55078125,44.45,41.75,71.3,37.57,52.58,44.76,33.37365526715276,48.28,32.37,39.73,False,in_sample
2020-02-15,9912,10313.8564453125,43.59,41.61,71.92,35.9,51.84,42.98,31.000515083117858,49.0,31.74,37.69,False,in_sample
2020-02-16,9953,9889.1796875,42.65,41.48,69.41,32.34,51.44,43.15,31.146474061434493,46.15,32.25,37.86,False,in_sample
2020-02-17,9684,9936.560546875,42.25,41.33,69.62,33.15,52.59,42.06,29.655354737662986,46.38,30.11,36.6,False,in_sample
2020-02-18,10196,9691.23046875,42.45,41.23,68.02,30.36,53.74,44.16,32.262522791107315,44.6,30.24,38.92,False,in_sample
2020-02-19,9637,10143.798828125,42.56,41.11,70.84,34.99,53.08,41.9,29.265655871454083,47.81,28.9,36.31,False,in_sample
2020-02-20,9615,9629.3251953125,41.58,40.97,67.57,34.73,49.64,41.83,29.078409368474105,44.14,31.26,36.15,False,in_sample
2020-02-21,9702,9611.7822265625,41.53,40.84,67.44,36.72,49.23,42.21,29.477841223211783,43.99,28.56,36.55,False,in_sample
2020-02-22,9676,9687.70703125,41.66,40.71,67.95,36.74,49.93,42.11,29.269935511506816,44.56,28.4,36.41,False,in_sample
2020-02-23,9973,9663.318359375,42.3,40.58,67.78,36.49,52.16,43.35,30.772465544569013,44.36,28.78,37.78,False,in_sample
2020-02-24,9649,9921.5830078125,42.08,40.44,69.51,37.09,50.7,42.02,28.987735278969183,46.28,28.6,36.25,False,in_sample
2020-02-25,9345,9651.3125,41.14,40.28,67.56,36.92,49.71,40.73,27.25533272734736,44.11,29.96,34.73,False,in_sample
2020-02-26,8799,9338.2900390625,38.98,40.1,65.54,34.01,47.14,38.32,24.057149635166418,41.96,28.35,31.97,False,in_sample
2020-02-27,8780,8825.09375,37.58,39.96,61.78,32.02,46.3,38.25,23.87572039028929,37.98,26.8,31.86,False,in_sample
2020-02-28,8751,8788.728515625,37.01,39.81,61.67,30.31,46.64,38.14,23.63464372015108,37.85,23.94,31.69,False,in_sample
2020-02-29,8583,8671.212890625,36.64,39.64,61.46,30.51,46.53,37.38,22.557575982471953,37.63,23.79,30.79,False,in_sample
2020-03-01,7316,8599.7587890625,30.12,47.45,48.13,14.65,45.73,29.63,14.18200403191604,24.3,17.91,25.29,False,in_sample
2020-03-02,9280,8563.2646484375,40.42,41.87,67.07,28.86,51.48,40.34,26.480195484490437,43.22,28.44,35.28,False,in_sample
2020-03-03,8769,8865.3876953125,37.56,39.22,62.61,32.4,49.8,38.34,23.465247097333663,38.79,22.38,31.65,False,in_sample
2020-03-04,6752,8788.5419921875,25.82,34.86,46.61,28.93,33.36,28.37,9.797963637403932,22.57,9.7,19.19,False,in_sample
2020-03-05,8897,8760.28515625,38.14,33.86,65.36,42.66,47.1,40.12,24.0811330458351,40.8,21.87,31.5,False,in_sample
2020-03-06,9643,9078.30859375,35.38,33.33,67.35,34.49,15.45,43.45,28.202012007152298,41.13,26.71,34.49,False,in_sample
2020-03-07,9067,9121.6005859375,33.6,36.66,63.63,29.0,23.66,40.54,24.928233268295823,40.02,20.37,31.12,False,in_sample
2020-03-08,11237,8908.2060546875,42.35,46.39,73.96,31.93,31.97,49.17,36.02734642338787,51.45,30.36,40.17,False,in_sample
2020-03-09,10262,8111.146484375,41.15,53.38,73.19,31.66,32.67,44.53,31.235165067417626,50.75,29.49,34.97,False,in_sample
2020-03-10,10556,7922.14697265625,39.18,54.09,68.34,30.3,30.99,45.12,32.63759465370698,46.54,22.34,35.52,False,in_sample
2020-03-11,13997,7910.08984375,49.17,57.69,79.38,39.35,38.54,56.12,47.260011158430025,60.37,33.34,46.64,False,in_sample
2020-03-12,19471,7913.6162109375,61.97,62.56,88.81,52.54,63.67,68.03,64.3818629660144,69.67,47.55,59.56,False,in_sample
2020-03-13,5628,5017.8310546875,18.13,37.9,14.33,35.23,24.13,20.53,0.0,0.0,18.51,11.06,False,in_sample
2020-03-14,5146,5573.07763671875,17.04,37.7,28.4,37.37,18.75,16.91,0.0,7.28,0.0,6.94,False,in_sample
2020-03-15,5359,5201.06689453125,15.64,37.5,19.49,37.54,16.36,18.59,0.0,0.13,2.31,8.79,False,in_sample
2020-03-16,5013,5385.2294921875,15.34,37.28,23.9,37.72,13.91,15.91,0.0,3.65,0.0,5.72,False,in_sample
2020-03-17,5417,5002.578125,14.91,37.06,17.22,37.48,14.08,19.09,0.0,0.0,0.0,9.24,False,in_sample
2020-03-18,5393,5227.11376953125,16.13,36.86,25.59,38.16,11.59,18.93,0.0,5.01,0.0,9.03,False,in_sample
2020-03-19,6204,5245.41650390625,17.73,36.68,25.2,33.48,13.19,24.66,4.327852401452546,4.7,0.48,15.42,False,in_sample
2020-03-20,6175,6191.65380859375,20.24,36.52,38.48,32.78,13.34,24.5,4.012567271040494,15.6,0.26,15.2,False,in_sample
2020-03-21,6176,6206.521484375,21.45,36.37,38.2,32.55,18.56,24.53,3.949898351322216,15.35,6.84,15.21,False,in_sample
2020-03-22,5831,6185.55810546875,20.56,36.21,38.23,31.01,20.18,22.22,0.8821243085573307,15.37,6.59,12.58,False,in_sample
2020-03-23,6487,5831.37451171875,21.12,36.1,32.97,30.5,21.31,26.58,6.369196108347283,10.99,6.58,17.44,False,in_sample
2020-03-24,6776,6436.642578125,23.62,36.01,42.47,30.25,23.6,28.38,8.57118089174476,18.99,3.85,19.42,False,in_sample
2020-03-25,6690,6738.716796875,24.46,35.9,45.96,30.87,20.83,27.88,7.834522806182642,22.06,8.84,18.82,False,in_sample
2020-03-26,6755,6675.1708984375,25.38,35.78,44.95,32.11,26.73,28.29,8.268209344439246,21.17,10.86,19.25,False,in_sample
2020-03-27,6491,6719.38916015625,24.98,35.65,45.71,31.48,28.46,26.68,6.118142143546929,21.84,10.24,17.42,False,in_sample
2020-03-28,6232,6467.25390625,23.89,35.49,42.44,28.37,33.08,25.04,3.9231024727255073,18.98,10.66,15.56,False,in_sample
2020-03-29,5905,6245.62451171875,21.75,35.33,38.96,27.71,30.19,22.85,1.0399955385099882,15.99,8.75,13.1,False,in_sample
2020-03-30,6437,5925.53857421875,21.72,35.22,34.14,27.89,29.25,26.38,5.469860505046489,11.96,6.81,17.03,False,in_sample
2020-03-31,6433,6430.6064453125,23.23,35.11,41.87,27.17,32.13,26.36,5.366586835385686,18.47,4.24,17.0,False,in_sample
2020-04-01,7344,6437.3193359375,30.84,47.05,52.08,15.15,45.51,29.85,12.208219042137584,27.94,16.38,25.45,False,in_sample
2020-04-02,9162,6606.7763671875,40.18,41.82,66.64,32.02,49.07,39.83,23.683419513232852,42.77,28.16,34.68,False,in_sample
2020-04-03,8757,6797.396484375,37.1,39.09,61.57,29.36,49.23,38.31,21.25450751105277,37.73,24.29,31.57,False,in_sample
2020-04-04,6860,6738.3828125,26.12,34.79,46.12,28.69,34.2,29.02,8.43862317999398,22.13,10.72,19.92,False,in_sample
2020-04-05,8882,6862.53759765625,38.25,33.84,64.76,42.83,48.8,40.07,21.856647714643664,40.17,22.45,31.41,False,in_sample
2020-04-06,9814,6788.0498046875,35.77,33.28,68.12,34.4,16.72,44.17,26.998670676992926,43.88,23.33,35.27,False,in_sample
2020-04-07,9127,7273.64404296875,33.05,37.06,63.43,25.61,23.13,40.8,23.140036377280925,38.85,19.55,31.41,False,in_sample
2020-04-08,11203,7179.283203125,42.16,46.76,74.47,33.32,32.16,49.03,33.776462665984944,50.73,27.33,40.0,False,in_sample
2020-04-09,10472,7337.96630859375,40.4,53.46,67.09,33.5,28.71,45.37,30.1839902207987,51.9,27.15,35.85,False,in_sample
2020-04-10,10666,7303.8154296875,39.7,54.12,68.25,29.97,34.88,45.54,31.07515160083864,46.62,22.12,35.98,False,in_sample
2020-04-11,14130,6867.4404296875,50.08,57.87,80.06,43.8,42.77,56.48,45.702802900509894,58.45,32.78,47.03,False,in_sample
2020-04-12,18733,6858.06787109375,61.34,62.69,89.17,52.0,62.73,66.3,60.37290549400181,69.5,48.55,57.67,False,in_sample
2020-04-13,6864,6965.61669921875,27.36,34.27,48.89,30.89,38.71,29.12,7.835228003319225,24.57,10.95,19.88,False,in_sample
2020-04-14,6876,6843.28173828125,27.28,34.19,47.59,31.07,39.48,29.21,7.856117107611362,23.4,11.56,19.96,False,in_sample
2020-04-15,6626,6845.5615234375,26.59,34.1,47.73,29.9,40.16,27.71,5.849615474722032,23.53,10.73,18.26,False,in_sample
2020-04-16,7128,6640.4541015625,26.82,34.04,44.76,28.9,39.13,30.72,9.597156524885863,20.9,10.77,21.59,False,in_sample
2020-04-17,7082,7116.552734375,27.2,33.98,50.56,27.9,35.36,30.47,9.188444682367141,26.07,8.97,21.28,False,in_sample
2020-04-18,7263,7092.29150390625,27.88,33.93,50.05,27.98,35.71,31.52,10.437968919147007,25.61,12.38,22.44,False,in_sample
2020-04-19,7151,7260.92236328125,27.96,33.88,51.96,27.71,35.54,30.9,9.555117354349743,27.36,12.02,21.72,False,in_sample
2020-04-20,6854,7186.87353515625,27.57,33.82,50.77,28.03,38.57,29.18,7.266128181049801,26.27,13.17,19.78,False,in_sample
2020-04-21,6871,6879.7841796875,26.02,33.76,47.49,22.68,36.84,29.31,7.325314218960412,23.31,12.38,19.89,False,in_sample
2020-04-22,7124,6879.4404296875,26.21,33.74,47.71,23.51,34.54,30.81,9.146757787076092,23.5,10.33,21.53,False,in_sample
2020-04-23,7489,7121.30615234375,27.53,33.72,50.53,23.96,33.97,32.88,11.691047112899536,26.04,10.4,23.8,False,in_sample
2020-04-24,7507,7434.181640625,28.72,33.71,54.21,24.83,34.76,33.0,11.746812265688849,29.45,12.07,23.9,False,in_sample
2020-04-25,7538,7550.48291015625,29.58,33.72,54.33,28.11,36.15,33.19,11.892645848755807,29.57,14.38,24.08,False,in_sample
2020-04-26,7685,7570.13916015625,29.9,33.69,54.62,28.08,35.98,34.0,12.833751686734885,29.84,14.44,24.95,False,in_sample
2020-04-27,7778,7679.4189453125,30.43,33.66,55.99,28.28,36.18,34.51,13.393750968257889,31.14,14.59,25.49,False,in_sample
2020-04-28,7770,7796.97021484375,31.42,33.63,56.7,32.84,38.47,34.5,13.27025024037249,31.86,15.44,25.44,False,in_sample
2020-04-29,8762,7806.71240234375,33.53,33.71,56.61,32.58,41.26,39.44,19.49201238470419,31.77,15.96,30.86,False,in_sample
2020-04-30,8653,8797.669921875,35.86,33.74,64.17,39.26,42.18,38.93,18.767576909061525,39.44,15.86,30.26,False,in_sample
2020-05-01,7346,8672.7822265625,31.49,46.66,52.37,15.62,48.4,29.94,10.122498329441603,28.21,18.73,25.46,False,in_sample
2020-05-02,9629,8869.0576171875,41.02,41.79,65.84,33.23,51.0,41.82,24.22757100195439,41.91,27.8,36.91,False,in_sample
2020-05-03,9063,8983.6142578125,38.25,39.0,61.64,34.48,50.74,39.72,20.985796493405772,37.73,23.52,33.11,False,in_sample
2020-05-04,6791,8895.7451171875,26.39,34.74,47.4,28.49,36.18,28.62,5.7968880341644775,23.27,10.39,19.46,False,in_sample
2020-05-05,8986,8912.83203125,38.42,33.83,64.6,42.78,49.75,40.56,20.401357066066065,40.02,21.96,31.93,False,in_sample
2020-05-06,9642,9007.44140625,36.15,33.26,69.1,34.42,21.92,43.43,24.02500692031355,42.92,23.92,34.45,False,in_sample
2020-05-07,9080,9261.8955078125,33.09,37.47,63.84,25.25,23.14,40.58,20.809291041380344,39.62,19.35,31.18,False,in_sample
2020-05-08,11722,9936.162109375,42.78,47.1,74.26,31.83,31.75,50.89,34.1271846349909,51.64,27.89,42.02,False,in_sample
2020-05-09,10129,9840.90625,39.27,53.49,68.31,34.14,26.66,43.95,26.40313023501687,51.67,21.96,34.31,False,in_sample
2020-05-10,10773,9591.1689453125,39.92,54.14,68.86,29.64,35.68,45.94,29.566791911532498,46.41,22.01,36.42,False,in_sample
2020-05-11,15607,8755.53515625,52.94,58.09,80.37,44.47,51.74,60.65,48.93508822994417,59.24,34.15,51.51,False,in_sample
2020-05-12,19115,8610.3857421875,61.98,62.82,87.52,52.46,64.1,67.07,59.50206312446561,71.75,49.18,58.57,False,in_sample
2020-05-13,9323,8805.3876953125,35.56,34.05,63.43,42.27,20.71,42.12,21.782461538994845,42.65,19.78,33.34,False,in_sample
2020-05-14,9802,9271.3291015625,35.89,34.13,66.81,41.17,8.98,44.18,24.341913478367356,47.26,20.96,35.61,False,in_sample
2020-05-15,9327,9734.291015625,35.33,34.2,69.68,39.71,7.55,42.14,21.667992015801264,46.29,23.54,33.32,False,in_sample
2020-05-16,9396,9333.240234375,35.17,34.26,66.71,38.85,8.58,42.44,21.986205677294077,44.4,25.86,33.64,False,in_sample
2020-05-17,9683,9374.9296875,34.44,34.31,67.13,38.17,6.78,43.68,23.496474601268712,38.21,23.44,35.0,False,in_sample
2020-05-18,9727,9675.6953125,34.66,34.3,68.89,37.49,7.83,43.87,23.66614077761798,37.29,23.73,35.19,False,in_sample
2020-05-19,9755,9727.0634765625,35.03,34.29,69.05,38.04,7.08,43.98,23.74878078913582,39.01,25.09,35.31,False,in_sample
2020-05-20,9516,9725.3291015625,35.21,34.24,69.14,37.63,8.7,42.96,22.378594830683166,42.61,25.25,34.16,False,in_sample
2020-05-21,9069,9522.740234375,34.53,34.18,67.65,37.01,8.06,40.99,19.784616988962753,45.77,25.32,31.94,False,in_sample
2020-05-22,9162,9080.3349609375,33.59,34.13,64.71,36.07,6.65,41.4,20.251616477157878,42.53,24.08,32.39,False,in_sample
2020-05-23,9184,9185.0625,33.35,34.08,65.35,34.97,6.7,41.5,20.308974942855894,42.99,21.74,32.49,False,in_sample
2020-05-24,8807,9212.283203125,32.69,34.0,65.48,34.53,4.49,39.77,18.039312763680783,44.91,22.17,30.57,False,in_sample
2020-05-25,8910,8786.107421875,32.73,33.95,62.83,34.34,5.93,40.24,18.581160627065803,45.12,22.23,31.09,False,in_sample
2020-05-26,8836,8909.5859375,32.31,33.85,63.61,32.92,6.05,39.9,18.074376598795364,45.24,20.18,30.7,False,in_sample
2020-05-27,9170,8837.380859375,32.93,33.77,63.08,32.01,9.36,41.42,19.954640483533048,43.61,20.68,32.38,False,in_sample
2020-05-28,9569,9184.9453125,33.48,33.71,65.39,30.81,11.23,43.17,22.123700615824106,40.46,20.23,34.3,False,in_sample
2020-05-29,9433,9528.35546875,34.03,33.64,67.94,31.49,12.66,42.57,21.303284771627116,41.12,21.94,33.63,False,in_sample
2020-05-30,9692,9438.9140625,34.94,33.58,67.06,32.19,15.4,43.68,22.65827968191236,41.26,23.91,34.86,False,in_sample
2020-05-31,9434,9700.10546875,34.39,33.52,68.65,31.04,17.29,42.57,21.172107373762852,38.47,23.17,33.61,False,in_sample
2020-06-01,7766,9463.60546875,31.96,46.29,52.39,15.14,45.92,32.25,10.877213484242395,28.23,18.85,27.98,False,in_sample
2020-06-02,9740,10162.9736328125,41.6,41.78,68.75,32.39,50.28,42.28,22.713359384680746,45.08,27.14,37.36,False,in_sample
2020-06-03,9148,9533.7607421875,39.02,38.92,63.84,35.16,51.48,40.12,19.348546263751523,40.02,23.41,33.52,False,in_sample
2020-06-04,7299,9655.8544921875,27.43,34.75,46.57,28.42,36.85,31.56,7.407722129041683,22.54,11.1,22.74,False,in_sample
2020-06-05,9267,9800.2158203125,38.93,33.84,65.27,42.83,49.0,41.83,19.891084207526514,40.74,21.82,33.29,False,in_sample
2020-06-06,9669,9664.904296875,36.99,33.26,68.04,34.93,27.19,43.54,22.05591997046753,44.66,24.7,34.56,False,in_sample
2020-06-07,9339,9653.0029296875,33.4,37.86,63.51,23.83,22.86,41.74,20.16123105548287,40.16,19.61,32.45,False,in_sample
2020-06-08,11770,9760.0634765625,43.24,47.44,76.5,32.8,32.0,51.04,32.26288936831539,51.68,27.69,42.16,False,in_sample
2020-06-09,10254,9774.3603515625,39.56,53.52,66.31,32.67,29.09,44.45,24.94175515727224,52.79,22.91,34.85,False,in_sample
2020-06-10,10597,9794.119140625,39.78,54.15,69.42,31.24,33.5,45.22,26.605131432212836,47.03,22.47,35.65,False,in_sample
2020-06-11,15619,9870.078125,54.18,58.31,84.54,47.26,54.85,60.63,46.95037743635091,59.76,34.56,51.47,False,in_sample
2020-06-12,19357,9320.6904296875,61.93,62.95,88.29,52.38,61.75,67.51,58.17724645951444,73.21,47.27,59.11,False,in_sample
2020-06-13,9462,9480.7353515625,35.19,33.56,66.64,29.68,24.39,42.56,20.439475702222943,44.22,21.62,33.45,False,in_sample
2020-06-14,9343,9477.5537109375,34.98,33.57,66.67,29.33,23.28,42.03,19.70492371033956,44.72,22.48,32.86,False,in_sample
2020-06-15,9442,9386.03515625,34.78,33.61,65.88,29.35,20.8,42.45,20.191441045873816,44.79,22.45,33.33,False,in_sample
2020-06-16,9521,9454.2666015625,34.74,33.71,66.5,28.53,20.16,42.78,20.56181415110664,44.82,21.79,33.69,False,in_sample
2020-06-17,9449,9533.7841796875,34.35,33.85,66.98,27.26,17.24,42.46,20.09381170337168,45.5,22.24,33.33,False,in_sample
2020-06-18,9390,9481.5673828125,33.38,33.96,66.5,25.45,15.5,42.19,19.695623084521653,41.34,22.58,33.01,False,in_sample
2020-06-19,9286,9410.2939453125,33.45,34.07,65.97,28.3,14.49,41.72,19.040656312513153,42.57,22.16,32.49,False,in_sample
2020-06-20,9358,9290.9599609375,33.52,34.2,65.28,29.01,14.32,42.02,19.37909409391509,42.59,21.81,32.83,False,in_sample
2020-06-21,9285,9330.9267578125,33.5,34.3,65.74,28.28,16.82,41.69,18.898144676546806,41.75,21.22,32.47,False,in_sample
2020-06-22,9685,9300.9150390625,34.24,34.46,65.24,28.07,17.55,43.41,21.052038977205715,42.41,21.53,34.37,False,in_sample
2020-06-23,9612,9644.076171875,34.73,34.62,67.77,28.08,20.23,43.08,20.585194301175854,42.93,21.1,34.0,False,in_sample
2020-06-24,9293,9632.1494140625,34.39,34.72,67.28,29.25,19.62,41.67,18.738291099795813,42.42,23.06,32.41,False,in_sample
2020-06-25,9248,9314.126953125,34.12,34.79,65.23,31.31,18.84,41.45,18.414041252242423,41.9,22.65,32.17,False,in_sample
2020-06-26,9160,9260.9951171875,33.5,34.88,64.93,29.79,18.79,41.04,17.841613087729055,41.15,20.98,31.7,False,in_sample
2020-06-27,9003,9167.82421875,33.25,35.03,64.16,30.78,18.33,40.31,16.861699343698316,41.64,20.69,30.89,False,in_sample
2020-06-28,9109,9048.4609375,33.25,35.18,63.05,30.51,19.16,40.78,17.4102629657122,41.11,20.19,31.41,False,in_sample
2020-06-29,9185,9140.029296875,33.52,35.35,63.8,30.85,17.47,41.12,17.779880112409728,43.84,19.31,31.77,False,in_sample
2020-06-30,9144,9185.5810546875,33.63,35.47,64.31,30.57,18.78,40.92,17.475479875760033,43.31,19.82,31.54,False,in_sample
2020-07-01,8137,9145.9853515625,33.47,45.95,56.37,13.03,48.05,34.19,11.253059848194507,32.03,18.81,30.08,False,in_sample
2020-07-02,9801,9231.1396484375,42.62,41.78,69.25,35.93,51.96,42.52,20.998621696923244,45.7,29.39,37.47,False,in_sample
2020-07-03,8899,9124.8427734375,38.62,38.81,64.39,33.47,50.72,39.01,15.83722508616404,40.6,24.97,32.26,False,in_sample
2020-07-04,7188,9084.2333984375,28.61,34.7,52.08,29.56,38.53,30.95,4.502541630864341,27.52,10.58,22.03,False,in_sample
2020-07-05,9994,9126.0908203125,40.32,33.88,67.02,40.5,49.64,44.94,21.823448860477555,42.65,22.31,36.67,False,in_sample
2020-07-06,9748,9072.849609375,36.85,33.3,68.18,34.49,27.9,43.87,20.44023667359366,42.89,23.8,34.92,False,in_sample
2020-07-07,9253,9349.1611328125,33.52,38.23,65.26,23.98,23.59,41.34,17.621547139214382,39.84,19.32,32.0,False,in_sample
2020-07-08,11599,9253.0205078125,43.83,47.76,76.5,35.41,33.36,50.4,29.481329916310038,52.75,29.81,41.44,False,in_sample
2020-07-09,10368,9427.994140625,40.03,53.55,67.06,32.56,33.03,44.89,23.491277631410096,52.6,21.26,35.34,False,in_sample
2020-07-10,10668,9273.357421875,39.47,54.16,68.43,29.28,32.87,45.48,24.92962713647992,46.58,22.9,35.92,False,in_sample
2020-07-11,14867,9277.51171875,54.13,58.49,84.37,48.55,54.33,58.48,42.38772510176621,60.63,39.36,49.13,False,in_sample
2020-07-12,19183,9241.0546875,62.54,63.08,88.74,52.17,62.74,67.03,55.78266542473121,77.82,48.24,58.61,False,in_sample
2020-07-13,9237,9277.205078125,33.44,39.93,64.78,22.42,22.17,41.19,17.1197695029551,41.16,19.82,31.83,False,in_sample
2020-07-14,9261,9238.703125,33.16,40.17,64.42,21.31,21.09,41.28,17.18844098487332,40.52,20.03,31.91,False,in_sample
2020-07-15,9197,9241.8974609375,33.05,40.41,64.54,21.57,19.56,40.99,16.753707894273095,41.75,19.7,31.56,False,in_sample
2020-07-16,9133,9191.98046875,32.62,40.68,64.07,21.58,18.3,40.69,16.316333606450044,40.28,19.77,31.23,False,in_sample
2020-07-17,9157,9131.8125,32.23,40.98,63.62,21.04,15.18,40.79,16.38654939238287,40.66,19.39,31.34,False,in_sample
2020-07-18,9176,9151.18359375,32.13,41.31,63.78,21.06,14.32,40.88,16.427647714229654,40.3,19.0,31.43,False,in_sample
2020-07-19,9219,9158.005859375,32.22,41.61,63.91,20.78,13.99,41.07,16.606321100701447,40.66,19.08,31.63,False,in_sample
2020-07-20,9168,9187.220703125,32.52,41.92,64.19,21.23,16.83,40.83,16.2446901963122,40.27,19.13,31.37,False,in_sample
2020-07-21,9389,9162.5146484375,32.73,42.22,63.83,19.88,16.7,41.82,17.435506096808677,40.41,19.3,32.44,False,in_sample
2020-07-22,9532,9375.080078125,33.32,42.53,65.31,20.18,18.75,42.44,18.1664256731093,39.92,18.97,33.09,False,in_sample
2020-07-23,9610,9527.1416015625,33.71,42.84,66.2,20.64,19.01,42.78,18.529178466464952,39.44,20.07,33.44,False,in_sample
2020-07-24,9549,9585.5146484375,34.27,43.14,66.66,20.85,23.21,42.52,18.12428989679517,39.61,20.74,33.14,False,in_sample
2020-07-25,9703,9539.4853515625,34.58,43.44,66.24,21.05,23.36,43.18,18.902294521586978,39.74,21.07,33.85,False,in_sample
2020-07-26,9934,9680.234375,35.47,43.71,67.18,21.9,26.24,44.16,20.078776737328578,40.03,20.71,34.91,False,in_sample
2020-07-27,11047,9905.2177734375,37.52,44.05,68.56,22.99,27.37,48.58,25.628874887811303,39.65,21.42,39.7,False,in_sample
2020-07-28,10945,11017.4638671875,39.09,44.36,74.32,27.5,29.62,48.18,25.070814161784,41.21,22.5,39.2,False,in_sample
2020-07-29,11116,10912.953125,40.31,44.65,73.66,30.12,30.42,48.82,25.823815120538097,42.17,27.54,39.88,False,in_sample
2020-07-30,11136,11099.8330078125,40.4,44.99,74.39,31.0,29.13,48.87,25.851717041007387,42.67,27.02,39.92,False,in_sample
2020-07-31,11339,11110.2109375,40.94,45.34,74.39,31.5,30.57,49.61,26.74062971499752,42.22,27.7,40.69,False,in_sample
2020-08-01,8060,11322.5703125,34.24,45.59,59.53,13.53,47.33,33.87,8.605602262469112,35.13,21.34,29.64,False,in_sample
2020-08-02,9912,11758.7646484375,43.0,41.77,69.39,38.74,50.33,42.97,19.485985859517893,45.94,29.86,37.95,False,in_sample
2020-08-03,8110,11043.7685546875,36.51,38.69,62.64,32.41,48.54,35.26,8.79465078511447,38.76,25.36,28.02,False,in_sample
2020-08-04,7373,11246.203125,28.94,34.67,50.95,29.81,36.82,31.98,3.68063434183487,26.48,13.94,23.18,False,in_sample
2020-08-05,9860,11203.8232421875,41.16,33.92,71.08,40.68,48.85,44.39,19.00366977092216,47.25,23.7,36.0,False,in_sample
2020-08-06,9770,11749.87109375,37.26,33.29,68.65,33.79,26.63,43.96,18.45005913796186,47.8,23.88,34.98,False,in_sample
2020-08-07,9435,11778.89453125,33.73,38.54,64.66,22.12,23.14,42.14,16.53391914534139,40.53,20.61,32.85,False,in_sample
2020-08-08,11744,11604.5537109375,44.56,48.09,75.59,36.84,34.96,50.88,28.06304124705528,55.18,29.95,41.98,False,in_sample
2020-08-09,10109,11737.3251953125,39.92,53.55,67.75,30.78,34.56,43.81,20.053265794348345,54.1,21.81,34.17,False,in_sample
2020-08-10,10903,11662.2568359375,39.78,54.18,68.79,28.23,35.38,46.38,23.992031022300626,45.54,22.05,36.89,False,in_sample
2020-08-11,15501,11881.6474609375,54.31,58.69,82.1,48.25,53.27,60.21,42.57171613140882,60.22,39.34,51.0,False,in_sample
2020-08-12,18341,11404.5966796875,61.39,63.2,88.27,51.54,62.07,65.03,51.423098785717194,74.89,48.83,56.44,False,in_sample
2020-08-13,11774,11588.4052734375,44.59,49.67,75.09,37.89,35.79,50.84,27.863955541174068,54.56,28.11,41.92,False,in_sample
2020-08-14,11775,11772.6591796875,44.49,49.94,75.91,34.48,37.62,50.82,27.801616641497706,53.51,28.83,41.89,False,in_sample
2020-08-15,11867,11768.697265625,44.65,50.21,75.83,33.01,37.98,51.11,28.14741518533324,54.21,29.6,42.22,False,in_sample
2020-08-16,11900,11866.685546875,44.55,50.48,76.19,30.9,38.73,51.2,28.227875863219694,53.81,29.55,42.33,False,in_sample
2020-08-17,12316,11895.658203125,44.84,50.78,76.29,30.99,35.05,52.6,29.983309444077307,54.77,29.87,43.83,False,in_sample
2020-08-18,11993,12251.8955078125,44.3,51.0,77.87,32.07,33.63,51.46,28.507223767252142,52.07,29.96,42.59,False,in_sample
2020-08-19,11737,11990.884765625,43.99,51.21,76.46,32.52,32.03,50.53,27.2959887256642,53.04,31.56,41.58,False,in_sample
2020-08-20,11868,11761.5,44.19,51.41,75.31,32.29,33.94,50.96,27.817965986114956,54.06,30.23,42.06,False,in_sample
2020-08-21,11525,11878.0263671875,43.84,51.57,75.84,32.74,34.97,49.71,26.19521057406799,53.99,29.14,40.67,False,in_sample
2020-08-22,11683,11585.4775390625,43.92,51.75,74.23,32.4,34.75,50.25,26.85076068817793,54.43,29.63,41.27,False,in_sample
2020-08-23,11666,11679.6962890625,43.8,51.93,74.93,31.16,35.69,50.16,26.706615705774173,54.56,28.16,41.19,False,in_sample
2020-08-24,11772,11663.689453125,44.19,52.11,74.84,31.01,35.5,50.51,27.119809147431724,56.61,28.77,41.58,False,in_sample
2020-08-25,11359,11773.5888671875,43.29,52.24,75.26,30.4,34.23,48.99,25.157300640860996,54.87,28.66,39.92,False,in_sample
2020-08-26,11473,11366.89453125,42.73,52.31,73.31,28.75,32.51,49.38,25.62039317037637,53.45,29.05,40.34,False,in_sample
2020-08-27,11315,11485.6083984375,42.13,52.4,73.82,28.54,29.78,48.78,24.81717336915172,54.11,27.28,39.69,False,in_sample
2020-08-28,11528,11325.2958984375,42.47,52.52,73.04,27.33,33.79,49.54,25.740393523556243,52.17,27.72,40.5,False,in_sample
2020-08-29,11491,11541.0546875,42.62,52.7,74.0,27.45,34.33,49.39,25.5027363314128,53.01,27.01,40.33,False,in_sample
2020-08-30,11699,11508.7138671875,43.13,52.9,73.82,28.57,34.7,50.12,26.388558778273058,52.88,27.86,41.13,False,in_sample
2020-08-31,11679,11713.306640625,43.21,53.07,74.75,29.22,33.71,50.02,26.230831280834316,53.41,27.66,41.01,False,in_sample
2020-09-01,7818,11679.31640625,34.3,45.23,58.86,15.47,49.58,32.7,4.842068347053285,34.47,23.44,28.23,False,in_sample
2020-09-02,10152,11964.8232421875,43.93,41.76,69.95,40.19,52.71,43.94,18.65249105910074,46.6,30.09,39.01,False,in_sample
2020-09-03,7897,11407.19140625,34.17,38.55,56.39,31.74,45.81,34.19,5.237665496472474,32.46,24.02,26.77,False,in_sample
2020-09-04,7300,10230.365234375,28.96,34.62,52.81,25.84,39.56,31.58,0.9909785214067648,28.21,13.18,22.72,False,in_sample
2020-09-05,9578,10512.5302734375,40.89,33.96,70.16,41.98,47.44,43.2,15.356031119891991,46.28,27.21,34.64,False,in_sample
2020-09-06,9780,10167.216796875,36.37,33.36,68.68,32.67,23.77,43.98,16.397338668194866,43.29,24.21,35.01,False,in_sample
2020-09-07,9232,10280.998046875,33.53,38.83,65.8,22.58,24.05,41.22,13.263962075999498,39.45,20.11,31.85,False,in_sample
2020-09-08,11681,10369.306640625,44.17,48.44,76.12,37.95,34.95,50.63,25.7051855851718,51.24,29.19,41.71,False,in_sample
2020-09-09,10224,10134.1513671875,39.4,53.59,66.21,28.85,34.53,44.26,18.554343879809547,50.99,22.31,34.67,False,in_sample
2020-09-10,11075,10242.330078125,40.35,54.24,70.03,27.85,37.49,47.02,22.738493638950388,45.28,22.33,37.57,False,in_sample
2020-09-11,15320,10369.0283203125,54.38,58.87,83.8,49.27,55.95,59.66,39.92831860394357,59.44,36.88,50.4,False,in_sample
2020-09-12,18575,10409.861328125,61.22,63.32,86.34,50.04,61.74,65.48,50.11090245559877,75.99,48.37,56.96,False,in_sample
2020-09-13,10323,10452.3994140625,38.51,53.75,68.17,24.72,34.72,44.59,18.796385325917004,43.92,22.23,35.04,False,in_sample
2020-09-14,10663,10328.734375,39.44,53.82,67.5,24.28,38.96,45.94,20.452891234909114,44.66,22.42,36.5,False,in_sample
2020-09-15,10780,10677.7548828125,39.53,53.87,69.41,24.77,38.23,46.37,20.96617607016172,42.96,21.84,36.97,False,in_sample
2020-09-16,10969,10797.76171875,40.27,53.91,70.0,25.95,38.58,47.08,21.823788594401268,43.71,23.36,37.72,False,in_sample
2020-09-17,10937,10973.251953125,40.56,53.94,70.93,26.25,39.24,46.93,21.601090789245834,44.42,23.84,37.56,False,in_sample
2020-09-18,10921,10951.8203125,40.83,53.96,70.73,26.83,40.4,46.85,21.45594381200691,44.75,24.64,37.46,False,in_sample
2020-09-19,11074,10933.7529296875,40.96,54.0,70.6,26.63,40.03,47.41,22.129342891297384,45.06,24.45,38.07,False,in_sample
2020-09-20,10922,11095.8701171875,40.5,53.97,71.35,27.95,36.63,46.81,21.326365285273287,44.31,24.33,37.4,False,in_sample
2020-09-21,10456,10934.92578125,39.81,53.98,70.53,28.34,34.07,44.95,18.93740324062222,46.45,24.96,35.39,False,in_sample
2020-09-22,10520,10459.6240234375,39.25,53.98,67.98,28.14,31.16,45.19,19.194876269732017,47.13,24.24,35.65,False,in_sample
2020-09-23,10234,10535.4921875,38.61,53.97,68.29,27.86,30.24,44.01,17.65945168661526,48.21,22.08,34.37,False,in_sample
2020-09-24,10740,10248.7861328125,39.06,53.99,66.64,27.55,29.85,46.03,20.162408406084893,47.98,22.33,36.53,False,in_sample
2020-09-25,10684,10761.109375,40.14,54.0,69.5,32.16,34.34,45.79,19.816595292668627,47.84,20.95,36.26,False,in_sample
2020-09-26,10743,10695.5751953125,40.74,54.01,69.16,32.46,35.99,46.0,20.042652113460175,48.71,23.25,36.49,False,in_sample
2020-09-27,10759,10746.892578125,40.75,54.01,69.46,31.67,37.68,46.04,20.05463789020607,47.77,22.96,36.55,False,in_sample
2020-09-28,10728,10776.61328125,40.0,54.02,69.54,32.02,33.63,45.9,19.833567919434632,44.87,23.18,36.4,False,in_sample
2020-09-29,10842,10709.650390625,40.04,54.01,69.35,31.72,32.88,46.32,20.329611865210538,45.24,23.21,36.82,False,in_sample
2020-09-30,10773,10843.87109375,39.97,54.05,69.87,33.01,33.35,46.04,19.922050862841978,43.39,23.02,36.49,False,in_sample
2020-10-01,8130,10795.2548828125,34.22,44.91,56.71,17.16,47.07,34.33,4.849258265372718,32.38,22.94,29.99,False,in_sample
2020-10-02,9873,10619.8212890625,43.7,41.75,71.24,40.65,50.82,42.81,15.136306249891145,48.07,30.55,37.65,False,in_sample
2020-10-03,7910,10575.1005859375,32.9,38.42,54.61,32.54,41.43,34.28,3.2484315059306943,30.68,19.62,26.82,False,in_sample
2020-10-04,6860,10550.4404296875,27.98,34.54,52.05,26.93,38.38,29.05,0.0,27.51,14.33,19.85,False,in_sample
2020-10-05,8716,10676.529296875,39.06,33.97,68.44,42.44,47.53,39.33,8.28514947401134,44.39,26.5,30.32,False,in_sample
2020-10-06,9889,10796.306640625,36.5,33.47,68.7,30.7,24.5,44.43,14.95138959630544,44.13,24.26,35.49,False,in_sample
2020-10-07,9286,10603.35546875,33.58,39.13,64.41,22.55,24.2,41.45,11.52730694055377,39.23,20.99,32.1,False,in_sample
2020-10-08,11871,10669.37109375,44.4,48.8,75.78,37.9,33.82,51.27,24.561923229136454,51.92,29.73,42.42,False,in_sample
2020-10-09,10335,10927.9130859375,38.47,53.62,66.92,28.15,33.03,44.7,17.101782850937198,43.99,21.04,35.14,False,in_sample
2020-10-10,11303,11059.142578125,40.97,54.34,70.87,28.8,37.61,47.86,21.81209753330158,45.18,23.35,38.49,False,in_sample
2020-10-11,15320,11296.08203125,54.76,59.05,83.15,49.42,56.55,59.61,37.9747210360267,60.81,38.87,50.35,False,in_sample
2020-10-12,18295,11392.6357421875,60.38,63.44,86.76,48.75,58.74,64.74,47.38238876603419,76.64,46.15,56.17,False,in_sample
2020-10-13,11435,11548.7197265625,41.79,54.59,73.11,27.82,40.06,48.27,22.231001573897288,45.37,25.28,38.96,False,in_sample
2020-10-14,11418,11429.0478515625,42.05,54.69,72.51,28.89,41.12,48.18,22.084676069871918,45.78,25.95,38.85,False,in_sample
2020-10-15,11503,11426.6025390625,42.26,54.8,72.37,28.84,41.31,48.47,22.413800085956527,47.19,25.42,39.16,False,in_sample
2020-10-16,11339,11502.828125,42.16,54.91,72.73,29.79,40.17,47.84,21.58010849667357,48.17,25.3,38.49,False,in_sample
2020-10-17,11363,11322.123046875,42.3,55.02,71.9,29.2,40.96,47.9,21.6260910460041,49.48,25.63,38.58,False,in_sample
2020-10-18,11490,11355.982421875,42.02,55.12,72.01,28.92,37.44,48.34,22.152844933545456,49.88,24.88,39.07,False,in_sample
2020-10-19,11746,11495.0380859375,42.21,55.24,72.61,28.78,34.71,49.25,23.26314561199501,50.79,24.94,39.99,False,in_sample
2020-10-20,11930,11745.974609375,42.76,55.37,73.67,31.3,34.19,49.88,24.02686575595579,50.1,25.42,40.66,False,in_sample
2020-10-21,12849,11913.0771484375,44.45,55.54,74.41,31.74,37.23,52.99,27.92548933575734,49.95,26.44,44.02,False,in_sample
2020-10-22,12998,12801.6357421875,45.8,55.72,78.09,34.47,40.29,53.44,28.475460798700574,50.38,27.14,44.43,False,in_sample
2020-10-23,12954,12971.548828125,46.49,55.88,78.39,38.47,40.15,53.26,28.228152510215466,49.41,30.7,44.09,False,in_sample
2020-10-24,13114,12931.57421875,47.45,56.05,77.96,42.49,42.93,53.75,28.818208751177067,49.53,31.2,44.6,False,in_sample
2020-10-25,13042,13108.0634765625,47.5,56.2,78.47,44.97,40.58,53.48,28.457877677279935,50.23,30.98,44.32,False,in_sample
2020-10-26,13081,13031.201171875,47.51,56.36,78.14,45.6,38.08,53.57,28.551459633512366,51.55,31.53,44.43,False,in_sample
2020-10-27,13676,13075.2421875,47.48,56.52,78.24,44.54,32.15,55.42,30.863867763389663,52.48,31.2,46.42,False,in_sample
2020-10-28,13291,13654.21484375,47.55,56.69,80.27,44.3,30.07,54.16,29.27107486369448,57.12,31.29,45.06,False,in_sample
2020-10-29,13476,13271.298828125,47.97,56.85,78.76,44.76,30.33,54.71,29.944444684570016,57.65,33.4,45.64,False,in_sample
2020-10-30,13604,13437.8740234375,47.92,57.02,79.33,42.51,32.1,55.07,30.38425993584939,57.25,31.95,46.04,False,in_sample
2020-10-31,13808,13546.5322265625,48.18,57.19,79.72,38.59,34.66,55.66,31.114711553193903,57.95,32.57,46.69,False,in_sample
2020-11-01,8033,13780.9951171875,34.73,44.57,59.36,17.99,48.99,33.89,2.067928507525051,34.99,21.46,29.44,False,in_sample
2020-11-02,10273,13737.0322265625,43.81,41.82,69.51,37.6,52.19,44.41,15.15962521570127,46.18,31.6,39.42,False,in_sample
2020-11-03,7940,13550.451171875,32.32,38.34,54.81,32.6,36.86,34.45,1.3066636222009766,30.86,18.33,26.89,False,in_sample
2020-11-04,6884,13950.48828125,27.53,34.44,47.53,31.37,38.81,29.21,0.0,23.35,13.81,20.01,False,in_sample
2020-11-05,8592,14133.7333984375,37.35,33.96,62.62,42.21,46.02,38.75,5.392604327815702,40.02,25.06,29.63,False,in_sample
2020-11-06,9278,15579.7294921875,35.9,33.48,69.31,31.01,25.76,41.78,9.436032918363866,45.22,24.25,32.57,False,in_sample
2020-11-07,9238,15565.880859375,33.51,39.44,64.77,22.5,24.48,41.22,9.136563017158519,39.66,19.89,31.86,False,in_sample
2020-11-08,11393,14833.75390625,43.77,49.11,76.54,36.5,34.69,49.53,20.295325722415836,51.68,29.42,40.49,False,in_sample
2020-11-09,10388,15479.595703125,38.3,53.65,67.57,24.76,31.79,44.89,15.28313372615261,45.33,21.54,35.35,False,in_sample
2020-11-10,11379,15332.3505859375,41.22,54.41,72.0,29.23,36.08,48.11,20.095735495789018,45.85,24.06,38.78,False,in_sample
2020-11-11,15732,15290.9091796875,54.97,59.24,83.05,46.64,57.79,60.68,37.37954011388842,61.29,38.25,51.52,False,in_sample
2020-11-12,18062,15701.298828125,59.86,63.55,85.96,49.73,57.82,64.11,44.71338468802415,74.08,46.76,55.44,False,in_sample
2020-11-13,16331,16276.4404296875,56.23,59.66,85.47,44.41,56.65,62.15,39.25187631802667,67.18,39.48,53.1,False,in_sample
2020-11-14,16103,16317.80859375,55.68,59.84,85.44,43.09,56.5,61.49,38.433917977129866,63.99,41.15,52.39,False,in_sample
2020-11-15,15987,16068.1396484375,55.55,59.94,84.75,42.34,55.24,61.12,37.981787548218314,66.47,41.23,52.02,False,in_sample
2020-11-16,16744,15955.5771484375,56.07,60.08,84.38,40.05,57.84,63.03,40.39655035301114,65.61,40.51,54.11,False,in_sample
2020-11-17,17683,16685.69140625,57.39,60.23,86.25,40.13,60.87,65.28,43.25676066246509,65.5,40.12,56.55,False,in_sample
2020-11-18,17805,17645.19140625,58.91,60.39,88.24,43.68,64.39,65.5,43.56122889668895,67.06,42.35,56.75,False,in_sample
2020-11-19,17819,17803.861328125,59.71,60.54,88.13,47.74,62.93,65.45,43.539300913632694,69.1,44.98,56.71,False,in_sample
2020-11-20,18664,17817.083984375,60.62,60.69,88.04,47.62,64.8,67.34,45.95950275628798,69.11,45.27,58.73,False,in_sample
2020-11-21,18707,18621.31640625,61.16,60.88,89.48,50.98,65.53,67.35,46.01914014283949,68.13,45.26,58.74,False,in_sample
2020-11-22,18483,18642.232421875,61.74,61.06,89.38,51.99,69.78,66.76,45.30931435234981,67.6,47.49,58.13,False,in_sample
2020-11-23,18374,18370.017578125,61.69,61.23,88.83,52.52,67.4,66.42,44.928230505089616,70.37,47.56,57.79,False,in_sample
2020-11-24,19151,18365.015625,62.39,61.39,88.46,54.09,64.34,68.09,47.08623751813247,73.55,46.91,59.6,False,in_sample
2020-11-25,18749,19104.41015625,62.08,61.54,89.81,54.82,62.7,67.1,45.88446201114784,73.67,46.58,58.54,False,in_sample
2020-11-26,17114,18729.83984375,60.4,61.63,88.85,52.34,61.87,63.12,40.924870793552365,73.58,48.56,54.13,False,in_sample
2020-11-27,17102,17153.9140625,60.24,61.71,84.92,53.47,62.01,63.02,40.82293242208014,76.13,47.48,54.0,False,in_sample
2020-11-28,17746,17112.93359375,59.85,61.82,84.78,50.54,61.04,64.52,42.742512417980336,76.09,42.98,55.69,False,in_sample
2020-11-29,18191,17719.634765625,60.25,61.93,86.32,49.26,61.97,65.49,44.00782467698865,75.22,42.93,56.79,False,in_sample
2020-11-30,19665,18178.322265625,61.4,62.11,87.29,49.47,59.29,68.73,48.12646708788273,74.7,44.73,60.31,False,in_sample
2020-12-01,8165,19633.76953125,34.91,44.28,58.53,17.63,48.98,34.6,0.8719157559938077,34.16,23.22,30.18,False,in_sample
2020-12-02,10361,18801.744140625,44.32,41.89,71.64,38.79,51.31,44.75,13.59261452979514,48.63,30.23,39.79,False,in_sample
2020-12-03,4960,19205.92578125,25.42,38.1,55.25,35.14,30.01,15.36,0.0,31.23,18.37,5.35,False,in_sample
2020-12-04,6979,19446.966796875,27.34,34.35,47.8,31.15,38.02,29.78,0.0,23.6,10.84,20.64,False,in_sample
2020-12-05,8818,18698.384765625,36.05,33.97,61.74,42.32,35.43,39.83,4.728885486668185,40.74,20.52,30.81,False,in_sample
2020-12-06,9457,19154.1796875,35.6,33.54,65.49,30.48,25.57,42.55,8.418685415856968,44.06,24.72,33.43,False,in_sample
2020-12-07,9290,19343.12890625,33.45,39.7,64.43,22.39,23.52,41.44,7.393483801963745,39.31,20.12,32.11,False,in_sample
2020-12-08,11576,19191.529296875,44.27,49.39,74.3,37.34,34.75,50.16,19.146195113291416,54.46,30.14,41.17,False,in_sample
2020-12-09,10437,18320.884765625,38.44,53.71,67.88,24.38,34.25,45.07,13.51343205454619,43.1,22.03,35.55,False,in_sample
2020-12-10,11549,18553.298828125,41.81,54.49,72.35,29.16,37.53,48.71,18.887256860648943,46.48,25.01,39.42,False,in_sample
2020-12-11,16290,18263.9296875,55.98,59.45,84.12,45.16,56.5,62.11,37.308265245717116,67.3,38.21,53.05,False,in_sample
2020-12-12,18814,18051.3203125,60.18,63.68,85.33,47.94,57.19,65.77,44.98739151183581,75.24,46.01,57.26,False,in_sample
2020-12-13,19157,18806.765625,61.13,63.83,86.94,48.89,60.74,66.45,45.895057328940695,75.92,45.38,57.96,False,in_sample
2020-12-14,19287,19144.4921875,62.01,63.99,87.38,52.48,62.51,66.65,46.195150403924735,75.21,47.39,58.21,False,in_sample
2020-12-15,19433,19246.919921875,62.13,64.15,87.55,53.02,63.9,66.88,46.53718129301374,72.27,48.28,58.49,False,in_sample
2020-12-16,21371,19418.818359375,63.66,64.38,87.73,52.27,64.2,70.85,51.58636860388188,72.94,48.61,62.83,False,in_sample
2020-12-17,22790,21308.3515625,65.33,64.64,91.09,55.16,64.94,73.49,54.98139831535035,71.81,48.97,65.71,False,in_sample
2020-12-18,23049,22806.796875,67.17,64.91,92.89,60.26,69.35,73.86,55.526847170936136,70.88,53.65,66.09,False,in_sample
2020-12-19,23857,23132.865234375,69.22,65.19,92.69,65.29,72.57,75.23,57.318187511505215,73.34,56.8,67.62,False,in_sample
2020-12-20,23529,23861.765625,69.68,65.46,93.73,66.0,75.47,74.52,56.51111296292166,74.22,57.33,66.84,False,in_sample
2020-12-21,22938,23474.455078125,69.16,65.7,93.04,65.94,73.09,73.32,55.079910092925935,74.51,59.01,65.55,False,in_sample
2020-12-22,23757,22794.0390625,69.44,66.01,91.96,66.78,71.41,74.71,56.90562049568665,74.83,58.31,67.01,False,in_sample
2020-12-23,23308,23781.974609375,69.98,66.35,92.81,68.97,71.5,73.78,55.81640049845055,80.48,57.05,65.96,False,in_sample
2020-12-24,23708,23240.203125,70.78,66.69,91.77,70.27,70.74,74.4,56.67009958581319,84.01,58.77,66.67,False,in_sample
2020-12-25,24670,23733.5703125,71.36,67.07,92.04,69.64,71.37,75.99,58.749353166998375,84.22,57.82,68.48,False,in_sample
2020-12-26,26479,24677.015625,72.46,67.5,93.38,65.4,71.47,78.9,62.49768749105109,86.12,58.65,71.73,False,in_sample
2020-12-27,26431,26439.373046875,73.32,67.91,95.6,66.1,75.63,78.69,62.33848136527189,85.02,60.6,71.51,False,in_sample
2020-12-28,27040,26280.822265625,74.24,68.35,95.23,66.95,78.63,79.54,63.50382875553743,83.22,64.07,72.3,False,in_sample
2020-12-29,27232,27081.810546875,75.22,68.8,95.23,71.05,80.6,79.71,63.82357916562764,85.03,63.95,72.5,False,in_sample
2020-12-30,28845,27360.08984375,76.56,69.27,94.94,72.02,84.21,82.04,66.86215251231445,83.51,65.04,75.13,False,in_sample
2020-12-31,29023,28841.57421875,77.25,69.74,96.48,73.05,85.77,82.16,67.1326449474177,84.24,65.36,75.29,False,in_sample
2021-01-01,29381,28994.009765625,78.13,70.22,96.39,73.44,86.51,82.55,67.73231197810436,86.53,68.16,75.73,False,out_of_sample
2021-01-02,33571,29376.455078125,80.17,84.67,92.07,69.37,79.58,83.1,74.85563462842804,89.79,76.96,77.47,False,out_of_sample
2021-01-03,49635,32129.408203125,91.93,94.22,95.09,85.57,92.0,94.32,95.8704369654398,100.0,88.32,91.82,False,out_of_sample
2021-01-04,58819,32810.94921875,94.75,99.15,98.89,80.78,97.92,95.25,100.0,94.76,98.14,95.03,False,out_of_sample
2021-01-05,57864,31977.041015625,89.17,98.61,94.52,81.76,84.96,89.1,100.0,83.77,89.67,89.5,False,out_of_sample
2021-01-06,36662,34013.61328125,69.38,92.89,74.67,71.8,61.42,65.35,79.36432931591389,60.78,67.1,63.68,False,out_of_sample
2021-01-07,33506,36833.875,61.93,79.4,72.07,75.25,34.96,59.23,74.45120401600953,52.91,64.97,57.73,False,out_of_sample
2021-01-08,39969,39381.765625,68.34,61.6,80.18,85.57,67.55,65.28,83.9027536050922,53.77,68.84,64.28,False,out_of_sample
2021-01-09,48689,40788.640625,70.54,47.98,84.21,76.42,63.52,71.44,94.4874604941252,73.01,69.9,72.15,False,out_of_sample
2021-01-10,48079,40254.21875,66.22,45.47,79.5,79.23,58.76,68.37,93.74978130731864,61.59,59.19,69.67,False,out_of_sample
2021-01-11,61093,38346.53125,77.43,49.97,91.03,88.07,70.56,75.86,100.0,82.96,75.22,78.62,False,out_of_sample
2021-01-12,57181,35516.359375,72.0,53.4,85.19,85.59,60.1,69.61,100.0,72.23,69.39,72.59,False,out_of_sample
2021-01-13,37297,33915.12109375,86.1,76.95,95.16,84.54,90.43,90.65,79.87496772833069,100.0,77.86,84.76,False,out_of_sample
2021-01-14,39046,37325.109375,86.9,77.52,98.18,83.64,91.14,92.44,82.28871744556852,100.0,75.67,86.84,False,out_of_sample
2021-01-15,36711,39156.70703125,86.58,78.03,99.27,81.23,93.05,89.6,78.9016668667727,100.0,80.69,83.7,False,out_of_sample
2021-01-16,36178,36821.6484375,85.92,78.51,97.2,78.08,91.89,88.79,78.0528474171319,100.0,82.96,82.87,False,out_of_sample
2021-01-17,36070,36163.6484375,84.83,78.99,96.63,75.18,88.93,88.49,77.83196931125374,100.0,79.92,82.62,False,out_of_sample
2021-01-18,36595,35792.23828125,84.64,79.46,96.44,74.01,87.69,88.94,78.55262310957166,99.44,79.22,83.19,False,out_of_sample
2021-01-19,36251,36642.234375,84.05,79.92,96.73,72.77,87.8,88.36,77.98324488224662,96.27,79.1,82.6,False,out_of_sample
2021-01-20,35516,36050.11328125,84.3,80.37,96.3,73.23,88.34,87.31,76.81762057530665,100.0,79.84,81.5,False,out_of_sample
2021-01-21,31023,35549.3984375,81.47,80.74,95.53,72.41,83.78,81.33,69.45315914163618,100.0,79.39,74.84,False,out_of_sample
2021-01-22,32987,30817.625,81.22,81.14,90.69,69.7,81.32,83.83,72.7083918509118,100.0,78.4,77.72,False,out_of_sample
2021-01-23,32037,32985.7578125,80.1,81.51,92.92,69.09,81.19,82.42,71.06973671498882,99.07,71.75,76.22,False,out_of_sample
2021-01-24,32217,32064.376953125,80.53,81.88,91.8,68.97,82.87,82.51,71.3122067558261,98.57,74.82,76.41,False,out_of_sample
2021-01-25,32420,32285.798828125,80.43,82.25,91.98,68.3,82.37,82.64,71.59141026998965,99.11,73.4,76.62,False,out_of_sample
2021-01-26,32641,32358.61328125,80.48,82.62,92.16,67.5,83.05,82.78,71.8983853645547,98.19,73.71,76.86,False,out_of_sample
2021-01-27,30359,32564.029296875,78.79,82.95,92.35,64.25,82.34,79.52,67.92121703094747,96.61,74.05,73.15,False,out_of_sample
2021-01-28,33512,30441.041015625,79.14,83.31,89.39,64.0,83.31,83.63,73.20161355397896,87.74,74.4,77.84,False,out_of_sample
2021-01-29,34167,34318.671875,79.92,83.68,92.93,64.89,83.03,84.32,74.18807619958118,91.5,70.83,78.64,False,out_of_sample
2021-01-30,34350,34295.93359375,80.8,84.03,93.38,67.5,84.2,84.39,74.41706663914032,89.41,75.73,78.8,False,out_of_sample
2021-01-31,33158,34270.87890625,80.45,84.35,93.47,68.5,83.82,82.72,72.44759531718472,89.58,76.69,76.95,False,out_of_sample
2021-02-01,32023,33114.578125,80.06,70.76,96.45,74.89,85.97,86.09,70.50409120005254,90.62,68.42,79.55,False,out_of_sample
2021-02-02,35597,33533.19921875,81.28,85.03,92.46,69.86,81.91,85.47,76.16634878861038,90.02,75.21,80.21,False,out_of_sample
2021-02-03,48305,35510.8203125,91.56,94.39,97.86,84.84,91.17,92.94,92.61917800334368,100.0,87.78,90.32,False,out_of_sample
2021-02-04,59032,37475.10546875,95.0,99.29,98.71,80.3,97.08,95.2,100.0,98.32,98.08,95.01,False,out_of_sample
2021-02-05,56573,36931.546875,89.73,98.49,94.54,81.29,92.32,87.94,100.0,81.87,93.37,88.26,False,out_of_sample
2021-02-06,37640,38138.38671875,70.47,92.49,73.64,72.43,64.48,66.43,78.94781331910238,62.41,69.38,64.92,False,out_of_sample
2021-02-07,33783,39250.19140625,60.63,78.77,69.43,74.47,33.9,59.54,73.03821062501328,46.67,63.6,58.08,False,out_of_sample
2021-02-08,39305,38886.828125,67.77,60.96,77.89,85.27,63.97,64.45,81.17209292602988,58.11,68.68,63.41,False,out_of_sample
2021-02-09,49370,46184.9921875,70.85,47.7,85.53,76.79,65.79,71.98,93.45396776214169,70.39,69.85,72.77,False,out_of_sample
2021-02-10,47793,46469.76171875,67.91,45.4,83.93,80.18,67.12,68.01,91.63909603043355,61.45,61.91,69.33,False,out_of_sample
2021-02-11,63025,44898.7109375,77.48,50.19,90.62,87.29,71.06,77.17,100.0,80.04,74.83,80.02,False,out_of_sample
2021-02-12,56583,47877.03515625,72.08,53.35,85.18,86.17,60.96,69.03,100.0,74.12,68.55,72.01,False,out_of_sample
2021-02-13,47209,47491.203125,92.58,89.31,100.0,83.42,97.24,95.58,90.80032437111151,98.57,92.47,92.25,False,out_of_sample
2021-02-14,48830,47114.5078125,93.19,89.69,100.0,83.32,99.51,96.83,92.57105110858988,97.69,91.93,93.75,False,out_of_sample
2021-02-15,48111,48696.53515625,93.16,90.05,100.0,82.93,100.0,95.97,91.71003332291606,100.0,91.42,92.86,False,out_of_sample
2021-02-16,49141,47944.45703125,93.5,90.43,100.0,84.68,96.87,96.68,92.7999596842703,100.0,92.92,93.73,False,out_of_sample
2021-02-17,52225,49207.27734375,93.98,90.82,100.0,81.67,96.64,99.09,96.04023166466291,100.0,92.02,96.51,False,out_of_sample
2021-02-18,51651,52140.97265625,93.9,91.21,100.0,82.39,95.93,98.38,95.38431010227562,100.0,92.92,95.77,False,out_of_sample
2021-02-19,55821,51675.98046875,95.77,91.63,100.0,82.92,100.0,100.0,99.53462893392278,100.0,95.77,99.35,False,out_of_sample
2021-02-20,55862,55887.3359375,95.95,92.04,100.0,85.02,100.0,100.0,99.51776981135109,100.0,95.06,99.17,False,out_of_sample
2021-02-21,57501,56068.56640625,96.91,92.45,100.0,87.4,100.0,100.0,100.0,100.0,98.77,100.0,False,out_of_sample
2021-02-22,53953,57532.73828125,96.32,92.8,100.0,88.53,100.0,99.31,97.51952336620664,100.0,98.66,97.09,False,out_of_sample
2021-02-23,48561,54204.9296875,94.62,93.08,100.0,89.61,97.38,94.53,91.75402619564873,100.0,99.94,91.71,False,out_of_sample
2021-02-24,49568,48835.0859375,94.46,93.33,98.0,91.51,96.73,95.22,92.80941966840358,100.0,96.65,92.49,False,out_of_sample
2021-02-25,47569,49709.08203125,93.28,93.51,98.39,91.49,97.05,93.23,90.51971213320576,100.0,91.33,90.3,False,out_of_sample
2021-02-26,46232,47180.46484375,92.71,93.7,96.94,90.68,97.48,91.8,88.91584578234709,100.0,92.3,88.73,False,out_of_sample
2021-02-27,45835,46344.7734375,91.58,93.86,95.72,86.84,95.82,91.24,88.39022177408191,100.0,90.21,88.17,False,out_of_sample
2021-02-28,45360,46194.015625,90.8,94.02,95.5,86.97,92.11,90.6,87.7672165146236,100.0,88.77,87.53,False,out_of_sample
2021-03-01,33278,45159.50390625,81.29,71.3,98.61,77.02,87.21,87.58,70.90466076733696,90.17,68.98,81.18,False,out_of_sample
2021-03-02,37579,49612.10546875,82.23,85.4,94.37,70.78,84.42,87.65,77.44015529193355,85.02,75.82,82.73,False,out_of_sample
2021-03-03,50691,48415.81640625,92.82,94.57,96.85,82.28,95.11,94.84,93.62349306429145,100.0,92.23,92.55,False,out_of_sample
2021-03-04,57283,50522.3046875,94.14,99.41,98.7,79.77,93.53,93.69,100.0,99.34,97.95,93.4,False,out_of_sample
2021-03-05,57244,48527.03125,90.71,98.39,93.69,80.77,95.16,88.3,100.0,88.0,93.36,88.71,False,out_of_sample
2021-03-06,39161,48899.23046875,70.98,92.12,75.11,71.34,65.8,68.1,79.44220729460181,61.16,68.46,66.79,False,out_of_sample
2021-03-07,34589,48918.6796875,60.96,78.16,70.08,70.42,39.61,60.54,72.64310297626545,47.18,61.15,59.22,False,out_of_sample
2021-03-08,38289,51174.1171875,66.95,60.31,76.99,83.52,63.52,63.21,78.10173733936072,60.87,66.24,62.08,False,out_of_sample
2021-03-09,49861,52272.96875,71.73,47.5,86.07,78.01,67.01,72.33,92.38360805059244,72.87,71.27,73.2,False,out_of_sample
2021-03-10,48203,54824.01171875,68.55,45.32,83.58,80.93,66.4,68.31,90.4895700983377,61.82,66.63,69.7,False,out_of_sample
2021-03-11,62956,55963.1796875,77.75,50.44,91.63,88.67,73.76,77.0,100.0,77.94,74.43,79.85,False,out_of_sample
2021-03-12,53672,57821.21875,70.56,53.28,84.69,84.57,63.62,66.51,96.21280832037611,67.83,68.54,69.35,False,out_of_sample
2021-03-13,61289,57343.37109375,96.73,96.37,100.0,80.05,100.0,100.0,100.0,99.07,99.36,100.0,False,out_of_sample
2021-03-14,59906,61221.1328125,96.81,96.56,100.0,82.7,100.0,99.76,100.0,100.0,98.82,98.87,False,out_of_sample
2021-03-15,56122,59267.4296875,95.97,96.7,100.0,83.5,100.0,96.7,98.46800690745886,100.0,100.0,95.5,False,out_of_sample
2021-03-16,56501,55840.78515625,96.03,96.86,99.46,83.88,100.0,96.78,98.77725794738478,100.0,100.0,95.65,False,out_of_sample
2021-03-17,58684,56825.828125,96.48,97.06,99.45,86.14,99.2,98.21,100.0,100.0,97.46,97.34,False,out_of_sample
2021-03-18,57732,58893.078125,96.33,97.26,100.0,85.94,99.77,97.27,99.83595124026324,100.0,97.73,96.38,False,out_of_sample
2021-03-19,58169,57850.44140625,96.41,97.44,99.84,84.18,99.81,97.38,100.0,100.0,99.54,96.61,False,out_of_sample
2021-03-20,58248,58332.26171875,96.13,97.62,99.98,82.26,100.0,97.23,100.0,100.0,98.64,96.5,False,out_of_sample
2021-03-21,57448,58309.9140625,95.77,97.75,99.93,81.03,100.0,96.41,99.3986931567541,100.0,98.93,95.68,False,out_of_sample
2021-03-22,54454,57517.890625,94.87,97.88,99.45,81.29,100.0,93.87,96.43122949355306,100.0,98.92,92.88,False,out_of_sample
2021-03-23,54564,54511.66015625,94.44,98.0,97.69,80.32,99.69,93.76,96.48427613666705,100.0,98.13,92.8,False,out_of_sample
2021-03-24,52596,54710.48828125,93.19,98.1,97.56,79.54,97.59,91.96,94.42918346347861,100.0,95.37,90.85,False,out_of_sample
2021-03-25,51548,52726.74609375,92.64,98.21,96.26,79.88,96.75,90.9,93.27720349579579,100.0,95.4,89.67,False,out_of_sample
2021-03-26,54818,51683.01171875,93.14,98.32,95.44,81.56,93.87,93.39,96.56687576868354,100.0,93.46,92.55,False,out_of_sample
2021-03-27,56020,55137.56640625,93.85,98.44,97.34,82.89,95.35,94.14,97.69059029463085,100.0,92.37,93.46,False,out_of_sample
2021-03-28,55714,55974.94140625,94.35,98.56,97.88,83.43,96.84,93.7,97.33595023759261,100.0,95.32,93.05,False,out_of_sample
2021-03-29,57572,55947.8984375,94.94,98.7,97.64,82.28,99.01,94.93,99.06505713247446,99.17,96.27,94.53,False,out_of_sample
2021-03-30,58685,57750.1328125,95.22,98.85,98.54,83.03,98.11,95.56,100.0,98.93,95.85,95.31,False,out_of_sample
2021-03-31,58793,58930.27734375,94.92,99.0,98.98,80.67,98.5,95.43,100.0,96.33,97.34,95.23,False,out_of_sample
2021-04-01,31803,58926.5625,81.84,71.79,99.25,79.2,90.65,85.47,66.58000584006065,90.95,73.19,78.73,False,out_of_sample
2021-04-02,37130,59098.87890625,83.93,85.77,96.05,70.99,90.55,86.96,74.9535764060985,91.15,78.68,82.02,False,out_of_sample
2021-04-03,48473,59397.41015625,91.93,94.74,98.25,81.55,94.3,92.69,89.41377918035197,100.0,90.84,90.22,False,out_of_sample
2021-04-04,58203,57604.83984375,93.96,99.53,97.73,78.05,93.23,94.19,99.3207713475947,98.71,97.99,94.05,False,out_of_sample
2021-04-05,53725,58760.875,89.99,98.23,94.02,80.96,97.98,85.35,94.90311255789982,89.02,92.11,85.44,False,out_of_sample
2021-04-06,36885,59171.93359375,69.73,91.73,77.18,72.84,64.47,65.36,74.35634615722452,55.52,69.76,63.77,False,out_of_sample
2021-04-07,35356,58186.5078125,62.41,77.61,71.47,69.76,43.36,61.45,71.99022482396394,52.92,61.45,60.26,False,out_of_sample
2021-04-08,39774,56099.9140625,66.65,59.66,75.59,79.55,61.29,64.85,78.34752961661519,62.09,65.23,63.92,False,out_of_sample
2021-04-09,49920,58326.5625,72.11,47.31,86.45,78.74,69.31,72.29,90.67241923180205,72.52,71.82,73.2,False,out_of_sample
2021-04-10,49289,58253.77734375,68.83,45.25,83.95,79.66,68.46,69.23,89.92178469192838,60.75,66.19,70.73,False,out_of_sample
2021-04-11,61394,59846.23046875,77.81,50.67,91.43,90.08,73.11,75.74,100.0,80.0,75.94,78.55,False,out_of_sample
2021-04-12,49160,60175.9453125,68.68,53.18,82.24,83.27,63.04,62.39,89.66428636725348,68.84,67.91,64.98,False,out_of_sample
2021-04-13,63446,59890.01953125,95.78,99.88,97.91,84.64,95.01,96.22,100.0,98.16,97.46,96.8,False,out_of_sample
2021-04-14,62870,63523.75390625,95.03,99.8,99.45,81.25,94.39,95.61,100.0,95.9,97.28,96.11,False,out_of_sample
2021-04-15,63232,63075.1953125,96.06,99.74,98.93,83.06,97.85,95.66,100.0,97.49,99.99,96.18,False,out_of_sample
2021-04-16,61572,63258.50390625,94.94,99.71,98.91,83.85,91.98,94.3,100.0,97.31,99.37,94.72,False,out_of_sample
2021-04-17,60281,61529.921875,93.88,99.69,98.0,84.28,84.78,93.17,100.0,98.72,99.5,93.53,False,out_of_sample
2021-04-18,56390,60701.88671875,91.65,99.69,97.25,83.67,77.53,90.07,96.80675927355684,98.7,97.99,90.01,False,out_of_sample
2021-04-19,55799,56191.5859375,91.01,99.69,94.61,86.59,74.85,89.43,96.17541890794102,98.35,96.77,89.37,False,out_of_sample
2021-04-20,56475,55681.79296875,91.29,99.69,94.22,85.68,79.14,89.79,96.77610662160822,100.0,93.29,89.82,False,out_of_sample
2021-04-21,54026,56471.12890625,90.21,99.69,94.56,87.08,75.02,87.67,94.30002330445663,100.0,92.64,87.51,False,out_of_sample
2021-04-22,51883,53857.10546875,89.7,99.69,92.96,84.82,79.92,85.74,92.033992095265,100.0,93.13,85.38,False,out_of_sample
2021-04-23,50955,51739.80859375,88.6,99.69,91.37,84.12,78.97,84.79,90.99173721791503,98.58,90.79,84.34,False,out_of_sample
2021-04-24,50280,51143.2265625,88.37,99.69,90.64,84.22,83.45,84.06,90.20656760971438,96.98,88.65,83.53,False,out_of_sample
2021-04-25,48947,50052.83203125,86.99,99.69,90.05,83.59,82.11,82.73,88.6822102431363,92.32,87.65,82.07,False,out_of_sample
2021-04-26,53944,49077.79296875,87.63,99.58,88.97,80.61,80.15,86.84,93.93362800396203,91.46,86.9,86.75,False,out_of_sample
2021-04-27,55028,54030.3046875,88.23,99.41,92.61,80.03,81.1,87.55,94.96360509388478,91.99,85.48,87.56,False,out_of_sample
2021-04-28,54788,55036.63671875,88.6,99.21,93.17,80.38,82.85,87.2,94.66828237202499,88.97,90.29,87.21,False,out_of_sample
2021-04-29,53568,54858.08984375,88.02,98.98,92.95,80.3,83.66,86.05,93.38144118054288,86.15,91.2,85.95,False,out_of_sample
2021-04-30,57742,53568.6640625,89.15,98.78,91.98,82.07,84.6,89.18,97.42432618392107,84.82,90.88,89.51,False,out_of_sample
2021-05-01,34014,57714.6640625,83.1,72.32,97.4,79.68,92.04,88.19,68.44983089836532,90.9,75.06,81.8,False,out_of_sample
2021-05-02,38046,57825.86328125,85.02,86.14,95.45,71.92,93.01,87.85,74.51233153570595,92.05,81.31,83.05,False,out_of_sample
2021-05-03,48801,56620.2734375,91.78,94.92,96.76,80.04,94.92,92.79,88.06047830043993,97.92,93.2,90.39,False,out_of_sample
2021-05-04,58756,57214.1796875,94.32,99.65,98.18,78.7,94.65,94.41,98.150965716232,100.0,96.35,94.38,False,out_of_sample
2021-05-05,57343,53252.1640625,90.33,98.05,91.63,80.28,95.32,88.05,96.76404961809064,88.54,92.59,88.54,False,out_of_sample
2021-05-06,35410,57441.30859375,68.08,91.31,74.0,72.48,59.53,63.48,70.35086098054948,53.62,71.73,61.71,False,out_of_sample
2021-05-07,33912,56413.953125,62.61,77.05,72.73,69.97,49.6,59.53,67.92783018226352,52.63,62.52,58.17,False,out_of_sample
2021-05-08,40942,57352.765625,66.99,59.06,77.6,76.5,63.68,66.08,78.17087752423588,61.9,63.74,65.32,False,out_of_sample
2021-05-09,51748,58877.390625,73.02,47.2,86.46,79.51,71.52,73.82,90.92367589923896,72.57,72.18,74.91,False,out_of_sample
2021-05-10,51559,58250.87109375,69.41,45.25,84.9,80.65,67.31,71.18,90.6665979012718,58.61,66.49,72.86,False,out_of_sample
2021-05-11,61006,55847.2421875,77.55,50.9,90.4,89.3,72.09,75.35,99.81403551600282,81.61,75.78,78.12,False,out_of_sample
2021-05-12,49328,56714.53125,68.19,53.09,77.95,83.96,61.78,62.46,88.13241832519233,71.94,65.05,65.1,False,out_of_sample
2021-05-13,49369,49735.43359375,86.97,97.05,88.64,85.46,89.1,80.22,88.12065700628457,88.78,91.15,80.03,False,out_of_sample
2021-05-14,49998,49682.98046875,85.76,96.95,87.3,85.58,82.85,80.66,88.7563048031112,89.38,85.76,80.55,False,out_of_sample
2021-05-15,47048,49855.49609375,83.79,96.83,87.82,83.59,75.96,77.85,85.37055691710191,90.71,84.08,77.45,False,out_of_sample
2021-05-16,46023,46716.63671875,82.53,96.7,85.2,83.01,71.46,76.76,84.10726829455182,90.0,84.65,76.27,False,out_of_sample
2021-05-17,43493,46415.8984375,80.33,96.56,84.22,82.76,67.41,74.16,80.95416432884231,87.13,81.5,73.38,False,out_of_sample
2021-05-18,42790,43488.05859375,79.04,96.45,81.69,81.86,62.41,73.34,80.00390978896677,87.76,80.33,72.48,False,out_of_sample
2021-05-19,37643,42944.9765625,75.09,96.26,80.95,79.98,58.16,67.59,72.92795261415296,80.73,77.43,65.98,False,out_of_sample
2021-05-20,40800,36753.66796875,74.98,96.08,74.65,79.72,55.78,71.05,77.279581572544,78.5,76.55,69.87,False,out_of_sample
2021-05-21,37175,40596.94921875,73.61,95.88,79.05,83.33,54.94,66.85,72.12483094035233,79.24,70.05,65.17,False,out_of_sample
2021-05-22,37644,37371.03125,72.95,95.69,74.22,82.2,53.63,67.32,72.75257405730052,75.07,74.11,65.74,False,out_of_sample
2021-05-23,34775,37531.44921875,70.85,95.49,75.03,82.21,51.93,63.74,68.35054579555766,73.5,69.39,61.73,False,out_of_sample
2021-05-24,38631,34700.36328125,71.89,95.28,70.56,82.03,54.65,68.3,74.0527842177529,69.63,70.02,66.81,False,out_of_sample
2021-05-25,38270,38795.78125,72.01,95.04,76.35,83.14,55.76,67.8,73.47952840972661,68.47,66.0,66.28,False,out_of_sample
2021-05-26,39195,38392.625,72.26,94.82,75.93,84.16,57.98,68.77,74.72959022131046,59.6,71.31,67.39,False,out_of_sample
2021-05-27,38511,39316.890625,72.26,94.57,77.17,81.99,56.63,67.91,73.70595632125686,65.37,70.81,66.47,False,out_of_sample
2021-05-28,35597,38507.08203125,69.5,94.28,76.29,76.96,54.82,64.35,69.33400127342205,58.78,71.99,62.51,False,out_of_sample
2021-05-29,34682,35684.15625,68.06,94.0,72.01,75.31,51.93,63.12,67.84707081752317,59.72,71.07,61.19,False,out_of_sample
2021-05-30,35653,34607.40625,67.27,93.62,70.54,74.07,53.95,64.27,69.3016160291122,53.95,67.06,62.45,False,out_of_sample
2021-05-31,37313,35658.59375,69.1,93.25,72.11,73.45,57.36,66.21,71.73787785059751,61.44,65.72,64.67,False,out_of_sample
2021-06-01,36644,37293.79296875,84.9,72.91,98.97,79.77,95.15,91.21,70.68667171085563,94.05,72.82,85.21,False,out_of_sample
2021-06-02,39342,36699.921875,85.77,86.53,95.98,72.56,94.49,89.12,74.52425483090181,92.14,80.65,84.56,False,out_of_sample
2021-06-03,48971,37599.41015625,91.26,95.09,96.86,78.73,94.19,92.75,86.4755631093179,97.17,90.93,90.43,False,out_of_sample
2021-06-04,58085,39242.484375,94.25,99.73,98.39,77.77,96.14,93.71,95.78222651530479,100.0,97.01,93.56,False,out_of_sample
2021-06-05,56528,36880.15625,89.73,97.91,93.92,81.16,94.25,87.26,94.23524516266055,86.86,89.29,87.71,False,out_of_sample
2021-06-06,35721,35538.609375,67.53,90.9,71.71,71.54,58.27,63.79,68.99129941807868,55.58,68.65,62.1,False,out_of_sample
2021-06-07,34124,35835.265625,62.75,76.46,70.3,67.9,51.11,59.76,66.42187642611937,55.78,63.51,58.44,False,out_of_sample
2021-06-08,42791,33589.51953125,67.71,58.5,79.06,70.68,64.38,67.98,78.78502769420749,64.68,65.55,67.44,False,out_of_sample
2021-06-09,52641,33416.9765625,73.5,47.11,87.98,79.61,74.73,74.49,90.09935308876598,69.95,72.08,75.69,False,out_of_sample
2021-06-10,55420,37389.515625,71.15,45.31,86.79,82.86,67.24,74.36,92.86701858149468,58.97,67.5,76.31,False,out_of_sample
2021-06-11,61456,36697.03125,77.14,51.13,90.05,88.23,70.8,75.57,98.48701631621518,80.98,74.36,78.41,False,out_of_sample
2021-06-12,50536,37340.14453125,68.04,53.03,78.14,83.9,61.06,63.5,87.68813121722245,72.63,60.38,66.23,False,out_of_sample
2021-06-13,38926,35555.7890625,67.78,87.47,72.31,70.21,53.76,67.06,73.29557510803527,55.48,68.66,65.97,False,out_of_sample
2021-06-14,40456,39016.96875,68.85,87.09,77.1,71.11,59.11,68.69,75.3544716856755,51.3,66.46,67.82,False,out_of_sample
2021-06-15,40255,40427.16796875,69.79,86.69,79.0,73.38,60.84,68.38,75.02243274246722,50.83,70.81,67.52,False,out_of_sample
2021-06-16,38266,40168.69140625,69.79,86.31,78.71,73.26,59.31,66.05,72.1800321966595,58.74,72.67,64.96,False,out_of_sample
2021-06-17,38019,38341.421875,68.99,85.94,76.05,73.35,57.58,65.69,71.76542873271504,57.66,72.3,64.59,False,out_of_sample
2021-06-18,35715,38099.4765625,67.12,85.57,75.76,71.25,54.64,62.83,68.27121112065988,58.3,69.6,61.46,False,out_of_sample
2021-06-19,35556,35854.52734375,65.71,85.2,72.3,70.79,50.47,62.57,67.96676383113673,55.28,69.15,61.2,False,out_of_sample
2021-06-20,35600,35563.140625,65.41,84.77,72.07,70.54,45.85,62.56,67.97548708740699,61.46,65.86,61.23,False,out_of_sample
2021-06-21,31716,35641.14453125,63.17,84.33,72.14,69.82,41.15,57.36,61.56560864061398,64.04,65.52,55.48,False,out_of_sample
2021-06-22,32395,31622.376953125,62.03,83.86,65.23,68.1,37.56,58.25,62.67022274108718,63.62,65.46,56.48,False,out_of_sample
2021-06-23,33611,32515.71484375,61.42,83.44,66.65,67.76,35.94,59.83,64.63653807385482,60.03,59.47,58.24,False,out_of_sample
2021-06-24,34659,33682.80078125,62.34,83.01,68.96,68.04,37.34,61.14,66.26539349608572,59.57,60.45,59.7,False,out_of_sample
2021-06-25,31684,34659.10546875,61.12,82.56,70.79,68.76,40.0,57.1,61.27014244019877,55.08,62.22,55.18,False,out_of_sample
2021-06-26,31891,31594.6640625,60.99,82.08,65.85,74.02,37.03,57.33,61.568344139005426,54.74,63.68,55.47,False,out_of_sample
2021-06-27,34507,32287.5234375,60.64,81.6,66.32,74.12,27.25,60.79,65.84538197457898,54.81,59.0,59.33,False,out_of_sample
2021-06-28,34377,34679.12109375,59.9,81.08,71.11,74.51,24.91,60.56,65.57828682577491,46.35,59.23,59.11,False,out_of_sample
2021-06-29,35934,34475.55859375,61.4,80.54,70.89,74.93,27.0,62.47,67.95618532849255,47.97,63.14,61.26,False,out_of_sample
2021-06-30,35066,35908.38671875,62.26,79.98,73.44,74.87,34.0,61.32,66.55141646310447,50.7,62.84,60.01,False,out_of_sample
2021-07-01,39216,35035.984375,86.86,73.54,100.0,80.74,97.78,93.94,72.64813415981594,94.06,76.14,88.23,False,out_of_sample
2021-07-02,39004,33549.6015625,85.57,86.89,96.92,72.18,94.69,88.57,72.29116690627532,89.62,81.79,83.96,False,out_of_sample
2021-07-03,51087,33854.421875,91.7,95.26,96.91,74.79,96.92,94.39,87.08863442927894,96.24,91.24,92.38,False,out_of_sample
2021-07-04,56267,34665.56640625,94.32,99.77,97.51,83.42,96.51,92.13,92.34900176542588,100.0,97.33,91.86,False,out_of_sample
2021-07-05,57342,35284.34375,90.42,97.77,93.29,78.79,94.25,87.73,93.33482213458262,91.4,92.47,88.23,False,out_of_sample
2021-07-06,33725,33723.5078125,66.57,90.47,72.25,71.32,56.97,61.17,64.04820130125619,58.83,66.54,59.2,False,out_of_sample
2021-07-07,33932,34225.6796875,62.1,75.87,70.68,66.86,51.46,59.45,64.32565096476817,54.01,61.26,58.12,False,out_of_sample
2021-07-08,44485,33889.60546875,69.24,58.03,81.18,70.98,69.46,69.65,79.18207068391794,64.62,66.89,69.32,False,out_of_sample
2021-07-09,46855,32861.671875,71.65,47.05,88.63,78.97,73.3,69.14,81.98372729809293,69.99,73.77,69.91,False,out_of_sample
2021-07-10,53806,33811.2421875,72.06,45.4,89.56,87.13,66.88,72.91,89.54748479834605,62.69,69.69,74.79,False,out_of_sample
2021-07-11,63044,33509.078125,77.66,51.38,90.29,88.43,72.23,76.63,98.22172390706186,80.51,73.93,79.6,False,out_of_sample
2021-07-12,50575,34254.015625,68.18,52.97,79.45,84.66,61.33,63.45,86.02170547493373,71.57,60.49,66.17,False,out_of_sample
2021-07-13,32642,33125.46875,59.99,72.54,68.92,64.25,48.79,57.39,61.83234889078852,52.04,61.02,56.0,False,out_of_sample
2021-07-14,32799,32723.845703125,60.2,72.05,68.03,64.99,53.01,57.55,62.03706694134351,51.6,59.19,56.2,False,out_of_sample
2021-07-15,31708,32827.875,59.12,71.5,68.37,64.31,52.45,55.98,60.1124151152157,49.19,58.3,54.5,False,out_of_sample
2021-07-16,31456,31841.55078125,59.19,70.93,66.32,65.45,53.35,55.57,59.61253225654383,51.55,58.43,54.07,False,out_of_sample
2021-07-17,31548,31397.30859375,58.53,70.36,65.87,66.6,49.8,55.65,59.71356642857387,50.87,56.58,53.94,False,out_of_sample
2021-07-18,31708,31533.884765625,59.04,69.76,65.79,68.63,51.63,55.83,59.93256526630194,52.23,56.06,54.16,False,out_of_sample
2021-07-19,30884,31800.01171875,58.45,69.13,66.14,68.29,53.28,54.6,58.420377675320445,49.77,56.09,52.83,False,out_of_sample
2021-07-20,29767,30838.28515625,57.07,68.48,64.46,68.11,49.64,52.9,56.32827562802418,48.67,56.24,50.98,False,out_of_sample
2021-07-21,32120,29796.28515625,57.86,67.86,62.03,68.41,49.87,56.26,60.46492561008689,49.03,54.78,54.69,False,out_of_sample
2021-07-22,32307,32138.873046875,57.83,67.23,67.0,68.68,48.8,56.46,60.725350254100455,46.57,52.79,54.95,False,out_of_sample
2021-07-23,33440,32305.958984375,58.63,66.64,67.33,64.64,52.27,57.94,62.56751531244128,46.0,56.58,56.61,False,out_of_sample
2021-07-24,34167,33593.73046875,59.82,66.05,69.58,68.63,54.17,58.85,63.69483975086765,46.02,56.76,57.64,False,out_of_sample
2021-07-25,35120,34290.29296875,60.51,65.45,70.86,67.11,55.44,60.02,65.1537692249034,46.39,58.41,58.96,False,out_of_sample
2021-07-26,37445,35384.03125,61.95,64.88,72.46,67.55,58.91,62.82,68.63290592143937,44.43,59.39,62.01,False,out_of_sample
2021-07-27,39127,37276.03515625,63.79,64.36,75.82,72.96,62.64,64.71,70.99977274273189,41.65,60.67,64.07,False,out_of_sample
2021-07-28,39940,39503.1875,66.12,63.82,77.76,78.64,65.04,65.56,72.07668021479945,47.33,63.81,64.93,False,out_of_sample
2021-07-29,40087,39995.453125,66.95,63.29,78.59,81.4,67.09,65.64,72.22111226174951,47.72,65.92,64.56,False,out_of_sample
2021-07-30,41790,40027.484375,68.42,62.74,78.17,85.8,67.64,67.43,74.46035761610727,50.3,66.82,66.58,False,out_of_sample
2021-07-31,41794,42196.3046875,68.76,62.18,80.2,85.29,68.35,67.35,74.40751356023473,51.83,66.86,66.54,False,out_of_sample
2021-08-01,40776,41460.84375,88.49,74.18,100.0,84.15,99.49,95.41,72.98725694524585,94.42,79.8,89.89,False,out_of_sample
2021-08-02,46122,39907.26171875,88.69,87.35,96.48,72.81,96.88,95.62,79.7349368693221,90.19,83.36,91.95,False,out_of_sample
2021-08-03,52089,39178.40234375,92.73,95.42,98.19,75.01,98.36,95.03,86.39954274622717,100.0,91.38,93.15,False,out_of_sample
2021-08-04,57964,38213.33203125,94.1,99.82,96.41,82.24,93.62,93.24,92.2481735876721,100.0,96.62,93.18,False,out_of_sample
2021-08-05,58737,39744.515625,91.13,97.65,93.56,81.3,95.79,88.62,92.92431217210961,91.33,91.64,89.31,False,out_of_sample
2021-08-06,33476,40865.8671875,66.02,89.98,68.94,71.29,58.05,60.76,61.792827385296754,57.49,66.94,58.77,False,out_of_sample
2021-08-07,32820,42832.796875,61.03,75.28,70.35,65.95,51.68,57.91,60.63928534431437,50.73,61.45,56.45,False,out_of_sample
2021-08-08,43973,44574.4375,69.15,57.57,83.0,70.91,70.28,69.05,76.75223905303267,61.49,68.99,68.69,False,out_of_sample
2021-08-09,46188,43791.92578125,70.57,46.91,83.5,78.52,68.9,68.41,79.41166465660623,71.94,74.48,69.15,False,out_of_sample
2021-08-10,53934,46280.84765625,72.61,45.48,88.18,88.06,62.3,72.92,87.92751176609163,68.93,73.28,74.84,False,out_of_sample
2021-08-11,67542,45599.703125,78.69,51.69,91.28,87.81,71.48,79.66,100.0,79.95,74.21,82.86,False,out_of_sample
2021-08-12,50501,45576.87890625,68.36,52.88,79.37,85.19,61.83,63.3,84.17699309377603,71.56,61.69,66.05,False,out_of_sample
2021-08-13,47718,44439.69140625,70.97,55.68,82.59,74.93,67.27,72.29,80.98453149442837,65.89,71.49,72.45,False,out_of_sample
2021-08-14,47125,47810.6875,71.41,55.39,85.82,74.85,69.45,71.63,80.2354745801032,68.44,69.87,71.74,False,out_of_sample
2021-08-15,47075,47096.66796875,72.04,55.0,85.15,75.35,73.33,71.49,80.11941931729208,67.58,73.39,71.64,False,out_of_sample
2021-08-16,45985,47019.9609375,71.88,54.58,85.08,74.23,74.63,70.35,78.76574490382664,70.87,72.57,70.43,False,out_of_sample
2021-08-17,44715,45936.45703125,70.92,54.15,83.96,73.03,74.39,69.0,77.15832875065432,69.63,72.34,68.99,False,out_of_sample
2021-08-18,44955,44686.75,69.94,53.75,82.62,72.39,68.57,69.16,77.39695564058415,69.81,70.97,69.19,False,out_of_sample
2021-08-19,46647,44741.8828125,70.0,53.28,82.81,72.31,67.94,70.74,79.38454537394404,67.83,69.36,70.95,False,out_of_sample
2021-08-20,49241,46723.12109375,71.62,52.84,84.47,72.99,68.2,73.08,82.32326625849015,72.54,69.48,73.56,False,out_of_sample
2021-08-21,49071,49327.07421875,72.47,52.42,86.79,73.61,73.28,72.83,82.07475926756318,71.58,71.22,73.33,False,out_of_sample
2021-08-22,49364,48869.10546875,72.91,51.99,86.58,73.31,75.09,73.0,82.34737800435482,71.43,73.83,73.56,False,out_of_sample
2021-08-23,49591,49291.67578125,73.09,51.63,86.8,73.29,78.46,73.11,82.5444673136473,69.77,73.48,73.7,False,out_of_sample
2021-08-24,47926,49562.34765625,72.08,51.19,86.89,73.63,76.27,71.48,80.5959160666657,67.81,73.62,71.97,False,out_of_sample
2021-08-25,49003,47727.2578125,72.15,50.77,85.36,73.7,75.57,72.38,81.76978959776928,68.08,73.68,72.91,False,out_of_sample
2021-08-26,47191,49002.640625,71.14,50.32,86.14,75.36,69.66,70.59,79.62530987437394,70.47,71.76,70.97,False,out_of_sample
2021-08-27,49049,46894.5546875,72.24,49.86,84.38,78.28,69.02,72.24,81.7076946136678,73.95,72.74,72.82,False,out_of_sample
2021-08-28,48853,49072.5859375,71.74,49.41,86.07,78.08,66.75,71.96,81.42878134162277,73.61,70.63,72.56,False,out_of_sample
2021-08-29,48949,48911.25,72.03,49.01,85.86,77.49,68.31,71.96,81.48052455645262,73.91,72.46,72.61,False,out_of_sample
2021-08-30,47126,48834.8515625,71.09,48.57,85.92,77.34,66.22,70.15,79.31977463213622,74.08,72.08,70.68,False,out_of_sample
2021-08-31,47220,47024.33984375,70.5,48.25,84.17,76.83,65.88,70.15,79.37294782123266,71.72,72.02,70.71,False,out_of_sample
2021-09-01,40371,47099.7734375,89.15,74.81,100.0,85.67,97.0,94.78,70.6277750403184,99.15,83.13,89.21,False,out_of_sample
2021-09-02,46549,48807.84765625,89.88,87.76,100.0,75.06,97.66,95.81,78.46483856768283,93.65,82.84,92.19,False,out_of_sample
2021-09-03,54740,49288.25,93.78,95.61,98.61,75.44,98.59,96.98,87.3959546882719,99.5,93.45,95.43,False,out_of_sample
2021-09-04,58052,50009.32421875,93.98,99.86,97.28,81.54,94.24,93.12,90.59764975338231,100.0,94.89,93.1,False,out_of_sample
2021-09-05,58289,49937.859375,91.19,97.52,94.33,81.92,97.48,88.12,90.76772234561089,89.69,92.25,88.8,False,out_of_sample
2021-09-06,37373,51769.00390625,67.13,89.53,68.64,69.7,55.87,65.57,66.0557808460178,59.35,63.97,64.18,False,out_of_sample
2021-09-07,33915,52660.48046875,61.23,74.68,68.38,66.95,50.18,59.32,60.610356053515524,51.41,61.03,58.03,False,out_of_sample
2021-09-08,46266,46827.76171875,70.08,57.13,82.42,72.21,70.68,71.24,77.78231424553309,60.27,70.82,71.14,False,out_of_sample
2021-09-09,46449,45774.7421875,69.25,46.86,82.82,78.11,62.94,68.58,77.9439854277708,72.75,68.31,69.35,False,out_of_sample
2021-09-10,55011,46396.6640625,72.92,45.58,88.21,88.27,64.3,73.71,87.27597926481138,68.43,71.58,75.74,False,out_of_sample
2021-09-11,67096,44869.83984375,79.43,51.97,93.69,88.88,72.58,79.24,98.24280555219288,81.75,75.44,82.43,False,out_of_sample
2021-09-12,47938,45206.62890625,66.76,52.74,79.3,81.42,59.93,60.82,79.52352542636362,70.79,61.67,63.41,False,out_of_sample
2021-09-13,44992,46057.21484375,68.76,46.56,82.71,77.26,63.8,66.81,75.94511422504011,76.58,65.8,67.58,False,out_of_sample
2021-09-14,47023,44960.05078125,68.77,46.47,81.45,76.6,66.46,68.72,78.33914127947294,68.79,66.89,69.66,False,out_of_sample
2021-09-15,48168,47098.0,68.86,46.42,83.5,74.69,66.45,69.72,79.61787219644943,67.76,65.4,70.77,False,out_of_sample
2021-09-16,47798,48158.90625,69.01,46.41,84.51,75.65,64.74,69.29,79.13248745732778,68.04,67.55,70.31,False,out_of_sample
2021-09-17,47214,47771.00390625,68.52,46.41,84.1,77.33,62.47,68.65,78.3924794287318,65.48,68.66,69.66,False,out_of_sample
2021-09-18,48205,47273.52734375,68.91,46.41,83.5,77.34,63.82,69.5,79.48918438006251,65.94,68.12,70.62,False,out_of_sample
2021-09-19,47219,48268.85546875,69.02,46.36,84.43,77.42,66.18,68.48,78.28387625174655,67.49,67.35,69.56,False,out_of_sample
2021-09-20,42856,47261.40625,67.25,46.27,83.45,77.55,66.26,64.01,72.83952544466626,65.67,68.29,64.77,False,out_of_sample
2021-09-21,40527,43012.234375,65.14,46.13,78.76,76.67,59.43,61.41,69.6764377346184,68.57,67.09,61.99,False,out_of_sample
2021-09-22,43578,40677.953125,64.85,46.01,75.88,74.82,55.05,64.62,73.65231575647802,70.07,61.95,65.5,False,out_of_sample
2021-09-23,44862,43560.296875,65.32,45.94,79.65,74.21,55.8,65.86,75.20867370755307,69.45,58.94,66.87,False,out_of_sample
2021-09-24,42804,44894.30078125,65.36,45.88,81.08,73.56,59.66,63.65,72.54053938906854,68.56,62.59,64.53,False,out_of_sample
2021-09-25,42736,42840.890625,65.39,45.81,78.72,73.16,60.42,63.5,72.39426666991416,69.88,63.97,64.42,False,out_of_sample
2021-09-26,43132,42721.62890625,64.58,45.79,78.64,72.62,56.81,63.84,72.84925425887167,68.42,61.42,64.6,False,out_of_sample
2021-09-27,42497,43234.18359375,64.13,45.76,78.76,77.07,57.36,63.09,71.96661790814461,61.81,61.22,63.82,False,out_of_sample
2021-09-28,41224,42200.8984375,63.12,45.65,77.99,76.72,57.55,61.63,70.217192706554,57.94,61.58,62.29,False,out_of_sample
2021-09-29,41454,41064.984375,63.21,45.54,76.4,76.35,55.67,61.81,70.46855734662402,62.92,60.7,62.52,False,out_of_sample
2021-09-30,43782,41551.26953125,64.24,45.46,76.7,75.5,57.69,64.21,73.45007951040866,64.84,59.01,65.13,False,out_of_sample
2021-10-01,38330,43816.7421875,88.58,75.4,100.0,86.33,95.59,92.35,65.99309160927598,100.0,85.03,86.52,False,out_of_sample
2021-10-02,45079,48137.46875,91.36,88.14,100.0,80.96,98.37,94.22,74.95911214388005,96.76,91.04,90.46,False,out_of_sample
2021-10-03,56117,47680.02734375,94.69,95.8,99.92,76.18,100.0,97.84,87.0903993365316,100.0,94.38,96.49,False,out_of_sample
2021-10-04,59652,48208.90625,94.43,99.92,97.26,81.59,94.94,94.11,90.43438071438476,98.42,96.24,94.29,False,out_of_sample
2021-10-05,55903,49174.9609375,90.75,97.38,93.98,83.02,97.56,86.12,86.76556516806738,90.22,93.34,86.6,False,out_of_sample
2021-10-06,36827,51486.6640625,67.78,89.02,74.93,70.46,55.26,64.84,63.47322175920067,62.08,63.55,63.38,False,out_of_sample
2021-10-07,33611,55338.625,61.28,74.1,70.35,63.46,54.33,58.87,58.32669329262622,53.09,59.21,57.56,False,out_of_sample
2021-10-08,45489,53802.14453125,69.91,56.72,84.67,73.99,70.71,70.4,75.11816242100423,58.4,70.06,70.25,False,out_of_sample
2021-10-09,44766,53929.78125,68.43,46.77,83.0,79.27,60.12,66.82,74.16845620677955,73.3,67.43,67.46,False,out_of_sample
2021-10-10,54702,54952.8203125,73.2,45.74,88.99,88.27,66.44,73.35,85.27546618504309,68.93,71.55,75.38,False,out_of_sample
2021-10-11,64757,54734.125,79.26,52.21,93.31,89.86,72.44,77.49,94.61876675235447,81.49,78.93,80.54,False,out_of_sample
2021-10-12,47438,57526.83203125,65.61,52.6,76.63,80.32,58.97,60.26,77.22557653291226,67.16,61.52,62.85,False,out_of_sample
2021-10-13,57349,56038.2578125,75.63,46.22,89.58,87.48,70.54,75.18,87.73968145367685,77.68,74.2,77.43,False,out_of_sample
2021-10-14,57385,57372.83203125,75.11,46.41,90.3,86.51,69.36,75.09,87.71873362085144,75.57,73.04,77.38,False,out_of_sample
2021-10-15,61447,57345.90234375,76.4,46.65,90.21,85.19,71.55,78.09,91.47432256978301,75.62,73.94,80.64,False,out_of_sample
2021-10-16,60933,61609.52734375,76.53,46.83,92.69,87.28,68.42,77.59,90.95067049264462,76.81,73.82,80.13,False,out_of_sample
2021-10-17,61463,60887.65234375,77.39,47.02,92.29,87.69,72.0,77.86,91.37792333543999,76.32,77.21,80.49,False,out_of_sample
2021-10-18,61978,61548.8046875,77.87,47.19,92.57,87.59,72.79,78.13,91.78765588959848,79.2,76.6,80.79,False,out_of_sample
2021-10-19,64291,62043.1640625,78.76,47.4,92.75,88.12,76.06,79.67,93.77519105264311,77.79,76.88,82.42,False,out_of_sample
2021-10-20,66062,64284.5859375,79.69,47.65,93.83,90.26,75.9,80.78,95.23535118348937,78.97,77.15,83.63,False,out_of_sample
2021-10-21,62374,66002.234375,79.28,47.87,94.59,92.57,75.83,78.04,91.97667834122917,78.86,78.88,80.71,False,out_of_sample
2021-10-22,60751,62237.890625,79.24,48.05,92.32,93.67,75.03,76.72,90.45078882490434,83.08,80.12,79.31,False,out_of_sample
2021-10-23,61251,60694.62890625,78.57,48.22,91.27,93.37,73.15,76.98,90.85250267929436,82.39,76.98,79.64,False,out_of_sample
2021-10-24,60866,61368.34375,78.3,48.41,91.55,92.73,73.14,76.58,90.44526145288175,82.82,75.46,79.22,False,out_of_sample
2021-10-25,63032,60893.92578125,79.43,48.62,91.21,94.82,75.94,78.06,92.34083020674304,83.17,75.75,80.83,False,out_of_sample
2021-10-26,60394,63032.76171875,79.12,48.8,92.41,95.27,76.1,75.99,89.89983529621782,85.25,75.28,78.65,False,out_of_sample
2021-10-27,58564,60352.0,78.7,48.98,90.68,94.96,75.7,74.48,88.12705142587981,86.74,76.96,77.07,False,out_of_sample
2021-10-28,60565,58470.73046875,77.67,49.16,89.42,92.11,71.97,75.91,89.94655140383578,82.85,74.59,78.64,False,out_of_sample
2021-10-29,62231,60624.87109375,78.08,49.37,90.7,91.74,74.48,77.04,91.40583339855515,81.02,72.86,79.89,False,out_of_sample
2021-10-30,61743,62239.36328125,78.18,49.56,91.66,90.26,74.97,76.56,90.91096210477203,81.44,74.48,79.43,False,out_of_sample
2021-10-31,61433,61850.48828125,77.95,49.76,91.32,90.21,73.44,76.22,90.57451783635959,80.88,75.76,79.07,False,out_of_sample
2021-11-01,35270,61320.44921875,86.71,75.91,99.58,86.15,93.75,88.59,59.53126033357731,97.63,84.52,82.32,False,out_of_sample
2021-11-02,47893,60963.25390625,92.03,88.54,99.59,82.88,95.17,96.63,76.55846267666425,95.66,91.35,93.26,False,out_of_sample
2021-11-03,57848,63254.3359375,95.29,95.99,100.0,77.08,99.0,98.93,87.04972796331853,99.05,96.8,97.71,False,out_of_sample
2021-11-04,59933,62941.8046875,94.9,99.98,98.04,82.58,96.49,94.12,88.97190539306968,99.14,96.17,94.35,False,out_of_sample
2021-11-05,56613,61460.078125,90.15,97.26,92.39,83.38,96.81,86.53,85.73242120127503,85.95,92.84,87.11,False,out_of_sample
2021-11-06,37186,61068.875,67.35,88.5,74.12,69.43,51.21,65.19,62.191567315049475,57.82,69.07,63.79,False,out_of_sample
2021-11-07,34259,61554.921875,61.6,73.57,69.82,62.84,53.21,59.66,57.551422374984504,54.63,60.76,58.47,False,out_of_sample
2021-11-08,45677,63344.06640625,70.31,56.35,83.82,74.15,70.01,70.5,73.56833784659042,61.01,72.49,70.4,False,out_of_sample
2021-11-09,45099,67549.734375,68.24,46.74,81.23,78.19,60.3,67.08,72.7991400734773,73.29,67.58,67.78,False,out_of_sample
2021-11-10,57290,66953.3359375,74.63,45.93,88.69,88.42,70.56,75.34,86.11717257989794,70.32,72.42,77.57,False,out_of_sample
2021-11-11,64963,64978.890625,78.84,52.42,91.86,87.46,74.28,77.52,93.08857983308101,79.73,78.48,80.61,False,out_of_sample
2021-11-12,49322,64863.98046875,64.78,52.48,76.1,79.11,56.68,61.98,77.63176216151302,61.11,58.73,64.72,False,out_of_sample
2021-11-13,64398,64158.12109375,78.8,52.81,90.81,93.5,72.42,76.89,92.49001187617108,79.54,76.64,79.91,False,out_of_sample
2021-11-14,65033,64455.37109375,79.03,52.96,90.97,93.56,72.19,77.22,92.98370794676603,81.1,75.86,80.32,False,out_of_sample
2021-11-15,63754,65521.2890625,79.31,53.09,91.33,93.46,72.98,76.2,91.81764502181157,85.33,76.05,79.25,False,out_of_sample
2021-11-16,60323,63721.1953125,78.04,53.17,90.45,92.85,71.41,73.56,88.66786479655455,84.71,76.5,76.4,False,out_of_sample
2021-11-17,60155,60139.62109375,76.88,53.24,88.07,91.32,69.1,73.32,88.45631055743468,82.24,75.39,76.16,False,out_of_sample
2021-11-18,56795,60360.13671875,75.32,53.26,87.89,91.73,66.25,70.59,85.1846729153429,82.3,72.45,73.27,False,out_of_sample
2021-11-19,58015,56896.12890625,74.87,53.29,85.42,90.97,63.96,71.46,86.3181326690374,80.98,72.26,74.24,False,out_of_sample
2021-11-20,59750,58115.08203125,74.28,53.36,86.36,84.18,63.29,72.71,87.91161864293362,81.19,69.21,75.63,False,out_of_sample
2021-11-21,59033,59730.5078125,74.27,53.44,87.61,84.04,62.37,72.05,87.18027743472709,81.72,70.27,74.98,False,out_of_sample
2021-11-22,56384,58706.84765625,73.44,53.5,87.07,83.92,62.29,69.85,84.55442944202665,80.27,71.74,72.64,False,out_of_sample
2021-11-23,57643,56304.5546875,72.85,53.55,85.06,84.39,60.01,70.76,85.73488783511397,76.46,71.02,73.65,False,out_of_sample
2021-11-24,57142,57565.8515625,72.69,53.58,86.03,84.01,62.28,70.26,85.19027332233318,76.16,68.54,73.16,False,out_of_sample
2021-11-25,59009,57165.41796875,72.74,53.6,85.61,84.07,61.58,71.63,86.93489856253102,72.27,69.61,74.55,False,out_of_sample
2021-11-26,53801,58960.28515625,71.48,53.54,86.71,85.71,60.32,67.29,81.70418221526758,73.62,69.07,69.92,False,out_of_sample
2021-11-27,54636,53736.4296875,71.39,53.51,82.53,86.02,57.9,67.91,82.51060542205656,75.51,70.67,70.64,False,out_of_sample
2021-11-28,57249,54813.0234375,71.59,53.46,83.28,85.83,58.43,69.96,85.07162540994774,74.62,65.75,72.88,False,out_of_sample
2021-11-29,57921,57291.90625,72.03,53.44,85.41,86.06,60.92,70.4,85.66962178028086,71.49,66.49,73.38,False,out_of_sample
2021-11-30,57098,57830.11328125,72.07,53.4,85.87,84.99,60.46,69.64,84.81194083691527,72.9,68.86,72.6,False,out_of_sample
2021-12-01,33713,56907.96484375,85.38,76.41,96.79,85.38,91.73,86.48,55.22849083149969,100.0,81.95,80.0,False,out_of_sample
2021-12-02,47526,57217.37109375,91.94,88.93,100.0,83.32,95.22,96.08,74.41577754490126,96.8,89.61,92.71,False,out_of_sample
2021-12-03,57335,56509.1640625,95.67,96.16,100.0,79.83,100.0,98.32,84.87655339661113,99.14,97.95,97.09,False,out_of_sample
2021-12-04,59906,53727.87890625,95.03,99.97,98.07,83.31,95.87,93.91,87.2798961302922,99.43,97.38,94.15,False,out_of_sample
2021-12-05,50973,49201.51953125,88.39,97.17,92.81,84.47,93.14,81.76,78.17040478138937,89.93,90.62,81.76,False,out_of_sample
2021-12-06,35670,49413.48046875,66.31,87.95,74.63,70.1,51.13,63.27,58.09578077007406,54.86,68.24,61.69,False,out_of_sample
2021-12-07,33136,50581.828125,60.59,73.04,70.95,62.81,52.1,58.12,53.904149104026864,51.6,60.17,56.76,False,out_of_sample
2021-12-08,44406,50667.6484375,69.88,55.99,83.95,74.73,69.08,69.15,70.26478937424292,62.95,71.45,68.95,False,out_of_sample
2021-12-09,46181,50450.08203125,68.69,46.66,81.59,77.53,61.25,68.07,72.40584764960354,75.57,65.54,68.9,False,out_of_sample
2021-12-10,56197,47642.14453125,74.52,46.08,90.48,87.82,68.89,74.36,83.3610705557944,73.18,71.96,76.51,False,out_of_sample
2021-12-11,64079,47264.6328125,78.27,52.62,91.89,88.99,72.22,76.78,90.66953388080424,79.17,76.56,79.74,False,out_of_sample
2021-12-12,50137,49354.85546875,64.74,52.36,78.16,76.88,54.78,62.66,76.84621108818413,61.33,58.11,65.49,False,out_of_sample
2021-12-13,46786,50114.7421875,63.72,52.24,79.01,75.57,52.76,59.39,72.90726725030197,63.02,60.09,62.04,False,out_of_sample
2021-12-14,48293,46709.82421875,63.57,52.13,75.34,73.73,51.99,60.78,74.62951577208703,62.95,60.86,63.5,False,out_of_sample
2021-12-15,48831,48379.75390625,63.49,52.05,77.02,74.16,51.6,61.21,75.19446576993377,62.81,57.15,64.0,False,out_of_sample
2021-12-16,47664,48900.46484375,62.51,51.93,77.59,73.82,48.4,60.02,73.77957430768764,59.17,58.74,62.75,False,out_of_sample
2021-12-17,46335,47653.73046875,61.68,51.81,76.29,72.97,47.76,58.64,72.13472416530338,58.42,59.24,61.32,False,out_of_sample
2021-12-18,46905,46219.25390625,61.42,51.7,74.78,71.67,45.39,59.13,72.76408599287106,61.12,57.89,61.88,False,out_of_sample
2021-12-19,46877,46853.8671875,61.82,51.63,75.46,71.32,49.43,59.03,72.67340507952261,62.22,56.33,61.82,False,out_of_sample
2021-12-20,46955,46707.0625,61.24,51.55,75.42,70.86,49.03,59.03,72.70964009256903,57.34,56.9,61.86,False,out_of_sample
2021-12-21,49083,46886.078125,62.62,51.48,75.54,70.32,53.61,61.0,75.14235947896005,59.52,56.79,64.0,False,out_of_sample
2021-12-22,48693,48937.09765625,62.86,51.4,77.9,70.3,54.07,60.56,74.6373333252354,60.26,56.8,63.55,False,out_of_sample
2021-12-23,50713,48626.34375,63.73,51.36,77.47,70.2,56.21,62.36,76.86433953465986,58.52,59.06,65.49,False,out_of_sample
2021-12-24,50784,50806.05078125,63.28,51.32,79.52,67.23,55.63,62.34,76.88634336017958,56.51,58.55,65.52,False,out_of_sample
2021-12-25,50591,50854.91796875,63.48,51.25,79.56,66.43,56.09,62.08,76.61574048693129,57.35,60.61,65.29,False,out_of_sample
2021-12-26,50799,50428.69140625,63.4,51.16,79.38,67.78,53.92,62.19,76.78973319591076,57.28,60.59,65.44,False,out_of_sample
2021-12-27,50797,50802.609375,63.32,51.14,79.57,67.66,53.52,62.11,76.73091901172694,57.38,60.3,65.4,False,out_of_sample
2021-12-28,47674,50679.859375,62.25,51.09,79.55,66.96,50.9,59.1,73.10697137656773,60.46,60.42,62.24,False,out_of_sample
2021-12-29,46471,47623.87109375,61.14,51.04,76.21,65.14,50.68,57.85,71.61287197139342,59.86,60.32,60.94,False,out_of_sample
2021-12-30,47103,46490.60546875,60.31,51.03,74.84,62.91,45.68,58.4,72.31531956013553,62.61,56.88,61.53,False,out_of_sample
2021-12-31,46356,47169.37109375,60.0,51.0,75.58,62.09,46.98,57.59,71.35913512150442,62.65,55.45,60.66,False,out_of_sample
2022-01-01,47561,46311.74609375,60.8,50.96,74.69,63.06,50.23,58.71,72.74540448916544,62.36,56.08,61.88,False,out_of_sample
2022-01-02,38788,47680.92578125,48.59,47.35,64.62,47.38,40.51,47.52,61.21776038816294,39.68,42.4,50.29,False,out_of_sample
2022-01-03,44335,47343.54296875,50.3,39.73,71.21,43.0,46.25,52.33,68.6795596401966,41.62,39.71,55.91,False,out_of_sample
2022-01-04,46251,46458.8515625,51.79,34.63,73.42,35.33,48.95,52.58,71.00271747488327,51.61,49.36,56.65,False,out_of_sample
2022-01-05,38460,45899.359375,42.0,33.57,61.26,16.19,46.6,42.28,60.564666445914696,42.28,36.33,46.63,False,out_of_sample
2022-01-06,29826,43565.51171875,30.58,29.35,50.75,14.54,34.0,29.19,46.19711110672995,21.32,24.45,33.22,False,out_of_sample
2022-01-07,19342,43153.5703125,8.49,20.61,5.47,4.18,12.42,7.78,21.758114906534882,0.0,0.0,11.06,False,out_of_sample
2022-01-08,23332,41561.46484375,13.6,7.23,29.62,0.0,18.78,16.32,32.253135200078994,0.66,6.71,20.15,False,out_of_sample
2022-01-09,20106,41734.7265625,7.4,0.0,13.43,0.0,16.85,8.64,23.81311672700408,1.38,0.0,12.6,False,out_of_sample
2022-01-10,19312,41910.23046875,6.91,0.0,11.47,0.0,23.79,6.29,21.481534246205054,0.0,0.0,10.51,False,out_of_sample
2022-01-11,20484,41819.5078125,9.67,7.75,18.32,0.0,27.2,8.89,24.736447227099056,0.0,0.0,13.26,False,out_of_sample
2022-01-12,16962,42742.1796875,3.79,9.88,1.86,0.0,19.04,0.0,14.047489243014194,0.0,0.0,3.02,False,out_of_sample
2022-01-13,42627,43946.7421875,54.95,50.03,71.91,49.55,50.04,52.87,65.89161404930894,50.82,50.01,56.08,False,out_of_sample
2022-01-14,43103,42598.87109375,54.41,49.99,70.09,46.27,50.26,53.33,66.45945651846763,48.04,51.39,56.6,False,out_of_sample
2022-01-15,43207,43101.8984375,54.47,49.95,70.77,44.44,52.97,53.38,66.5375597448821,48.55,49.67,56.7,False,out_of_sample
2022-01-16,43169,43172.0390625,54.44,49.91,70.91,43.88,52.78,53.28,66.43031873465416,48.69,50.18,56.63,False,out_of_sample
2022-01-17,42212,43118.12109375,53.96,49.88,70.85,43.27,52.61,52.18,65.1092569678462,48.57,50.22,55.5,False,out_of_sample
2022-01-18,42432,42250.07421875,53.7,49.86,69.52,43.93,48.89,52.37,65.34443009193805,50.21,50.09,55.73,False,out_of_sample
2022-01-19,41788,42374.0390625,53.36,49.81,69.86,42.98,48.12,51.6,64.42455968260454,52.16,48.82,54.93,False,out_of_sample
2022-01-20,40757,41744.02734375,52.85,49.68,69.01,45.02,48.33,50.38,62.95830990735444,49.92,49.02,53.67,False,out_of_sample
2022-01-21,36493,40699.60546875,50.61,49.53,67.5,45.68,45.49,45.19,56.66954370039914,50.71,48.13,48.22,False,out_of_sample
2022-01-22,34997,36471.58984375,48.4,49.36,60.43,47.87,38.12,43.2,54.25038874607869,50.87,46.73,46.14,False,out_of_sample
2022-01-23,36272,35047.359375,47.43,49.19,57.53,48.18,33.05,44.82,56.209393336950676,50.78,40.8,47.86,False,out_of_sample
2022-01-24,36660,36275.734375,47.63,49.02,60.14,48.05,35.04,45.27,56.75070242805229,49.16,38.53,48.35,False,out_of_sample
2022-01-25,36953,36654.8046875,48.48,48.8,60.97,48.75,38.11,45.59,57.141002159223184,49.53,40.37,48.69,False,out_of_sample
2022-01-26,36826,36950.515625,48.21,48.6,61.54,48.32,36.98,45.38,56.888074170364845,48.46,40.88,48.5,False,out_of_sample
2022-01-27,37022,36841.87890625,47.66,48.41,61.35,46.67,34.84,45.59,57.12885713906638,46.66,41.24,48.73,False,out_of_sample
2022-01-28,37769,37128.4453125,47.2,48.2,61.76,47.18,35.44,46.47,58.19743475384435,38.6,41.0,49.68,False,out_of_sample
2022-01-29,38089,37780.71484375,47.39,48.01,63.22,46.57,38.33,46.81,58.61503216278384,35.45,41.23,50.07,False,out_of_sample
2022-01-30,37984,38151.91796875,48.06,47.78,63.89,46.67,40.61,46.64,58.40072507797196,38.21,42.23,49.91,False,out_of_sample
2022-01-31,38463,37920.28125,48.4,47.57,63.77,48.05,39.65,47.17,59.04963164365773,39.07,42.61,50.5,False,out_of_sample
2022-02-01,47353,38481.765625,61.11,50.94,76.1,61.05,55.08,58.43,70.73049618760955,62.59,55.15,61.64,False,out_of_sample
2022-02-02,36943,38743.71484375,48.27,47.12,64.82,51.08,40.83,45.2,56.65613105610326,39.44,43.0,47.87,False,out_of_sample
2022-02-03,43985,36944.8046875,51.38,39.46,72.7,44.68,48.92,51.9,66.44997264893449,39.83,46.92,55.47,False,out_of_sample
2022-02-04,45940,37149.265625,51.34,34.63,74.23,33.62,48.57,52.2,68.84850575138202,51.86,47.46,56.3,False,out_of_sample
2022-02-05,38567,41501.48046875,42.6,33.51,62.63,18.4,47.78,42.37,58.910027337643655,44.07,35.0,46.72,False,out_of_sample
2022-02-06,30505,41441.12109375,29.82,29.15,45.39,14.8,29.69,30.23,45.604202076663924,20.7,24.58,34.28,False,out_of_sample
2022-02-07,19232,42406.78125,8.07,20.26,5.76,3.72,10.08,7.49,19.48111416831567,0.0,0.0,10.78,False,out_of_sample
2022-02-08,23032,43854.65234375,13.49,6.86,29.5,0.0,21.66,15.68,29.60622559241767,0.0,6.04,19.5,False,out_of_sample
2022-02-09,19949,44096.703125,6.74,0.0,13.98,0.0,13.0,8.25,21.423418219980903,0.0,0.0,12.2,False,out_of_sample
2022-02-10,19016,44347.80078125,6.72,0.15,10.7,0.0,25.11,5.52,18.653471843135875,0.0,0.0,9.74,False,out_of_sample
2022-02-11,20149,43571.12890625,9.18,8.02,18.31,0.0,25.14,8.07,21.86158903274407,0.0,0.0,12.41,False,out_of_sample
2022-02-12,17076,42412.30078125,3.67,9.84,0.23,0.0,19.06,0.0,12.443996321543507,0.0,0.0,3.35,False,out_of_sample
2022-02-13,42196,42236.56640625,52.33,44.27,69.83,43.87,50.07,50.81,63.527182737561525,49.58,47.23,54.09,False,out_of_sample
2022-02-14,42647,42157.3984375,52.74,44.03,69.86,42.77,51.47,51.25,64.07054708291979,52.07,46.92,54.59,False,out_of_sample
2022-02-15,44512,42586.46484375,53.26,43.83,70.51,40.73,51.28,53.2,66.43333595222877,52.47,46.87,56.67,False,out_of_sample
2022-02-16,44066,44578.27734375,53.38,43.61,72.99,39.74,51.81,52.67,65.80635080954649,52.81,47.35,56.14,False,out_of_sample
2022-02-17,40611,43937.0703125,51.92,43.31,72.38,39.14,51.42,48.8,61.13035787667853,51.48,49.55,52.09,False,out_of_sample
2022-02-18,40045,40552.1328125,49.73,43.02,67.43,35.99,45.06,48.09,60.27832145488554,49.33,48.92,51.38,False,out_of_sample
2022-02-19,40096,40026.0234375,48.56,42.73,66.56,33.68,42.7,48.1,60.29219305165833,48.98,44.5,51.42,False,out_of_sample
2022-02-20,38552,40118.1015625,47.43,42.44,66.65,32.69,40.39,46.22,58.012042852891895,49.0,43.68,49.47,False,out_of_sample
2022-02-21,37099,38423.2109375,46.17,42.1,64.08,31.98,37.68,44.37,55.779501644594006,49.76,43.67,47.53,False,out_of_sample
2022-02-22,38203,37068.76953125,46.24,41.79,61.51,30.91,37.25,45.7,57.38055061651849,52.77,41.5,48.95,False,out_of_sample
2022-02-23,37309,38285.28125,45.67,41.5,63.54,30.31,37.43,44.55,55.98170965204511,52.02,39.37,47.74,False,out_of_sample
2022-02-24,38284,37278.56640625,45.59,41.24,61.92,30.41,39.22,45.71,57.383548481645185,46.12,40.86,48.99,False,out_of_sample
2022-02-25,39324,38333.74609375,45.53,40.97,63.69,28.63,37.6,46.92,58.842667267108716,45.09,39.52,50.27,False,out_of_sample
2022-02-26,39057,39213.08203125,45.72,40.7,65.5,30.76,35.31,46.55,58.398625531455096,45.18,40.82,49.92,False,out_of_sample
2022-02-27,37665,39098.69921875,44.98,40.33,65.06,31.63,35.59,44.8,56.28508240320994,42.27,42.17,48.11,False,out_of_sample
2022-02-28,43180,37706.0,46.94,40.0,62.64,31.59,39.61,51.15,63.96607799297666,39.41,41.73,54.65,False,out_of_sample
2022-03-01,46454,43194.50390625,60.65,50.88,75.86,60.04,54.02,57.47,68.04844430212901,62.54,56.42,60.66,False,out_of_sample
2022-03-02,37058,44357.6171875,47.87,46.83,61.54,50.07,40.66,45.3,55.189005815281355,39.86,43.38,48.0,False,out_of_sample
2022-03-03,42493,43925.1953125,51.08,39.18,72.21,45.7,47.98,50.23,62.88450930829848,41.76,48.24,53.73,False,out_of_sample
2022-03-04,46441,42458.140625,51.96,34.68,73.84,33.41,49.07,52.65,67.86121412062363,55.32,48.18,56.8,False,out_of_sample
2022-03-05,37705,39148.44921875,41.99,33.42,62.92,19.68,47.86,41.25,55.993971114952124,39.53,35.99,45.56,False,out_of_sample
2022-03-06,29663,39404.19921875,28.99,28.93,47.51,16.79,28.14,28.87,42.33835842907517,18.76,21.0,32.87,False,out_of_sample
2022-03-07,19277,38429.3046875,7.72,19.87,5.1,3.06,8.32,7.59,17.846912954749154,0.0,0.0,10.89,False,out_of_sample
2022-03-08,22810,38059.90234375,13.66,6.51,28.19,0.0,20.47,15.19,27.32457438146402,5.97,5.94,19.02,False,out_of_sample
2022-03-09,19804,38742.81640625,6.52,0.0,13.13,0.0,13.04,7.88,19.25002780981374,0.0,0.0,11.84,False,out_of_sample
2022-03-10,19634,41974.0703125,6.91,0.33,8.81,0.0,23.74,7.08,18.698247019037947,0.0,0.0,11.34,False,out_of_sample
2022-03-11,20199,39439.96875,8.91,8.25,16.42,0.0,24.12,8.18,20.244280657887217,0.0,0.0,12.52,False,out_of_sample
2022-03-12,16900,38794.46484375,3.54,9.79,1.2,0.0,18.03,0.0,10.067121793524985,0.0,0.0,2.84,False,out_of_sample
2022-03-13,37809,38884.7265625,44.8,36.41,64.58,31.82,42.07,44.24,55.68196765326383,41.69,40.44,47.58,False,out_of_sample
2022-03-14,39650,37846.31640625,45.51,36.19,62.56,31.75,44.28,46.42,58.32081597020652,41.21,40.55,49.9,False,out_of_sample
2022-03-15,39357,39664.25,45.4,35.98,65.74,31.35,42.54,46.01,57.84177561295885,42.32,38.89,49.51,False,out_of_sample
2022-03-16,41102,39335.5703125,47.21,35.76,65.27,31.72,44.5,48.0,60.24542454297266,48.24,41.37,51.6,False,out_of_sample
2022-03-17,40967,41140.84375,46.9,35.63,68.01,30.71,45.78,47.78,60.00076558771884,43.74,40.9,51.36,False,out_of_sample
2022-03-18,41827,40944.83984375,47.8,35.5,67.85,33.6,47.37,48.7,61.12203173030131,42.44,43.16,52.37,False,out_of_sample
2022-03-19,42194,41794.6484375,47.71,35.31,69.13,30.11,47.87,49.05,61.56013580177614,42.67,42.91,52.77,False,out_of_sample
2022-03-20,41295,42191.40625,47.25,35.11,69.65,30.46,47.52,47.98,60.27963543791278,40.43,43.96,51.7,False,out_of_sample
2022-03-21,41065,41246.1328125,47.49,34.91,68.3,30.25,48.43,47.66,59.904588985456876,43.95,44.35,51.4,False,out_of_sample
2022-03-22,42384,41074.10546875,47.73,34.73,67.94,30.77,47.89,49.09,61.642001873092,43.41,43.13,52.93,False,out_of_sample
2022-03-23,42735,42364.37890625,48.31,34.56,69.87,30.82,47.5,49.43,62.05268391769499,46.54,42.76,53.31,False,out_of_sample
2022-03-24,43975,42886.65234375,48.93,34.46,70.33,30.46,47.57,50.71,63.619727082092744,46.32,44.38,54.69,False,out_of_sample
2022-03-25,44348,43964.546875,49.52,34.44,72.01,29.68,49.19,51.05,64.04207835676668,47.81,44.74,54.91,False,out_of_sample
2022-03-26,44520,44349.859375,50.26,34.44,72.21,31.19,51.73,51.17,64.20459017759147,48.41,46.19,55.08,False,out_of_sample
2022-03-27,46778,44505.35546875,50.85,34.44,72.43,30.74,51.33,53.44,66.95846699347477,46.82,46.56,57.5,False,out_of_sample
2022-03-28,47224,46821.8515625,51.46,34.44,75.22,31.04,52.78,53.82,67.44068159292299,46.4,46.68,57.92,False,out_of_sample
2022-03-29,47464,47100.4375,52.43,34.47,75.61,34.0,52.83,54.0,67.67181379161387,48.65,49.24,58.03,False,out_of_sample
2022-03-30,47124,47456.8984375,52.62,34.54,75.78,35.03,53.53,53.59,67.20621220282469,49.2,49.66,57.65,False,out_of_sample
2022-03-31,45563,47062.1484375,51.96,34.6,75.33,35.37,50.52,51.94,65.23414542909191,51.22,49.84,55.95,False,out_of_sample
2022-04-01,45906,45554.1640625,59.3,50.8,74.8,58.98,50.73,56.85,65.60333299658174,58.08,56.1,60.03,False,out_of_sample
2022-04-02,41080,46285.5,49.11,46.61,61.78,49.3,38.76,50.05,59.23008465847174,41.42,40.73,53.05,False,out_of_sample
2022-04-03,39107,45859.12890625,49.02,38.86,70.09,45.19,43.23,46.28,56.37300523877884,43.76,47.73,49.61,False,out_of_sample
2022-04-04,46664,46445.2734375,52.32,34.7,74.44,33.22,51.23,52.81,66.36329166909329,55.88,47.72,56.99,False,out_of_sample
2022-04-05,39642,46624.5078125,42.78,33.36,61.43,20.39,46.15,43.59,57.02939212080507,41.76,36.07,48.0,False,out_of_sample
2022-04-06,29793,45544.35546875,29.02,28.72,45.18,16.17,28.54,29.05,40.722348867182575,20.0,22.19,33.07,False,out_of_sample
2022-04-07,20227,43207.5,8.79,19.49,5.47,3.7,10.28,9.89,18.628382468844233,0.0,0.0,13.29,False,out_of_sample
2022-04-08,22629,43505.13671875,13.54,6.16,27.19,0.0,19.46,14.79,24.95107846258564,9.26,5.19,18.61,False,out_of_sample
2022-04-09,19962,42282.078125,6.94,0.0,12.26,0.0,16.54,8.25,17.752323891001947,0.0,0.0,12.21,False,out_of_sample
2022-04-10,20340,42781.08984375,7.86,0.53,12.73,0.0,22.93,8.8,18.757192555049247,0.0,0.0,13.11,False,out_of_sample
2022-04-11,21158,42201.0390625,9.61,8.5,16.72,0.0,22.92,10.47,20.938939118603184,0.0,0.0,14.78,False,out_of_sample
2022-04-12,17122,39533.71484375,3.41,9.76,0.0,0.0,16.79,0.06,8.826687811931272,0.0,0.0,3.5,False,out_of_sample
2022-04-13,41153,40123.5703125,45.6,34.27,65.46,24.11,44.31,46.38,58.693960493243324,49.34,38.9,50.52,False,out_of_sample
2022-04-14,39917,41160.21875,45.32,34.15,67.14,23.29,44.67,44.88,56.89952896843968,49.77,39.58,48.89,False,out_of_sample
2022-04-15,40528,39939.40234375,45.43,34.05,65.09,24.39,45.5,45.55,57.70655642623963,47.49,40.9,49.63,False,out_of_sample
2022-04-16,40440,40552.31640625,45.18,33.96,66.08,23.59,44.5,45.39,57.52472914799878,48.26,39.19,49.51,False,out_of_sample
2022-04-17,39705,40417.77734375,45.2,33.84,65.95,23.75,47.55,44.47,56.421817977859945,47.54,39.93,48.6,False,out_of_sample
2022-04-18,40819,39721.203125,44.55,33.81,64.73,23.03,44.84,45.73,57.94012527247329,42.66,39.74,49.95,False,out_of_sample
2022-04-19,41490,40828.17578125,44.82,33.78,66.56,22.36,43.95,46.45,58.811196956227874,43.63,38.68,50.73,False,out_of_sample
2022-04-20,41396,41501.74609375,45.3,33.76,67.59,22.59,44.17,46.29,58.6240891804513,45.53,40.1,50.59,False,out_of_sample
2022-04-21,40458,41371.515625,45.13,33.74,67.44,22.49,48.05,45.15,57.259947766521194,43.22,40.9,49.33,False,out_of_sample
2022-04-22,39738,40525.86328125,44.76,33.69,65.82,21.94,48.79,44.25,56.17840519146618,44.33,40.71,48.41,False,out_of_sample
2022-04-23,39583,39738.72265625,44.37,33.65,64.68,22.2,48.36,44.02,55.89746664769171,44.17,39.4,48.2,False,out_of_sample
2022-04-24,39512,39478.375,44.01,33.62,64.42,22.18,48.18,43.88,55.73693730475707,42.79,38.36,48.11,False,out_of_sample
2022-04-25,40474,39472.60546875,44.91,33.6,64.3,21.73,51.69,44.98,57.050401435677266,44.83,38.08,49.27,False,out_of_sample
2022-04-26,38073,40448.421875,43.97,33.6,65.92,23.08,48.39,42.03,53.50491113766726,46.01,37.92,46.23,False,out_of_sample
2022-04-27,39219,38120.30078125,44.04,33.59,61.85,22.69,48.19,43.39,55.137876235484704,45.83,39.14,47.68,False,out_of_sample
2022-04-28,39748,39241.4296875,43.31,33.61,63.9,21.2,44.36,43.98,55.84388965432163,44.04,35.78,48.31,False,out_of_sample
2022-04-29,38610,39768.6171875,42.79,33.62,64.8,18.25,45.84,42.55,54.12861082882727,42.72,37.31,46.85,False,out_of_sample
2022-04-30,37715,38605.859375,41.85,33.59,62.87,17.77,43.04,41.39,52.73214410164132,42.42,37.97,45.68,False,out_of_sample
2022-05-01,43531,37713.265625,57.74,50.7,74.18,58.79,48.41,54.33,60.85714938995651,56.27,55.0,57.38,False,out_of_sample
2022-05-02,41509,38472.1875,49.62,46.38,68.49,47.48,36.48,50.48,58.085285974332265,42.11,40.83,53.54,False,out_of_sample
2022-05-03,39384,38528.109375,47.83,38.52,64.87,45.09,39.65,46.56,55.02810447256428,43.25,45.8,49.94,False,out_of_sample
2022-05-04,45694,37748.01171875,52.13,34.7,74.67,32.52,52.42,51.76,63.452722005147024,56.14,48.21,55.92,False,out_of_sample
2022-05-05,36503,39695.74609375,41.65,33.26,64.83,20.71,44.96,39.62,50.57492915856139,42.75,34.79,43.9,False,out_of_sample
2022-05-06,29916,36573.18359375,29.39,28.49,45.64,16.83,30.94,29.22,39.15408587428857,21.06,20.64,33.28,False,out_of_sample
2022-05-07,20194,36042.50390625,8.9,19.07,11.43,1.26,8.42,9.79,16.65220117015645,0.0,0.0,13.21,False,out_of_sample
2022-05-08,23249,35502.94140625,13.8,5.83,26.43,0.0,19.12,16.09,24.63481470376339,9.65,4.61,19.96,False,out_of_sample
2022-05-09,19798,34060.015625,7.24,0.0,13.2,0.0,19.58,7.83,15.395470717339174,0.0,0.0,11.8,False,out_of_sample
2022-05-10,20156,30273.654296875,8.54,0.81,16.91,0.0,26.05,8.34,16.356263507566922,0.0,0.0,12.65,False,out_of_sample
2022-05-11,21284,31016.18359375,10.86,8.79,21.85,0.0,27.97,10.76,19.40440855000037,0.0,0.0,15.07,False,out_of_sample
2022-05-12,16962,28936.734375,3.79,9.73,1.64,0.0,19.7,0.0,6.3730325306183815,0.0,0.0,3.0,False,out_of_sample
2022-05-13,29286,29030.91015625,31.33,32.16,42.13,22.93,29.4,28.87,37.51724725789644,35.53,19.8,32.7,False,out_of_sample
2022-05-14,30052,29285.642578125,31.98,32.07,43.08,24.7,29.74,30.07,38.932626293693225,34.39,20.2,33.86,False,out_of_sample
2022-05-15,31183,30098.5859375,32.56,31.99,45.21,25.73,29.28,31.8,40.984194187244086,31.18,20.65,35.68,False,out_of_sample
2022-05-16,29890,31304.375,31.52,31.89,48.34,25.2,31.01,29.75,38.5035318637953,22.57,22.01,33.57,False,out_of_sample
2022-05-17,30439,29862.408203125,31.81,31.81,44.8,24.28,32.0,30.59,39.48399960445579,24.12,23.98,34.45,False,out_of_sample
2022-05-18,28772,30424.478515625,29.94,31.7,46.44,22.1,32.26,27.88,36.20364498730383,18.45,21.65,31.65,False,out_of_sample
2022-05-19,30258,28720.359375,29.45,31.6,41.6,18.44,27.33,30.25,39.02301342019961,19.31,22.6,34.11,False,out_of_sample
2022-05-20,29225,30311.119140625,28.35,31.47,46.13,14.71,24.23,28.57,36.976382146603406,20.16,19.52,32.37,False,out_of_sample
2022-05-21,29421,29199.859375,28.42,31.34,43.22,12.18,24.76,28.86,37.29846541724281,22.17,22.22,32.7,False,out_of_sample
2022-05-22,30332,29432.47265625,28.8,31.21,43.83,9.63,24.82,30.28,38.982728672336066,25.14,20.31,34.21,False,out_of_sample
2022-05-23,29089,30309.396484375,28.42,31.05,46.47,9.19,28.65,28.26,36.52878453207691,21.77,20.64,32.12,False,out_of_sample
2022-05-24,29644,29101.125,28.66,30.93,42.92,11.05,26.74,29.13,37.549935120689,23.3,22.26,33.04,False,out_of_sample
2022-05-25,29578,29653.134765625,28.21,30.82,44.61,10.25,29.21,28.99,37.36223637022558,18.77,19.96,32.92,False,out_of_sample
2022-05-26,29333,29564.77734375,28.45,30.64,44.45,10.92,27.17,28.57,36.82602665935887,22.96,20.95,32.5,False,out_of_sample
2022-05-27,28613,29251.140625,27.81,30.43,43.8,10.85,29.02,27.35,35.34327615644975,20.22,20.8,31.24,False,out_of_sample
2022-05-28,29046,28622.625,27.79,30.21,41.72,10.58,29.19,28.04,36.14271365307825,20.77,20.31,31.99,False,out_of_sample
2022-05-29,29431,29019.8671875,28.34,29.97,43.07,10.46,30.23,28.64,36.836331861976,23.25,18.93,32.63,False,out_of_sample
2022-05-30,31736,29443.365234375,29.81,29.78,44.22,10.45,33.96,32.22,41.09377692834954,19.91,19.72,36.36,False,out_of_sample
2022-05-31,31832,31723.865234375,30.9,29.57,50.57,10.19,35.34,32.33,41.20707069084498,21.48,20.39,36.47,False,out_of_sample
2022-06-01,43145,31792.5546875,57.0,50.58,71.14,57.01,47.86,53.85,58.56428637421851,57.19,54.28,56.89,False,out_of_sample
2022-06-02,42359,29794.890625,50.74,46.17,69.13,45.78,39.8,51.38,57.4535716104925,41.94,46.23,54.52,False,out_of_sample
2022-06-03,38400,30467.806640625,46.12,38.2,65.34,44.42,35.86,45.33,51.77455664900062,40.55,41.29,48.68,False,out_of_sample
2022-06-04,43305,29706.138671875,50.98,34.68,73.46,31.7,52.58,49.17,58.60369025033422,55.58,48.38,53.24,False,out_of_sample
2022-06-05,36043,29835.1171875,40.62,33.13,59.16,20.43,43.31,38.98,48.028041620035,40.59,37.43,43.24,False,out_of_sample
2022-06-06,31334,29910.283203125,31.06,28.23,46.01,16.98,32.76,31.41,39.94547023004202,27.08,20.83,35.56,False,out_of_sample
2022-06-07,20561,31371.7421875,8.86,18.66,11.28,1.24,6.08,10.65,15.738068318805334,0.0,0.0,14.09,False,out_of_sample
2022-06-08,22997,31151.48046875,13.94,5.52,29.26,0.0,21.19,15.54,22.09370085484052,8.51,4.13,19.41,False,out_of_sample
2022-06-09,18847,30215.279296875,6.15,0.0,12.23,0.0,18.22,5.41,10.622612440180822,0.0,0.0,9.33,False,out_of_sample
2022-06-10,19951,30110.330078125,8.39,1.06,15.87,0.0,27.04,7.83,13.823256081145772,0.0,0.0,12.14,False,out_of_sample
2022-06-11,20947,29084.666015625,10.42,9.01,22.5,0.0,25.57,9.97,16.55393225194709,0.0,0.0,14.26,False,out_of_sample
2022-06-12,17071,28373.513671875,3.87,9.74,0.77,0.0,20.64,0.0,4.75666670406885,0.0,0.0,3.32,False,out_of_sample
2022-06-13,22317,26737.578125,21.78,26.78,36.7,10.35,21.34,14.94,20.062617345280646,26.37,17.86,18.56,False,out_of_sample
2022-06-14,22073,22487.986328125,19.02,26.54,18.51,14.34,16.05,14.4,19.369870486124693,26.03,14.8,17.97,False,out_of_sample
2022-06-15,22521,22196.73046875,18.32,26.28,18.07,16.8,17.62,15.34,20.46044805712583,23.61,4.74,18.93,False,out_of_sample
2022-06-16,20311,22576.3046875,16.62,25.96,20.83,18.99,14.06,10.37,14.472073110259256,23.25,4.12,13.79,False,out_of_sample
2022-06-17,20465,20385.71875,14.48,25.65,9.21,18.91,7.49,10.72,14.842769603181877,20.59,5.19,14.02,False,out_of_sample
2022-06-18,19014,20473.42578125,12.28,25.34,10.53,20.2,3.58,7.17,10.559427897586955,18.63,0.0,10.34,False,out_of_sample
2022-06-19,20493,19010.90234375,12.27,24.94,1.83,20.54,5.73,10.75,14.795829249807186,14.11,0.0,14.06,False,out_of_sample
2022-06-20,20572,20553.37109375,12.18,24.51,11.26,20.65,9.38,10.92,14.954000461215747,0.0,0.0,14.24,False,out_of_sample
2022-06-21,20689,20594.294921875,12.1,24.09,11.83,18.26,10.19,11.18,15.216925856091088,0.0,0.0,14.51,False,out_of_sample
2022-06-22,20004,20719.4140625,11.46,23.69,12.72,17.22,9.24,9.54,13.220978151941942,0.65,0.17,12.83,False,out_of_sample
2022-06-23,21098,19986.607421875,11.82,23.36,8.85,14.24,12.18,12.09,16.215838875375923,0.0,0.47,15.47,False,out_of_sample
2022-06-24,21300,21084.6484375,12.24,23.04,15.29,13.17,10.05,12.53,16.70060975465938,0.0,0.0,15.94,False,out_of_sample
2022-06-25,21469,21233.609375,12.8,22.74,16.51,10.67,14.08,12.89,17.092121954465647,0.0,1.5,16.3,False,out_of_sample
2022-06-26,21067,21496.494140625,11.64,22.44,17.38,3.71,12.36,11.97,15.943860018628635,0.0,2.0,15.37,False,out_of_sample
2022-06-27,20752,21028.23828125,10.95,22.12,15.21,1.41,12.83,11.22,15.015786913059316,0.0,2.41,14.61,False,out_of_sample
2022-06-28,20264,20731.544921875,10.15,21.71,13.58,2.53,11.22,10.06,13.585782359404359,0.0,1.36,13.42,False,out_of_sample
2022-06-29,20081,20281.169921875,9.46,21.35,10.83,0.97,11.96,9.61,13.001658412406197,0.0,0.52,12.95,False,out_of_sample
2022-06-30,19333,20108.3125,8.93,20.98,9.84,1.04,14.75,7.77,10.757025327291093,0.0,0.0,11.04,False,out_of_sample
2022-07-01,41513,19820.470703125,55.35,50.44,70.66,55.11,45.34,52.01,54.621191473475974,56.03,51.39,54.96,False,out_of_sample
2022-07-02,43889,19274.8359375,51.53,45.91,70.36,43.5,41.71,52.98,57.763038538222574,42.86,46.7,56.23,False,out_of_sample
2022-07-03,38147,19242.095703125,46.87,37.91,63.65,43.37,36.56,44.97,49.643748846535004,50.43,41.6,48.3,False,out_of_sample
2022-07-04,43570,19297.314453125,49.91,34.67,70.31,31.54,49.11,49.4,57.22870768625926,53.17,47.16,53.51,False,out_of_sample
2022-07-05,35509,20225.353515625,39.34,33.0,58.31,20.62,41.13,38.23,45.40575414251938,38.83,32.91,42.5,False,out_of_sample
2022-07-06,31176,20194.619140625,31.75,27.97,49.95,16.44,36.25,31.13,37.86178617143997,27.27,21.02,35.28,False,out_of_sample
2022-07-07,21652,20547.814453125,10.46,18.26,13.65,3.13,8.97,13.12,16.831743550129815,0.0,0.0,16.67,False,out_of_sample
2022-07-08,23154,21637.154296875,14.36,5.17,28.12,0.0,24.99,15.86,20.627965367239312,7.59,5.58,19.75,False,out_of_sample
2022-07-09,19293,21716.828125,5.54,0.0,6.31,0.0,15.24,6.55,10.069826226668262,0.0,0.0,10.5,False,out_of_sample
2022-07-10,19540,21591.080078125,7.96,1.34,14.7,0.0,27.31,6.79,10.73873313913977,0.0,0.0,11.09,False,out_of_sample
2022-07-11,20569,20856.353515625,10.11,9.16,20.76,0.0,27.25,9.06,13.629303493374145,0.0,0.0,13.31,False,out_of_sample
2022-07-12,16849,19970.474609375,4.27,9.75,1.73,0.0,24.3,0.0,2.084102985291319,0.0,0.0,2.66,False,out_of_sample
2022-07-13,20156,19325.97265625,7.56,15.72,6.92,2.17,4.17,9.57,12.336324999916078,0.0,0.0,13.07,False,out_of_sample
2022-07-14,20553,20211.466796875,8.23,15.26,12.02,0.0,4.87,10.5,13.396432441855547,0.0,0.0,14.04,False,out_of_sample
2022-07-15,20832,20573.15625,8.78,14.8,14.44,0.4,5.15,11.13,14.110094672310488,0.45,0.0,14.69,False,out_of_sample
2022-07-16,21197,20834.103515625,10.03,14.29,16.45,1.89,11.33,11.96,15.04772566743841,0.0,0.0,15.56,False,out_of_sample
2022-07-17,20828,21195.041015625,9.76,13.75,18.44,0.0,11.61,11.09,13.973826809116236,0.0,0.35,14.69,False,out_of_sample
2022-07-18,22306,20781.912109375,10.68,13.22,16.44,0.0,11.43,14.39,17.860126844618495,0.0,1.27,18.1,False,out_of_sample
2022-07-19,23372,22467.849609375,12.19,12.72,24.11,0.0,11.97,16.62,20.48726109605297,0.0,0.27,20.34,False,out_of_sample
2022-07-20,23281,23393.19140625,13.79,12.25,29.17,4.5,14.26,16.42,20.200694795808143,0.0,4.0,20.13,False,out_of_sample
2022-07-21,23153,23233.201171875,14.27,11.76,28.73,6.41,16.0,16.13,19.821184959300776,0.0,6.53,19.79,False,out_of_sample
2022-07-22,22707,23163.751953125,13.97,11.29,28.33,9.15,14.74,15.17,18.63838759157771,0.0,6.28,18.81,False,out_of_sample
2022-07-23,22485,22706.984375,13.92,10.8,26.48,9.87,17.71,14.68,18.010127467043365,0.0,5.94,18.31,False,out_of_sample
2022-07-24,22654,22465.509765625,13.91,10.3,25.49,9.51,19.53,15.02,18.37967174806533,0.0,4.83,18.69,False,out_of_sample
2022-07-25,21511,22607.15625,13.34,9.81,26.31,8.82,19.9,12.5,15.333058253187174,3.24,4.26,16.1,False,out_of_sample
2022-07-26,21182,21361.12109375,12.85,9.37,20.8,8.69,19.58,11.74,14.382043586453388,7.27,4.63,15.33,False,out_of_sample
2022-07-27,22899,21244.169921875,13.27,8.95,19.13,5.09,20.71,15.5,18.813856495744133,6.91,1.75,19.22,False,out_of_sample
2022-07-28,23839,22933.640625,14.84,8.58,27.59,4.6,22.47,17.43,21.071930220413826,6.58,0.87,21.22,False,out_of_sample
2022-07-29,23951,23845.212890625,15.39,8.22,31.68,1.82,23.1,17.64,21.28059724757907,5.1,5.12,21.46,False,out_of_sample
2022-07-30,23624,23796.818359375,14.71,7.85,32.16,0.0,19.37,16.96,20.42598461340438,4.31,7.3,20.77,False,out_of_sample
2022-07-31,23357,23652.0703125,14.53,7.55,30.76,0.0,20.42,16.39,19.70851264772409,4.96,7.51,20.2,False,out_of_sample
2022-08-01,41800,23336.71875,54.96,50.31,68.38,53.28,43.97,52.27,53.22659409267081,57.81,50.85,55.28,False,out_of_sample
2022-08-02,44168,23308.43359375,52.49,45.6,72.4,42.8,47.19,53.21,56.34859252535542,43.23,47.68,56.5,False,out_of_sample
2022-08-03,38726,22981.302734375,46.41,37.62,63.24,34.44,39.51,45.63,48.70278344397522,52.26,40.17,49.01,False,out_of_sample
2022-08-04,42223,22848.21484375,48.64,34.63,70.7,29.18,46.44,47.86,53.63447131202223,54.18,44.19,51.94,False,out_of_sample
2022-08-05,34059,22626.833984375,38.35,32.85,57.23,19.78,39.81,36.21,41.173288484224706,40.3,32.17,40.42,False,out_of_sample
2022-08-06,30229,23291.423828125,31.07,27.78,49.63,14.52,39.91,29.63,34.227059657140344,22.15,23.5,33.73,False,out_of_sample
2022-08-07,21814,22963.505859375,11.63,17.85,19.65,1.59,14.37,13.47,15.329595835876528,0.0,0.0,17.03,False,out_of_sample
2022-08-08,23804,23179.52734375,14.75,4.83,28.82,0.0,24.77,17.19,20.308646218456232,7.5,4.94,21.13,False,out_of_sample
2022-08-09,19320,23811.484375,5.48,0.0,9.29,0.0,11.59,6.6,8.19310277480442,0.0,0.0,10.57,False,out_of_sample
2022-08-10,19417,23162.8984375,7.54,1.57,12.24,0.0,26.75,6.47,8.419225541739738,0.0,0.0,10.78,False,out_of_sample
2022-08-11,18521,23948.345703125,8.05,9.27,18.98,0.0,26.32,3.85,5.626968147112673,0.0,0.0,8.03,False,out_of_sample
2022-08-12,17232,23957.203125,4.67,9.87,0.01,0.0,27.24,0.41,1.395854190925252,0.0,0.0,3.8,False,out_of_sample
2022-08-13,24427,24402.1875,15.52,3.22,34.13,0.0,23.64,18.36,21.492993226858133,6.38,6.93,22.38,False,out_of_sample
2022-08-14,24315,24429.056640625,15.53,2.9,34.24,0.0,23.1,18.12,21.165906853199875,6.94,7.94,22.15,False,out_of_sample
2022-08-15,24084,24318.31640625,15.4,2.62,33.79,0.0,21.91,17.64,20.552663944087453,9.21,7.96,21.68,False,out_of_sample
2022-08-16,23869,24126.13671875,14.94,2.31,32.87,0.0,22.72,17.19,19.972728385420133,7.14,7.66,21.23,False,out_of_sample
2022-08-17,23337,23881.31640625,14.5,1.97,31.97,0.0,21.56,16.08,18.608005383952563,9.66,7.09,20.1,False,out_of_sample
2022-08-18,23222,23341.0390625,14.0,1.67,29.73,0.0,20.89,15.83,18.260559802218335,9.71,6.55,19.85,False,out_of_sample
2022-08-19,20907,23213.3125,12.29,1.33,29.22,0.0,21.91,10.7,12.12632177631173,11.24,5.26,14.6,False,out_of_sample
2022-08-20,21147,20872.841796875,11.26,0.98,17.97,0.0,22.81,11.24,12.72379138316568,11.34,4.95,15.18,False,out_of_sample
2022-08-21,21554,21160.392578125,10.99,0.65,19.29,0.0,21.84,12.16,13.76383671247826,10.97,0.0,16.14,False,out_of_sample
2022-08-22,21302,21531.462890625,10.55,0.33,21.44,0.0,18.65,11.57,13.021168536009304,10.21,0.0,15.54,False,out_of_sample
2022-08-23,21535,21401.044921875,10.88,0.0,20.17,0.0,21.67,12.09,13.588029026074247,9.47,0.72,16.09,False,out_of_sample
2022-08-24,21425,21526.455078125,10.65,0.0,21.43,0.0,21.69,11.83,13.229331964921911,7.65,0.03,15.83,False,out_of_sample
2022-08-25,21588,21395.458984375,10.95,0.0,20.89,0.0,23.7,12.19,13.60546217652213,7.25,0.59,16.21,False,out_of_sample
2022-08-26,20247,21596.0859375,9.07,0.0,21.78,0.0,23.11,9.04,9.831671947643223,0.0,0.27,13.01,False,out_of_sample
2022-08-27,20044,20262.48046875,7.99,0.0,14.49,0.0,21.91,8.54,9.185598745424977,0.0,0.65,12.51,False,out_of_sample
2022-08-28,19674,20041.03515625,7.45,0.0,13.37,0.0,20.57,7.62,8.044159686700123,1.12,0.0,11.55,False,out_of_sample
2022-08-29,20271,19615.154296875,7.37,0.0,11.12,0.0,18.66,9.07,9.711742717761137,0.14,0.0,13.02,False,out_of_sample
2022-08-30,19826,20298.611328125,7.7,0.0,14.7,0.0,20.54,7.98,8.363693477809504,1.11,0.0,11.9,False,out_of_sample
2022-08-31,20025,19799.58203125,7.39,0.0,12.19,0.0,19.21,8.45,8.879042463014214,0.7,0.0,12.4,False,out_of_sample
2022-09-01,41887,20050.498046875,54.6,50.25,68.84,53.06,42.89,52.3,51.55655695455855,57.48,48.73,55.36,False,out_of_sample
2022-09-02,44406,20126.072265625,51.77,45.35,72.73,38.49,46.17,53.41,54.881370253339924,39.59,49.48,56.74,False,out_of_sample
2022-09-03,41990,19969.71875,47.78,37.43,64.25,32.8,41.99,49.38,51.583347011104244,51.66,39.76,52.95,False,out_of_sample
2022-09-04,42681,19832.470703125,48.37,34.6,68.79,27.31,46.59,48.31,52.471266385793236,53.68,44.43,52.45,False,out_of_sample
2022-09-05,30458,19988.7890625,35.74,32.66,54.12,18.09,38.53,30.86,32.86358700806358,40.57,31.3,34.86,False,out_of_sample
2022-09-06,30065,19817.724609375,30.56,27.6,47.08,13.12,38.72,29.34,32.05102050648248,24.1,23.18,33.45,False,out_of_sample
2022-09-07,21586,18837.68359375,11.94,17.46,20.55,1.08,16.21,12.94,12.789002931179697,0.0,2.67,16.51,False,out_of_sample
2022-09-08,23187,19289.94140625,14.29,4.45,31.64,0.0,22.9,15.9,16.87370814759442,6.44,5.27,19.81,False,out_of_sample
2022-09-09,21364,19328.140625,7.51,0.0,9.52,0.0,14.56,11.51,12.064923838085528,0.0,0.0,15.59,False,out_of_sample
2022-09-10,19429,21376.912109375,7.43,1.79,11.54,0.0,26.27,6.49,6.498035362686302,0.0,0.0,10.82,False,out_of_sample
2022-09-11,15759,21678.54296875,4.31,9.31,6.55,0.0,22.89,0.0,0.0,0.0,0.0,0.0,False,out_of_sample
2022-09-12,17137,21770.1484375,5.19,9.98,3.03,0.0,29.66,0.13,0.0,0.0,0.0,3.51,False,out_of_sample
2022-09-13,20166,22371.48046875,9.55,0.0,26.25,0.0,24.74,8.62,8.467968841559573,0.0,0.44,12.69,False,out_of_sample
2022-09-14,20247,20184.5546875,7.68,0.0,14.96,0.0,17.04,8.8,8.637608794372555,0.0,1.99,12.88,False,out_of_sample
2022-09-15,19697,20242.2890625,6.73,0.0,15.55,0.0,14.17,7.44,6.97706606440442,0.0,0.0,11.51,False,out_of_sample
2022-09-16,19742,19704.005859375,6.36,0.0,12.43,0.0,12.68,7.54,7.04641724416865,0.97,0.0,11.62,False,out_of_sample
2022-09-17,20121,19777.033203125,7.44,0.0,12.73,0.0,17.9,8.46,8.086802080864834,2.35,0.0,12.58,False,out_of_sample
2022-09-18,19428,20127.234375,7.19,0.0,15.0,0.0,18.6,6.73,5.989887902366572,2.43,0.0,10.83,False,out_of_sample
2022-09-19,19558,19418.572265625,7.12,0.0,10.82,0.0,18.83,7.05,6.313817136936368,4.83,0.0,11.15,False,out_of_sample
2022-09-20,18873,19545.591796875,5.74,0.0,11.71,0.0,15.79,5.29,4.181183521252384,0.0,0.0,9.37,False,out_of_sample
2022-09-21,18507,18891.283203125,4.66,0.0,7.4,0.0,13.44,4.32,2.9809195387118277,0.0,0.0,8.39,False,out_of_sample
2022-09-22,19415,18534.650390625,5.15,0.0,5.0,0.0,13.12,6.65,5.698415431255032,0.0,0.0,10.78,False,out_of_sample
2022-09-23,19327,19412.400390625,5.56,0.0,10.99,0.0,11.51,6.42,5.371455076303708,0.0,0.0,10.56,False,out_of_sample
2022-09-24,18925,19296.990234375,5.27,0.0,10.46,0.0,12.64,5.38,4.087544265203664,0.0,0.0,9.51,False,out_of_sample
2022-09-25,18794,18936.310546875,5.08,0.0,7.87,0.0,14.65,5.02,3.620749120853665,0.0,0.0,9.17,False,out_of_sample
2022-09-26,19202,18803.900390625,5.55,0.0,7.02,0.0,16.52,6.07,4.804947066199272,0.0,0.0,10.24,False,out_of_sample
2022-09-27,19107,19221.83984375,5.54,0.0,9.71,0.0,14.56,5.81,4.453561337136858,0.0,0.0,9.98,False,out_of_sample
2022-09-28,19455,19104.62109375,5.89,0.0,9.19,0.0,15.64,6.69,5.439028279560464,0.0,0.0,10.88,False,out_of_sample
2022-09-29,19541,19427.779296875,6.16,0.0,11.48,0.0,15.19,6.89,5.632189194720047,0.0,0.0,11.1,False,out_of_sample
2022-09-30,19436,19573.431640625,6.71,0.0,12.04,0.0,20.45,6.61,5.255936484877888,0.0,0.0,10.82,False,out_of_sample
2022-10-01,41817,19431.10546875,54.37,50.22,68.98,51.98,43.26,52.17,49.72712829677337,56.09,49.03,55.24,False,out_of_sample
2022-10-02,43615,19311.849609375,51.69,45.11,73.0,38.82,47.41,52.51,52.116649716002314,39.83,49.72,55.8,False,out_of_sample
2022-10-03,39483,19044.068359375,47.26,37.17,69.43,33.81,42.28,46.43,46.27250444713607,49.12,40.5,49.88,False,out_of_sample
2022-10-04,42265,19623.583984375,48.01,34.55,69.46,26.29,46.38,47.79,50.17350192953356,54.41,42.66,51.95,False,out_of_sample
2022-10-05,30991,20335.900390625,34.62,32.5,45.44,19.47,37.46,31.65,32.07290015819765,38.91,28.99,35.68,False,out_of_sample
2022-10-06,29071,20161.0390625,29.14,27.39,46.73,12.87,35.8,27.7,28.293313331472998,21.9,21.46,31.76,False,out_of_sample
2022-10-07,20832,19957.55859375,11.25,17.06,19.52,2.37,15.11,11.21,8.848497089601981,0.0,3.06,14.74,False,out_of_sample
2022-10-08,23924,19546.328125,14.49,4.13,29.08,0.0,22.3,17.4,16.83675745532262,5.65,6.75,21.34,False,out_of_sample
2022-10-09,21716,19417.478515625,9.47,0.0,21.27,0.0,18.07,12.29,11.141127134525705,0.0,0.0,16.41,False,out_of_sample
2022-10-10,19155,19446.416015625,7.16,2.02,11.61,0.0,25.72,5.78,3.776851091326599,0.0,0.0,10.11,False,out_of_sample
2022-10-11,17542,19139.0,4.41,9.42,0.0,0.21,20.59,1.16,0.0,0.0,0.0,5.25,False,out_of_sample
2022-10-12,17125,19052.646484375,4.94,10.07,2.41,0.0,28.12,0.1,0.0,0.0,0.0,3.47,False,out_of_sample
2022-10-13,19388,19156.966796875,6.43,2.64,10.1,0.0,18.36,6.34,4.290813473593151,0.0,0.0,10.7,False,out_of_sample
2022-10-14,19178,19382.533203125,6.44,2.83,11.58,0.0,18.53,5.79,3.5936011766513385,0.0,0.0,10.16,False,out_of_sample
2022-10-15,19070,19185.4375,6.44,3.04,10.28,0.0,20.49,5.51,3.201513654083598,0.0,0.0,9.88,False,out_of_sample
2022-10-16,19262,19068.9140625,6.57,3.27,9.59,0.0,20.65,5.99,3.721553281617782,0.0,0.0,10.39,False,out_of_sample
2022-10-17,19558,19268.5625,6.95,3.51,10.83,0.0,20.47,6.73,4.5464580096089895,0.0,0.0,11.11,False,out_of_sample
2022-10-18,19342,19550.466796875,6.91,3.77,12.78,0.0,19.67,6.17,3.8364722546607375,0.0,0.0,10.46,False,out_of_sample
2022-10-19,19133,19335.02734375,6.69,4.05,11.36,0.0,20.6,5.62,3.1403789539655094,0.0,0.0,9.91,False,out_of_sample
2022-10-20,19034,19138.0859375,6.39,4.32,10.09,0.0,19.7,5.36,2.7748464279036544,0.0,0.0,9.65,False,out_of_sample
2022-10-21,19175,19053.203125,6.66,4.6,9.48,0.0,21.44,5.72,3.1415519009846284,0.0,0.0,10.02,False,out_of_sample
2022-10-22,19208,19172.380859375,6.64,4.87,10.42,0.0,19.81,5.79,3.178472331940837,0.0,0.0,10.09,False,out_of_sample
2022-10-23,19566,19207.734375,7.21,5.14,10.7,0.0,21.7,6.7,4.191449953244967,0.0,0.0,11.02,False,out_of_sample
2022-10-24,19342,19567.76953125,7.06,5.43,12.94,0.0,19.57,6.12,3.457149928016743,0.0,0.0,10.45,False,out_of_sample
2022-10-25,20095,19344.96484375,7.47,5.73,11.56,0.0,18.63,8.0,5.620347965429075,0.0,0.0,12.35,False,out_of_sample
2022-10-26,20798,20092.236328125,8.71,6.0,16.08,0.0,19.94,9.69,7.562168325846605,0.0,0.0,14.04,False,out_of_sample
2022-10-27,20281,20772.802734375,8.84,6.25,19.98,0.0,20.88,8.44,6.031668695454892,0.0,0.0,12.76,False,out_of_sample
2022-10-28,20605,20287.95703125,9.42,6.51,17.1,0.0,26.31,9.22,6.8930526628457764,0.0,0.0,13.56,False,out_of_sample
2022-10-29,20804,20595.103515625,9.67,6.81,18.93,0.0,25.05,9.68,7.390850675690802,0.0,0.0,14.04,False,out_of_sample
2022-10-30,20617,20817.982421875,9.72,7.13,20.01,0.0,25.55,9.23,6.801450322772295,0.0,0.0,13.59,False,out_of_sample
2022-10-31,20491,20633.6953125,9.72,7.47,19.0,0.0,27.18,8.92,6.381047090656598,0.0,0.0,13.28,False,out_of_sample
2022-11-01,42769,20494.8984375,54.75,50.16,68.9,51.2,45.23,53.15,49.25011125595448,55.26,49.06,56.31,False,out_of_sample
2022-11-02,42358,20482.958984375,51.96,44.84,71.92,41.35,45.32,51.09,48.629051647333505,47.41,49.92,54.32,False,out_of_sample
2022-11-03,38826,20162.689453125,46.05,36.9,65.54,32.74,41.18,45.59,43.490211270983195,43.07,44.76,48.93,False,out_of_sample
2022-11-04,39545,20208.76953125,46.8,34.45,68.86,25.89,45.7,44.59,44.50289779427173,54.71,43.17,48.65,False,out_of_sample
2022-11-05,28797,21144.83203125,32.88,32.33,47.11,19.64,33.51,28.13,25.930549305934044,42.64,22.9,31.99,False,out_of_sample
2022-11-06,28361,21285.056640625,27.82,27.21,43.87,11.35,32.14,26.48,24.97946979648765,22.31,21.12,30.52,False,out_of_sample
2022-11-07,19972,20924.62109375,9.38,16.63,15.45,1.73,10.33,9.16,4.443346806080408,0.0,2.45,12.61,False,out_of_sample
2022-11-08,23935,20600.671875,14.53,3.81,32.19,0.0,21.99,17.41,14.9504022230032,5.04,5.26,21.36,False,out_of_sample
2022-11-09,21733,18543.76171875,10.65,0.0,23.07,0.0,26.8,12.32,9.25230715332235,0.0,0.0,16.45,False,out_of_sample
2022-11-10,19040,15883.158203125,6.65,2.25,9.92,0.0,23.57,5.47,1.4629726814697108,0.0,0.0,9.8,False,out_of_sample
2022-11-11,16917,17583.251953125,3.46,9.49,0.36,1.17,15.63,0.0,0.0,0.0,0.0,3.35,False,out_of_sample
2022-11-12,17095,17036.875,4.65,10.17,2.31,0.0,25.82,0.02,0.0,0.0,0.0,3.39,False,out_of_sample
2022-11-13,16321,16799.72265625,3.25,9.67,0.0,2.48,15.6,0.0,0.0,0.0,0.0,1.51,False,out_of_sample
2022-11-14,16630,16352.0283203125,2.96,9.81,0.0,0.34,13.96,0.0,0.0,0.0,0.0,2.43,False,out_of_sample
2022-11-15,16856,16617.484375,3.11,9.89,0.0,1.27,12.94,0.0,0.0,0.0,0.0,3.1,False,out_of_sample
2022-11-16,16660,16884.341796875,3.29,9.93,0.0,0.78,16.28,0.0,0.0,0.0,0.0,2.46,False,out_of_sample
2022-11-17,16676,16670.42578125,3.61,9.96,0.0,1.32,18.64,0.0,0.0,0.0,0.0,2.48,False,out_of_sample
2022-11-18,16662,16687.912109375,3.42,9.98,0.0,1.8,16.65,0.0,0.0,0.0,0.0,2.32,False,out_of_sample
2022-11-19,16697,16696.220703125,3.73,9.98,0.0,4.54,16.52,0.0,0.0,0.0,0.0,2.42,False,out_of_sample
2022-11-20,16247,16712.919921875,3.54,9.97,0.0,3.24,17.63,0.0,0.0,0.0,0.0,1.04,False,out_of_sample
2022-11-21,15779,16291.2236328125,3.14,9.97,0.0,2.81,15.47,0.0,0.0,0.0,0.0,0.0,False,out_of_sample
2022-11-22,16173,15782.30078125,2.74,9.99,0.0,1.61,12.27,0.0,0.0,0.0,0.0,0.79,False,out_of_sample
2022-11-23,16575,16195.5888671875,2.79,10.02,0.0,1.37,11.82,0.0,0.0,0.0,0.0,1.88,False,out_of_sample
2022-11-24,16584,16611.63671875,2.97,10.01,0.0,1.89,12.92,0.0,0.0,0.0,0.0,1.9,False,out_of_sample
2022-11-25,16523,16602.26953125,2.75,10.01,0.0,0.0,13.06,0.0,0.0,0.0,0.0,1.72,False,out_of_sample
2022-11-26,16449,16521.576171875,2.21,10.01,0.0,0.0,8.43,0.0,0.0,0.0,0.0,1.49,False,out_of_sample
2022-11-27,16437,16463.8828125,2.32,9.99,0.0,0.0,9.41,0.0,0.0,0.0,0.0,1.46,False,out_of_sample
2022-11-28,16213,16440.22265625,2.47,9.97,0.0,0.0,11.48,0.0,0.0,0.0,0.0,0.76,False,out_of_sample
2022-11-29,16444,16217.6396484375,2.94,9.94,0.0,0.0,15.01,0.0,0.0,0.0,0.0,1.47,False,out_of_sample
2022-11-30,17177,16445.4765625,3.45,9.93,0.0,0.0,16.28,0.2,0.0,0.0,0.0,3.67,False,out_of_sample
2022-12-01,43962,17168.001953125,54.76,50.08,70.3,49.5,45.8,54.36,49.13315068555906,51.44,48.9,57.62,False,out_of_sample
2022-12-02,42174,16968.68359375,52.28,44.57,70.13,43.23,49.39,50.84,46.64398433555418,48.14,48.87,54.09,False,out_of_sample
2022-12-03,38952,17090.09765625,45.63,36.64,64.36,31.99,42.06,45.69,41.93125305733245,43.59,41.4,49.07,False,out_of_sample
2022-12-04,40097,16908.169921875,45.9,34.37,64.61,23.37,44.7,45.2,43.57012969280563,53.19,42.56,49.26,False,out_of_sample
2022-12-05,29031,17128.89453125,31.75,32.24,41.16,22.77,30.39,28.48,24.592010485699706,36.46,23.8,32.35,False,out_of_sample
2022-12-06,26831,16975.23828125,25.9,27.04,41.75,10.63,27.71,23.8,19.91401385888428,22.65,19.25,27.76,False,out_of_sample
2022-12-07,19340,17089.505859375,8.11,16.18,10.81,2.05,10.54,7.59,0.6679050521556374,0.0,0.48,11.01,False,out_of_sample
2022-12-08,24397,16847.349609375,15.51,3.52,32.26,0.0,24.3,18.32,14.218555797451355,7.29,6.94,22.31,False,out_of_sample
2022-12-09,22366,17232.1484375,11.36,0.0,23.16,0.0,28.41,13.7,9.06213036386995,0.0,0.44,17.88,False,out_of_sample
2022-12-10,19157,17134.220703125,6.39,2.44,9.21,0.0,20.89,5.76,0.0,0.0,0.0,10.1,False,out_of_sample
2022-12-11,16772,17129.7109375,3.66,9.56,0.0,0.75,19.05,0.0,0.0,0.0,0.0,2.87,False,out_of_sample
2022-12-12,17196,17102.5,4.64,10.27,2.12,0.0,24.93,0.32,0.0,0.0,0.0,3.69,False,out_of_sample
2022-12-13,17775,17206.44140625,5.52,10.37,2.9,0.0,27.03,1.98,0.0,0.0,0.0,5.35,False,out_of_sample
2022-12-14,17810,17782.06640625,6.15,10.45,7.22,0.0,28.06,2.09,0.0,0.0,0.0,5.44,False,out_of_sample
2022-12-15,17345,17813.64453125,5.73,10.58,7.57,0.0,27.85,0.77,0.0,0.0,0.0,4.1,False,out_of_sample
2022-12-16,16607,17364.546875,4.35,10.68,4.21,0.0,22.39,0.0,0.0,0.0,0.0,1.89,False,out_of_sample
2022-12-17,16775,16646.982421875,3.71,10.82,0.0,0.0,20.16,0.0,0.0,0.0,0.0,2.4,False,out_of_sample
2022-12-18,16777,16795.609375,3.76,10.93,0.0,0.0,20.47,0.0,0.0,0.0,0.0,2.41,False,out_of_sample
2022-12-19,16425,16759.041015625,3.73,11.04,0.0,0.0,21.25,0.0,0.0,0.0,0.0,1.33,False,out_of_sample
2022-12-20,16902,16441.787109375,3.97,11.15,0.0,0.0,21.8,0.0,0.0,0.0,0.0,2.78,False,out_of_sample
2022-12-21,16801,16904.52734375,4.07,11.24,1.15,0.0,21.75,0.0,0.0,0.0,0.0,2.47,False,out_of_sample
2022-12-22,16815,16818.380859375,4.06,11.33,0.44,0.0,22.23,0.0,0.0,0.0,0.0,2.51,False,out_of_sample
2022-12-23,16781,16829.64453125,3.96,11.41,0.59,0.0,21.21,0.0,0.0,0.0,0.0,2.41,False,out_of_sample
2022-12-24,16838,16796.9765625,3.02,11.49,0.37,0.0,12.75,0.0,0.0,0.0,0.0,2.58,False,out_of_sample
2022-12-25,16825,16847.505859375,3.19,11.58,0.84,0.0,13.77,0.0,0.0,0.0,0.0,2.54,False,out_of_sample
2022-12-26,16880,16842.25,3.21,11.71,0.8,0.0,13.64,0.0,0.0,0.0,0.0,2.71,False,out_of_sample
2022-12-27,16699,16919.291015625,3.74,11.82,1.24,0.0,18.38,0.0,0.0,0.0,0.0,2.17,False,out_of_sample
2022-12-28,16537,16716.400390625,3.89,11.94,0.0,0.0,21.45,0.0,0.0,0.0,0.0,1.65,False,out_of_sample
2022-12-29,16631,16552.322265625,4.1,11.97,0.0,0.0,22.98,0.0,0.0,0.0,0.0,1.93,False,out_of_sample
2022-12-30,16594,16641.330078125,4.74,11.99,0.0,0.0,28.84,0.0,0.0,0.0,0.0,1.81,False,out_of_sample
2022-12-31,16525,16603.673828125,4.58,12.01,0.0,0.0,27.61,0.0,0.0,0.0,0.0,1.57,False,out_of_sample
2023-01-01,16607,16547.9140625,4.81,12.0,0.0,0.0,29.49,0.0,0.0,0.0,0.0,1.83,False,out_of_sample
2023-01-02,23728,16625.509765625,18.05,18.5,37.32,0.0,41.64,17.82,11.04296701642781,12.99,0.0,19.69,False,out_of_sample
2023-01-03,23611,16688.84765625,20.06,26.48,36.94,0.0,52.76,19.0,10.690479374322148,12.71,0.41,19.35,False,out_of_sample
2023-01-04,28495,16680.205078125,33.3,41.21,55.69,18.52,65.87,30.68,21.684416210768994,28.76,9.41,28.42,False,out_of_sample
2023-01-05,28115,16863.47265625,34.57,54.55,57.03,6.5,73.64,32.02,20.834329160677775,30.26,10.74,27.4,False,out_of_sample
2023-01-06,26826,16836.47265625,32.03,59.53,49.78,11.22,66.77,31.1,18.01330778245544,23.82,6.42,24.58,False,out_of_sample
2023-01-07,30582,16952.1171875,38.91,61.21,58.26,23.34,74.36,38.77,25.660657503491898,31.94,10.92,30.89,False,out_of_sample
2023-01-08,29500,16954.146484375,36.36,60.95,54.83,20.21,72.03,37.55,23.481434489701886,28.61,7.41,28.6,False,out_of_sample
2023-01-09,25803,17093.9921875,29.36,58.1,44.81,16.0,61.69,32.07,15.542674413283203,19.44,2.16,21.52,False,out_of_sample
2023-01-10,27951,17192.94921875,31.21,55.74,48.14,15.91,63.68,38.03,20.186855165286467,22.39,0.22,25.55,False,out_of_sample
2023-01-11,35432,17446.359375,44.92,53.13,66.45,35.66,81.21,53.34,34.08389592063143,40.76,14.02,37.32,False,out_of_sample
2023-01-12,38704,18117.59375,48.25,53.24,70.62,38.22,80.17,60.43,39.223900621915625,45.99,18.4,41.41,False,out_of_sample
2023-01-13,19869,18868.90625,10.18,13.13,16.13,0.0,36.91,8.35,0.0,0.0,0.0,10.83,False,out_of_sample
2023-01-14,21011,19910.537109375,12.61,13.37,21.96,0.0,42.86,11.2,3.1408625314976186,1.34,0.0,13.66,False,out_of_sample
2023-01-15,20877,20977.484375,14.07,13.58,27.98,0.0,46.29,10.91,2.70138352682245,5.76,0.0,13.33,False,out_of_sample
2023-01-16,21181,20882.224609375,14.18,13.81,27.27,0.0,46.18,11.67,3.4899141700548837,5.23,0.0,14.04,False,out_of_sample
2023-01-17,21179,21175.833984375,14.34,14.03,28.76,0.0,44.79,11.7,3.4216570284290864,6.35,0.0,14.03,False,out_of_sample
2023-01-18,20710,21161.05078125,13.65,14.22,28.69,0.0,41.99,10.61,2.0399059215894315,6.3,0.0,12.89,False,out_of_sample
2023-01-19,21072,20686.74609375,13.48,14.42,26.32,0.0,41.79,11.52,2.997877903809399,4.53,0.0,13.76,False,out_of_sample
2023-01-20,22661,21085.373046875,14.92,14.71,28.19,0.0,40.1,15.21,7.218490688437374,5.91,0.0,17.45,False,out_of_sample
2023-01-21,22804,22677.427734375,16.68,15.02,35.51,0.0,41.75,15.55,7.526949696842931,11.54,0.0,17.76,False,out_of_sample
2023-01-22,22717,22777.986328125,17.01,15.32,36.08,0.0,43.98,15.38,7.2395151731562555,11.99,0.0,17.57,False,out_of_sample
2023-01-23,22930,22721.087890625,17.52,15.6,35.66,0.0,47.59,15.87,7.727373091105334,11.67,0.03,18.04,False,out_of_sample
2023-01-24,22612,22929.626953125,17.34,15.89,36.56,0.0,46.27,15.19,6.842025568180486,12.38,0.0,17.33,False,out_of_sample
2023-01-25,23110,22639.267578125,17.84,16.2,35.16,0.0,49.39,16.32,8.064085945584976,11.28,0.28,18.43,False,out_of_sample
2023-01-26,23009,23108.955078125,18.15,16.51,37.24,0.0,49.19,16.12,7.743756560455559,12.93,0.0,18.16,False,out_of_sample
2023-01-27,23071,23030.716796875,18.64,16.83,36.86,0.0,52.9,16.27,7.840326261083192,12.62,0.66,18.28,False,out_of_sample
2023-01-28,23009,23079.96484375,18.57,17.14,37.18,0.0,52.13,16.16,7.619528815478685,12.87,0.37,18.14,False,out_of_sample
2023-01-29,23775,23031.44921875,19.27,17.48,36.9,0.0,53.52,17.85,9.489057092446936,12.64,0.49,19.81,False,out_of_sample
2023-01-30,22800,23774.6484375,18.96,17.8,40.0,0.0,51.36,15.75,6.95701446272454,15.14,0.3,17.68,False,out_of_sample
2023-01-31,23131,22840.796875,17.87,18.15,35.96,0.0,44.55,16.51,7.7451702241825044,11.9,2.14,18.41,False,out_of_sample
2023-02-01,16689,23137.8359375,4.86,12.07,0.0,0.0,29.55,0.0,0.0,0.0,0.0,2.08,False,out_of_sample
2023-02-02,23506,23720.82421875,18.95,18.82,39.63,2.94,43.24,17.38,8.570034137859986,14.86,0.5,19.21,False,out_of_sample
2023-02-03,23471,23469.412109375,20.42,26.89,38.89,0.0,53.4,18.75,8.420121128741217,14.28,0.0,19.04,False,out_of_sample
2023-02-04,28162,23446.3203125,33.23,41.68,55.6,18.95,65.33,30.15,19.11322622395634,28.68,10.38,27.82,False,out_of_sample
2023-02-05,28691,23332.248046875,34.11,54.88,53.59,6.68,72.26,33.13,20.151176226794227,27.03,10.98,28.43,False,out_of_sample
2023-02-06,27256,22954.021484375,31.8,59.61,48.52,9.23,67.67,31.96,17.061268138597224,22.69,5.33,25.39,False,out_of_sample
2023-02-07,30595,22757.267578125,39.34,61.28,58.39,23.78,77.41,38.81,23.824145499764178,32.11,10.93,30.91,False,out_of_sample
2023-02-08,29144,23263.416015625,36.17,60.86,55.57,20.98,70.25,36.94,20.894721603016354,29.32,7.29,27.96,False,out_of_sample
2023-02-09,25869,22946.56640625,29.5,58.02,44.29,17.48,64.26,32.27,13.793811348819618,18.98,0.0,21.66,False,out_of_sample
2023-02-10,27566,21819.005859375,31.87,55.71,51.18,16.41,65.42,37.35,17.48569887350367,25.16,0.33,24.81,False,out_of_sample
2023-02-11,34883,21651.841796875,44.96,53.09,67.88,36.73,79.77,52.58,31.332614870089596,42.37,14.23,36.5,False,out_of_sample
2023-02-12,39463,21870.90234375,49.04,53.3,72.21,39.63,79.52,61.55,38.56238312052879,47.88,18.14,42.41,False,out_of_sample
2023-02-13,21799,21787.0,16.61,21.78,31.01,0.0,49.68,14.04,3.4332735588543146,8.06,0.0,15.37,False,out_of_sample
2023-02-14,22223,21801.822265625,17.12,22.04,31.15,0.0,50.88,15.07,4.509204464212358,8.16,0.0,16.35,False,out_of_sample
2023-02-15,24305,22220.5859375,19.33,22.37,33.1,0.0,53.18,19.67,9.740024680124048,9.67,0.0,20.89,False,out_of_sample
2023-02-16,23743,24307.349609375,21.16,22.66,41.68,0.0,57.47,18.54,8.295357826436565,16.57,0.0,19.7,False,out_of_sample
2023-02-17,24608,23621.283203125,22.03,22.94,39.46,0.0,60.77,20.41,10.34900698512302,14.75,2.82,21.52,False,out_of_sample
2023-02-18,24637,24565.296875,22.7,23.23,42.74,0.0,61.69,20.53,10.356987668604788,17.46,1.44,21.58,False,out_of_sample
2023-02-19,24367,24640.02734375,22.64,23.5,42.82,0.0,60.4,20.04,9.643687298354608,17.53,3.45,21.02,False,out_of_sample
2023-02-20,24798,24336.623046875,22.56,23.79,41.79,0.0,58.48,20.99,10.618913842538829,16.68,3.48,21.91,False,out_of_sample
2023-02-21,24401,24833.048828125,22.54,24.08,43.37,0.0,58.27,20.24,9.602693902154199,18.0,2.8,21.09,False,out_of_sample
2023-02-22,24164,24437.41796875,21.9,24.39,41.87,0.0,55.48,19.81,8.963582764149375,16.75,3.77,20.59,False,out_of_sample
2023-02-23,23911,24190.71875,21.7,24.64,40.98,0.0,57.69,19.33,8.279060025935676,16.01,2.8,20.05,False,out_of_sample
2023-02-24,23176,23946.0078125,20.39,24.86,39.96,0.0,52.87,17.8,6.369765660814177,15.18,2.2,18.45,False,out_of_sample
2023-02-25,23160,23200.125,19.1,25.09,37.0,0.0,47.17,17.82,6.266790144041052,12.77,1.55,18.42,False,out_of_sample
2023-02-26,23543,23174.150390625,19.16,25.33,36.94,0.0,46.64,18.7,7.175441719572051,12.72,0.0,19.25,False,out_of_sample
2023-02-27,23505,23561.451171875,19.6,25.67,38.51,0.0,47.67,18.67,7.017827246605181,13.98,0.0,19.16,False,out_of_sample
2023-02-28,23146,23521.837890625,19.93,26.09,38.33,0.0,52.36,17.94,6.044649775408837,13.84,0.55,18.36,False,out_of_sample
2023-03-01,16671,23150.9296875,4.91,12.15,0.41,0.0,29.66,0.0,0.0,0.0,0.0,2.02,False,out_of_sample
2023-03-02,23446,23647.01953125,18.92,19.13,38.71,0.0,46.29,17.28,6.682973648226996,14.12,1.92,19.07,False,out_of_sample
2023-03-03,22351,23476.6328125,19.94,27.28,38.33,0.0,56.68,16.33,3.788396030084775,13.82,0.6,16.55,False,out_of_sample
2023-03-04,27851,22362.923828125,32.68,42.14,54.65,18.79,63.64,29.65,16.756448060953826,27.81,10.3,27.25,False,out_of_sample
2023-03-05,29046,22354.14453125,34.26,55.17,55.19,6.33,71.24,33.84,19.184331912092293,28.53,8.41,29.03,False,out_of_sample
2023-03-06,27080,22436.81640625,31.68,59.67,49.86,9.06,66.06,31.65,14.971692158237214,23.89,4.45,25.06,False,out_of_sample
2023-03-07,31136,22428.322265625,39.38,61.36,58.4,23.6,75.01,39.75,23.180419410125324,32.12,11.08,31.8,False,out_of_sample
2023-03-08,29193,22216.44140625,36.37,60.77,54.63,22.65,71.52,37.06,19.302050174572297,28.41,7.82,28.04,False,out_of_sample
2023-03-09,25963,21720.080078125,29.8,57.92,44.53,17.54,66.03,32.52,12.292250397623675,19.18,0.0,21.85,False,out_of_sample
2023-03-10,27440,20367.001953125,32.45,55.69,49.99,18.88,69.11,37.16,15.510519337876385,24.07,2.41,24.56,False,out_of_sample
2023-03-11,34709,20187.876953125,44.34,53.04,66.74,35.55,77.15,52.4,29.380460484760775,41.15,15.56,36.22,False,out_of_sample
2023-03-12,39979,20628.029296875,50.25,53.35,73.41,39.08,84.7,62.31,37.70197208700494,49.3,19.67,43.08,False,out_of_sample
2023-03-13,24155,22156.40625,20.54,31.31,32.81,0.66,55.79,20.97,7.767034381653967,9.39,0.0,20.42,False,out_of_sample
2023-03-14,24770,24201.765625,23.37,31.83,41.45,4.97,57.07,22.33,9.196182641813344,16.32,0.0,21.67,False,out_of_sample
2023-03-15,24410,24770.92578125,23.94,32.33,43.65,5.99,57.36,21.65,8.266211373928682,18.16,1.5,20.91,False,out_of_sample
2023-03-16,25044,24373.45703125,24.21,32.83,42.27,7.19,55.2,23.03,9.725432034572925,17.01,2.91,22.2,False,out_of_sample
2023-03-17,27451,25055.123046875,26.52,33.4,44.53,7.79,57.37,27.79,15.107983527915438,18.92,2.03,26.86,False,out_of_sample
2023-03-18,26986,27448.1171875,29.03,33.96,52.18,12.83,61.17,26.98,14.033428536580292,25.67,3.47,25.99,False,out_of_sample
2023-03-19,28186,26969.50390625,30.54,34.56,50.73,12.43,65.35,29.28,16.554082673909242,24.38,8.72,28.2,False,out_of_sample
2023-03-20,27835,28041.6015625,31.19,35.14,54.24,12.7,66.58,28.7,15.749685319695558,27.58,7.69,27.55,False,out_of_sample
2023-03-21,28173,27768.392578125,31.29,35.7,53.16,11.9,65.43,29.39,16.405270362695493,26.6,10.15,28.16,False,out_of_sample
2023-03-22,27342,28158.720703125,30.97,36.21,54.05,11.32,66.3,27.92,14.567269416466818,27.44,9.38,26.62,False,out_of_sample
2023-03-23,28388,27301.95703125,31.55,36.75,51.56,10.57,69.99,29.9,16.73517324913039,25.18,10.04,28.51,False,out_of_sample
2023-03-24,27465,28324.111328125,31.71,37.26,54.49,11.07,71.68,28.27,14.711892870317241,27.89,8.27,26.81,False,out_of_sample
2023-03-25,27489,27487.337890625,31.14,37.77,51.77,9.87,70.15,28.37,14.702850060632237,25.4,10.4,26.86,False,out_of_sample
2023-03-26,28050,27495.5234375,30.78,38.28,51.83,9.46,65.57,29.47,15.84179178667606,25.46,8.46,27.88,False,out_of_sample
2023-03-27,27155,27994.068359375,30.28,38.75,53.44,8.13,63.8,27.87,13.854913158211982,26.94,8.48,26.21,False,out_of_sample
2023-03-28,27284,27132.888671875,29.69,39.23,50.65,7.26,62.33,28.18,14.075450187691715,24.44,9.61,26.45,False,out_of_sample
2023-03-29,28390,27267.03125,30.33,39.73,51.02,6.76,63.09,30.28,16.375327665329195,24.77,7.7,28.47,False,out_of_sample
2023-03-30,28022,28350.140625,31.02,40.21,54.2,6.74,64.69,29.69,15.539398323834991,27.7,7.94,27.6,False,out_of_sample
2023-03-31,28515,28032.26171875,33.09,40.71,54.39,18.01,66.59,30.65,16.515053835644057,27.53,10.2,28.46,False,out_of_sample
2023-04-01,16849,28473.33203125,4.86,12.24,0.31,0.0,28.61,0.0,0.0,0.0,0.0,2.55,False,out_of_sample
2023-04-02,23356,28462.845703125,18.74,19.44,38.43,0.0,45.96,17.12,4.530592002212627,13.9,1.34,18.88,False,out_of_sample
2023-04-03,22335,28183.080078125,18.65,27.69,33.55,0.0,53.67,16.35,1.8111674876102795,10.01,0.21,16.52,False,out_of_sample
2023-04-04,28114,27795.2734375,32.72,42.61,53.73,17.06,66.25,30.2,15.430398988651959,26.97,9.58,27.71,False,out_of_sample
2023-04-05,28856,28169.7265625,34.77,55.44,56.02,12.47,67.66,33.56,16.91868824744055,29.35,9.55,28.69,False,out_of_sample
2023-04-06,27159,28175.2265625,32.05,59.75,49.31,9.56,68.49,31.84,13.253611235196697,23.39,5.34,25.21,False,out_of_sample
2023-04-07,30800,28038.966796875,39.56,61.45,59.7,23.1,76.2,39.2,20.67535009834406,33.41,11.06,31.24,False,out_of_sample
2023-04-08,29058,27920.513671875,35.52,60.66,54.76,19.39,68.53,36.85,17.15194694391641,28.53,7.06,27.8,False,out_of_sample
2023-04-09,25800,27952.3671875,29.68,57.83,44.86,17.2,65.74,32.25,10.01654791551696,19.47,0.0,21.52,False,out_of_sample
2023-04-10,27798,28336.02734375,32.41,55.67,49.58,19.74,67.53,37.92,14.393264373025714,23.7,1.54,25.21,False,out_of_sample
2023-04-11,35092,29653.6796875,44.73,53.0,66.33,37.06,79.25,53.07,28.198266410365886,40.73,14.58,36.79,False,out_of_sample
2023-04-12,41911,30231.58203125,51.41,53.44,74.18,39.35,84.42,64.92,38.707530420886776,50.23,20.81,45.49,False,out_of_sample
2023-04-13,30371,29892.740234375,36.65,47.09,58.96,14.91,73.25,34.81,19.479885069888233,31.98,13.41,31.5,False,out_of_sample
2023-04-14,30459,30409.5625,36.68,47.6,60.03,14.32,71.66,35.04,19.591919587657866,33.05,12.73,31.63,False,out_of_sample
2023-04-15,30343,30490.75,37.09,48.09,60.17,16.88,71.78,34.92,19.30456163536634,33.2,13.57,31.43,False,out_of_sample
2023-04-16,30313,30315.9765625,36.86,48.59,59.87,17.42,69.27,34.94,19.185447692440725,32.91,13.7,31.38,False,out_of_sample
2023-04-17,29470,30317.146484375,36.54,49.07,59.77,17.44,70.67,33.56,17.445633051721842,32.83,13.44,29.93,False,out_of_sample
2023-04-18,30367,29449.091796875,36.72,49.57,57.63,17.19,71.69,35.17,19.17100712144243,30.75,13.35,31.45,False,out_of_sample
2023-04-19,28797,30394.1875,36.08,50.05,59.84,15.24,72.95,32.5,15.948687772070787,32.91,11.67,28.68,False,out_of_sample
2023-04-20,28252,28823.68359375,34.48,50.48,55.72,13.35,69.35,31.59,14.749807146712888,28.97,13.38,27.7,False,out_of_sample
2023-04-21,27293,28249.23046875,32.66,50.9,54.2,12.37,64.91,29.87,12.63148175528895,27.55,10.26,25.92,False,out_of_sample
2023-04-22,27828,27265.89453125,32.16,51.31,51.36,10.2,65.7,30.93,13.727241169123866,24.96,9.12,26.92,False,out_of_sample
2023-04-23,27605,27816.14453125,32.31,51.7,52.95,9.83,67.26,30.58,13.186883534116411,26.41,7.08,26.51,False,out_of_sample
2023-04-24,27521,27591.73046875,32.31,52.06,52.27,10.45,67.01,30.47,12.944316851787042,25.79,8.17,26.35,False,out_of_sample
2023-04-25,28303,27514.873046875,31.96,52.42,52.01,6.41,64.16,31.97,14.553571612294647,25.56,7.67,27.78,False,out_of_sample
2023-04-26,28385,28300.05859375,32.35,52.77,54.28,6.7,62.5,32.18,14.665307661561677,27.64,7.46,27.92,False,out_of_sample
2023-04-27,29466,28428.46484375,33.39,53.13,54.47,7.96,62.38,34.18,16.833160475046647,27.83,9.05,29.82,False,out_of_sample
2023-04-28,29351,29481.013671875,34.36,53.49,57.38,7.31,66.23,34.04,16.539522556129196,30.58,9.17,29.62,False,out_of_sample
2023-04-29,29222,29336.56640625,34.58,53.85,57.04,6.48,67.87,33.87,16.216343616513463,30.26,11.31,29.37,False,out_of_sample
2023-04-30,29363,29245.515625,34.92,54.22,56.66,6.94,70.33,34.19,16.442946996588788,29.91,11.04,29.62,False,out_of_sample
2023-05-01,16825,29227.103515625,5.07,12.33,1.79,0.0,29.03,0.0,0.0,0.0,0.0,2.44,False,out_of_sample
2023-05-02,22958,28087.17578125,18.43,19.71,38.02,0.0,46.48,16.28,1.6409491770178086,13.57,1.16,18.01,False,out_of_sample
2023-05-03,22420,28680.494140625,18.78,28.08,33.47,0.0,54.29,16.6,0.16370316844134405,9.96,0.0,16.7,False,out_of_sample
2023-05-04,28191,29031.3046875,32.86,43.1,54.45,17.84,65.11,30.42,13.770223663910643,27.64,8.9,27.83,False,out_of_sample
2023-05-05,29553,28851.48046875,35.24,55.68,55.49,13.89,66.8,34.86,16.525499096729646,28.85,10.22,29.91,False,out_of_sample
2023-05-06,25786,29538.859375,30.74,59.79,49.55,10.11,64.19,29.17,8.325868288648854,23.61,4.93,22.54,False,out_of_sample
2023-05-07,30498,28901.623046875,38.87,61.51,58.85,20.95,74.32,38.7,18.283703978887587,32.58,12.06,30.73,False,out_of_sample
2023-05-08,29054,28450.45703125,34.41,60.55,54.37,10.25,68.45,36.88,15.327430189572045,28.17,7.13,27.8,False,out_of_sample
2023-05-09,25783,27695.068359375,28.91,57.72,44.29,15.49,61.7,32.29,8.134575530297585,18.98,0.0,21.48,False,out_of_sample
2023-05-10,27427,27654.63671875,32.2,55.62,50.65,20.48,65.3,37.27,11.76465371803036,24.69,1.22,24.51,False,out_of_sample
2023-05-11,35106,27621.0859375,45.01,52.95,67.06,35.88,81.74,53.17,26.4473478951525,41.53,14.24,36.8,False,out_of_sample
2023-05-12,44068,26987.662109375,54.02,53.57,76.87,44.16,88.13,67.68,39.96989216446984,53.62,21.55,48.06,False,out_of_sample
2023-05-13,26842,26807.76953125,32.78,57.17,48.84,22.26,66.97,30.44,10.293577647420484,22.88,5.61,24.89,False,out_of_sample
2023-05-14,26919,26788.974609375,33.11,57.31,49.06,22.02,69.63,30.64,10.403573479623311,23.08,5.11,25.03,False,out_of_sample
2023-05-15,27232,26931.384765625,32.34,57.48,49.29,11.53,70.76,31.29,11.033260122867098,23.28,5.22,25.55,False,out_of_sample
2023-05-16,27026,27171.513671875,32.46,57.64,50.18,10.68,71.93,30.95,10.518376377898464,24.11,5.34,25.15,False,out_of_sample
2023-05-17,27402,27035.470703125,32.41,57.79,49.5,9.76,70.7,31.71,11.283122470687914,23.5,5.98,25.86,False,out_of_sample
2023-05-18,26844,27401.650390625,32.06,57.93,50.66,8.98,69.67,30.69,9.992200710880725,24.54,5.5,24.8,False,out_of_sample
2023-05-19,26890,26826.75390625,31.74,58.06,48.92,8.77,69.21,30.81,10.033394826526445,22.98,6.26,24.89,False,out_of_sample
2023-05-20,27101,26888.841796875,31.33,58.18,49.08,8.63,65.22,31.25,10.439604291388155,23.12,5.02,25.29,False,out_of_sample
2023-05-21,26778,27118.423828125,31.39,58.33,49.73,8.36,66.49,30.66,9.661467080245066,23.71,5.09,24.67,False,out_of_sample
2023-05-22,26859,26749.892578125,31.16,58.48,48.7,8.1,65.71,30.85,9.780917218921735,22.78,5.5,24.79,False,out_of_sample
2023-05-23,27227,26855.9609375,31.89,58.61,48.84,9.65,68.89,31.59,10.533750167687183,22.93,4.76,25.49,False,out_of_sample
2023-05-24,26342,27224.603515625,31.36,58.73,49.98,9.24,67.29,29.91,8.495789109096245,23.96,4.9,23.79,False,out_of_sample
2023-05-25,26485,26329.4609375,30.97,58.85,47.14,8.83,67.95,30.22,8.75839432098127,21.43,5.66,23.99,False,out_of_sample
2023-05-26,26721,26474.181640625,31.35,58.97,47.55,12.4,67.49,30.72,9.227963570370285,21.8,3.69,24.43,False,out_of_sample
2023-05-27,26855,26720.181640625,31.78,59.09,48.31,12.74,68.41,31.01,9.466114448550181,22.48,3.97,24.69,False,out_of_sample
2023-05-28,28098,26871.158203125,32.92,59.22,48.74,12.31,70.65,33.39,12.113133847143404,22.86,4.45,27.01,False,out_of_sample
2023-05-29,27766,28075.591796875,33.78,59.29,52.52,12.59,72.48,32.8,11.340754206910951,26.29,4.7,26.39,False,out_of_sample
2023-05-30,27713,27745.123046875,34.0,59.36,51.51,12.37,74.25,32.73,11.165424931347014,25.37,7.31,26.28,False,out_of_sample
2023-05-31,27218,27700.529296875,33.12,59.46,51.32,11.31,71.27,31.82,10.025301716384458,25.2,6.57,25.34,False,out_of_sample
2023-06-01,16958,27218.412109375,5.48,12.37,1.64,0.0,32.36,0.1,0.0,0.0,0.0,2.83,False,out_of_sample
2023-06-02,22746,26824.556640625,18.1,19.97,36.34,0.0,48.0,15.85,0.0,12.23,0.91,17.54,False,out_of_sample
2023-06-03,22415,27252.32421875,18.43,28.46,33.91,0.0,49.93,16.64,0.0,10.29,0.0,16.68,False,out_of_sample
2023-06-04,28050,27075.123046875,33.6,43.59,54.6,20.02,69.12,30.23,11.584714548676603,27.8,9.41,27.55,False,out_of_sample
2023-06-05,28900,27123.109375,35.37,55.91,57.33,14.13,67.84,33.78,13.312448415954842,30.61,9.8,28.77,False,out_of_sample
2023-06-06,27214,25732.109375,31.13,59.8,45.03,10.67,67.18,32.0,9.649913272614121,19.62,5.06,25.3,False,out_of_sample
2023-06-07,29980,27235.650390625,37.97,61.51,58.07,18.37,73.8,37.82,15.389857657100023,31.82,11.38,29.8,False,out_of_sample
2023-06-08,29049,26347.654296875,34.48,60.47,54.35,9.88,69.92,36.91,13.4386949134173,28.16,6.82,27.79,False,out_of_sample
2023-06-09,25755,26505.923828125,28.18,57.63,44.25,12.53,58.47,32.3,6.163529731110281,18.94,0.0,21.42,False,out_of_sample
2023-06-10,27942,26481.76171875,32.31,55.57,49.5,20.17,65.16,38.34,10.988157173952198,23.64,1.96,25.46,False,out_of_sample
2023-06-11,35018,25854.03125,44.86,52.91,67.06,35.5,80.48,53.12,24.46176960309827,41.54,14.87,36.67,False,out_of_sample
2023-06-12,43746,25934.28515625,55.02,53.75,79.63,47.26,85.94,67.32,37.74724813596833,57.21,24.37,47.62,False,out_of_sample
2023-06-13,25881,25902.94140625,30.2,59.75,45.42,10.39,69.46,29.6,6.210127960501349,19.95,2.06,22.68,False,out_of_sample
2023-06-14,25098,25920.2578125,28.81,59.73,45.33,9.14,63.16,28.04,4.305966079740005,19.88,2.02,21.09,False,out_of_sample
2023-06-15,25560,25121.673828125,28.35,59.73,42.54,8.84,61.78,29.04,5.338459368602814,17.47,1.93,22.01,False,out_of_sample
2023-06-16,26332,25575.283203125,29.29,59.74,44.22,10.36,62.86,30.63,7.062123750509825,18.91,0.09,23.53,False,out_of_sample
2023-06-17,26515,26328.6796875,30.74,59.74,46.87,12.47,66.66,31.02,7.416318109097963,21.22,1.12,23.89,False,out_of_sample
2023-06-18,26354,26510.45703125,31.1,59.75,47.47,12.93,67.58,30.73,6.989500965739818,21.75,2.84,23.56,False,out_of_sample
2023-06-19,26779,26335.44140625,31.09,59.78,46.91,12.25,66.44,31.6,7.8883004190269945,21.26,3.21,24.36,False,out_of_sample
2023-06-20,28306,26841.6640625,32.94,59.82,48.33,17.27,67.1,34.52,11.155818134019208,22.51,2.82,27.18,False,out_of_sample
2023-06-21,30100,28311.310546875,35.25,59.9,52.99,20.34,65.37,37.75,14.784093322751637,26.75,3.72,30.29,False,out_of_sample
2023-06-22,29953,29995.935546875,37.08,60.01,57.79,23.5,66.79,37.51,14.429772027777982,31.33,6.95,30.03,False,out_of_sample
2023-06-23,30639,29896.3828125,37.72,60.14,57.34,23.05,66.67,38.71,15.72909106491965,30.92,10.52,31.15,False,out_of_sample
2023-06-24,30550,30708.73828125,38.6,60.27,59.0,24.55,70.5,38.58,15.494135442380182,32.56,10.2,31.0,False,out_of_sample
2023-06-25,30468,30545.150390625,39.0,60.38,58.73,25.32,72.9,38.45,15.272425870076308,32.31,11.49,30.85,False,out_of_sample
2023-06-26,30256,30480.5234375,39.09,60.49,58.5,25.12,75.58,38.1,14.792689876443724,32.09,11.28,30.49,False,out_of_sample
2023-06-27,30668,30274.3203125,38.64,60.61,57.91,21.03,74.8,38.83,15.544905043693467,31.53,11.08,31.16,False,out_of_sample
2023-06-28,30105,30696.560546875,37.81,60.76,58.86,21.85,67.86,37.88,14.371362341540866,32.49,10.63,30.2,False,out_of_sample
2023-06-29,30461,30086.1875,37.72,60.93,57.36,21.19,67.95,38.52,15.01741352742082,31.04,11.39,30.77,False,out_of_sample
2023-06-30,30485,30441.353515625,38.17,61.09,58.27,22.16,70.12,38.58,15.004440044412807,31.93,10.26,30.8,False,out_of_sample
2023-07-01,16943,30471.84765625,5.78,12.42,2.74,0.0,33.97,0.1,0.0,0.0,0.0,2.78,False,out_of_sample
2023-07-02,23267,30587.26953125,18.33,20.26,35.42,0.0,48.84,17.03,0.0,11.5,0.0,18.69,False,out_of_sample
2023-07-03,22175,30624.515625,18.45,28.85,33.9,0.0,51.42,16.16,0.0,10.29,0.0,16.09,False,out_of_sample
2023-07-04,27937,31156.865234375,32.26,44.07,54.18,11.22,66.65,30.09,9.514894739722997,27.41,9.53,27.34,False,out_of_sample
2023-07-05,28762,30778.724609375,34.93,56.14,55.57,13.67,66.93,33.6,11.204120908710404,28.94,11.15,28.47,False,out_of_sample
2023-07-06,26340,30507.150390625,31.06,59.8,49.7,11.64,64.9,30.33,5.8526324649852475,23.75,2.0,23.62,False,out_of_sample
2023-07-07,30330,29907.998046875,38.31,61.52,56.83,18.95,77.58,38.45,14.275655089128525,30.58,10.76,30.4,False,out_of_sample
2023-07-08,29165,30346.921875,34.89,60.36,54.33,9.49,73.61,37.17,11.85895639235234,28.13,6.77,27.99,False,out_of_sample
2023-07-09,26211,30291.611328125,28.38,57.54,44.16,11.93,58.36,33.3,5.373010643094706,18.86,0.0,22.33,False,out_of_sample
2023-07-10,27973,30172.423828125,33.18,55.53,51.07,20.41,70.49,38.47,9.226578981049101,25.07,1.12,25.5,False,out_of_sample
2023-07-11,35419,30417.6328125,44.43,52.88,66.84,34.83,75.97,53.82,23.369191512173934,41.32,14.85,37.25,False,out_of_sample
2023-07-12,43283,30622.24609375,54.78,53.93,79.04,50.3,80.53,66.78,35.37876833969171,56.55,27.37,47.04,False,out_of_sample
2023-07-13,31435,30387.48828125,37.71,61.44,57.73,15.15,68.85,40.44,16.067642547996034,31.49,10.77,32.18,False,out_of_sample
2023-07-14,30311,31474.720703125,37.58,61.45,60.29,14.92,69.02,38.54,13.815409627330766,34.03,10.28,30.29,False,out_of_sample
2023-07-15,30291,30331.783203125,37.11,61.44,57.49,15.4,68.09,38.52,13.715294755785035,31.27,12.25,30.26,False,out_of_sample
2023-07-16,30250,30297.47265625,37.24,61.45,57.43,14.93,72.22,38.47,13.57335080243525,31.21,10.06,30.19,False,out_of_sample
2023-07-17,30144,30249.626953125,37.13,61.45,57.32,15.29,71.79,38.3,13.301544513054916,31.1,9.99,29.99,False,out_of_sample
2023-07-18,29836,30147.0703125,37.11,61.42,57.06,14.7,74.52,37.77,12.622502201507052,30.84,9.87,29.44,False,out_of_sample
2023-07-19,29914,29862.046875,37.33,61.4,56.22,19.45,73.36,37.92,12.719289809769604,30.04,9.62,29.56,False,out_of_sample
2023-07-20,29806,29915.25,37.5,61.36,56.39,23.28,71.93,37.74,12.44089262712646,30.21,8.98,29.36,False,out_of_sample
2023-07-21,29920,29805.111328125,36.44,61.33,56.09,20.84,64.86,37.96,12.610411978985114,29.92,9.1,29.54,False,out_of_sample
2023-07-22,29727,29908.697265625,36.1,61.3,56.41,20.53,62.81,37.64,12.15992920676494,30.23,8.85,29.2,False,out_of_sample
2023-07-23,30067,29790.111328125,36.46,61.29,55.88,20.07,65.63,38.26,12.784843818522502,29.72,9.04,29.79,False,out_of_sample
2023-07-24,29179,30081.662109375,36.7,61.26,56.77,20.47,70.75,36.7,10.917265585745943,30.58,8.62,28.23,False,out_of_sample
2023-07-25,29222,29178.970703125,36.23,61.23,54.38,19.94,70.96,36.8,10.94536657960547,28.29,9.26,28.31,False,out_of_sample
2023-07-26,29362,29225.759765625,35.56,61.21,54.49,15.63,70.08,37.08,11.172876555685399,28.4,7.45,28.55,False,out_of_sample
2023-07-27,29202,29353.798828125,34.78,61.19,54.88,10.36,68.47,36.83,10.782742803791248,28.76,7.5,28.22,False,out_of_sample
2023-07-28,29317,29212.1640625,35.12,61.18,54.51,13.12,68.8,37.07,10.959105134736538,28.39,7.75,28.29,False,out_of_sample
2023-07-29,29361,29319.4453125,35.91,61.15,55.1,21.09,67.12,37.18,10.988914377416528,28.87,7.39,28.37,False,out_of_sample
2023-07-30,29263,29357.09375,36.35,61.09,55.21,21.39,70.93,37.05,10.726587026705998,28.98,7.59,28.2,False,out_of_sample
2023-07-31,29220,29278.314453125,36.23,61.02,54.94,21.08,70.97,37.01,10.577199934340943,28.72,7.64,28.11,False,out_of_sample
2023-08-01,17060,29230.873046875,5.85,12.49,2.65,0.0,33.88,0.49,0.0,0.0,0.0,3.13,False,out_of_sample
2023-08-02,22938,29704.146484375,18.37,20.54,37.61,0.0,47.17,16.36,0.0,13.25,0.0,17.96,False,out_of_sample
2023-08-03,21702,29161.8125,17.6,29.23,33.16,0.0,48.06,15.12,0.0,9.67,0.0,14.99,False,out_of_sample
2023-08-04,27965,29174.3828125,32.11,44.55,53.87,9.13,67.65,30.21,7.684568178265386,27.12,9.21,27.39,False,out_of_sample
2023-08-05,27728,29075.388671875,35.31,56.34,54.81,23.8,68.45,31.78,7.109739532515083,28.33,9.8,26.58,False,out_of_sample
2023-08-06,26522,29043.701171875,31.18,59.8,46.87,11.28,67.6,30.71,4.36377250540249,21.23,5.12,23.96,False,out_of_sample
2023-08-07,30264,29038.513671875,38.25,61.49,57.71,15.81,79.9,38.36,12.272243940027545,31.44,9.71,30.29,False,out_of_sample
2023-08-08,29780,29180.01953125,34.94,60.3,54.65,9.75,70.03,38.32,11.238171029337176,28.44,6.73,29.06,False,out_of_sample
2023-08-09,25905,29766.6953125,28.49,57.45,45.76,10.41,59.79,32.73,2.7577642836463148,20.25,0.0,21.72,False,out_of_sample
2023-08-10,27937,29563.97265625,33.42,55.48,51.13,20.25,71.77,38.48,7.257908687948808,25.14,2.2,25.44,False,out_of_sample
2023-08-11,35798,29424.90234375,44.63,52.86,67.57,35.03,74.52,54.49,22.176239480211546,42.14,14.66,37.79,False,out_of_sample
2023-08-12,44206,29399.787109375,54.75,54.12,78.33,49.06,80.05,67.96,34.86437992594815,55.69,26.87,48.11,False,out_of_sample
2023-08-13,29287,29416.59375,35.02,60.09,55.27,9.11,72.5,37.67,9.926599306411683,29.04,7.26,28.17,False,out_of_sample
2023-08-14,29409,29283.263671875,35.31,60.03,54.9,9.42,74.88,37.95,10.117150813232053,28.69,7.25,28.37,False,out_of_sample
2023-08-15,29168,29408.048828125,35.24,59.96,55.22,9.65,75.13,37.56,9.559112794603099,29.0,6.95,27.94,False,out_of_sample
2023-08-16,28755,29169.07421875,35.13,59.86,54.55,8.83,78.38,36.86,8.63629484859931,28.36,7.16,27.19,False,out_of_sample
2023-08-17,26661,28699.802734375,33.03,59.73,53.39,8.53,74.66,32.9,4.004048709192674,27.26,6.63,23.28,False,out_of_sample
2023-08-18,26038,26636.078125,30.54,59.59,46.99,9.33,68.42,31.7,2.5128848274024413,21.41,5.74,22.04,False,out_of_sample
2023-08-19,26094,26047.83203125,29.33,59.44,44.92,11.57,63.58,31.87,2.581222213453155,19.58,1.21,22.16,False,out_of_sample
2023-08-20,26177,26096.861328125,29.35,59.33,45.13,11.74,63.95,32.1,2.7117281220905642,19.76,0.0,22.32,False,out_of_sample
2023-08-21,26129,26188.69140625,29.72,59.21,45.41,11.62,67.33,32.07,2.5391537433639213,20.01,0.0,22.22,False,out_of_sample
2023-08-22,25979,26130.748046875,29.75,59.06,45.28,12.86,67.63,31.82,2.1292789732134696,19.88,0.01,21.92,False,out_of_sample
2023-08-23,26453,26040.474609375,29.85,58.93,44.78,14.35,65.26,32.85,3.1616738935919755,19.44,0.0,22.85,False,out_of_sample
2023-08-24,26127,26431.51953125,29.63,58.78,46.42,14.74,61.93,32.25,2.349808798548084,20.87,0.0,22.21,False,out_of_sample
2023-08-25,26041,26163.6796875,29.36,58.66,45.34,15.45,60.86,32.14,2.088692409105655,19.92,0.54,22.04,False,out_of_sample
2023-08-26,26007,26047.234375,29.06,58.55,45.07,15.11,59.84,32.12,1.948009287305361,19.68,0.0,21.97,False,out_of_sample
2023-08-27,26087,26008.2421875,28.67,58.47,44.95,14.98,56.3,32.35,2.072322527263643,19.57,0.0,22.13,False,out_of_sample
2023-08-28,26104,26089.615234375,28.44,58.39,45.22,14.97,53.75,32.45,2.050169111068511,19.81,0.0,22.15,False,out_of_sample
2023-08-29,27673,26102.486328125,29.96,58.32,45.29,15.35,57.72,35.61,5.522868885025935,19.87,0.0,25.15,False,out_of_sample
2023-08-30,27299,27726.083984375,31.25,58.26,50.43,16.95,60.21,34.94,4.637684490942078,24.46,0.0,24.44,False,out_of_sample
2023-08-31,25955,27301.9296875,30.79,58.18,49.26,16.35,63.95,32.32,1.5186861978792705,23.39,3.01,21.83,False,out_of_sample
2023-09-01,17183,25934.021484375,5.74,12.58,3.55,0.0,31.14,0.9,0.0,0.0,0.0,3.49,False,out_of_sample
2023-09-02,21819,25800.91015625,17.44,20.79,36.21,0.0,48.21,13.88,0.0,12.13,0.58,15.41,False,out_of_sample
2023-09-03,20350,25869.47265625,15.97,29.59,30.98,0.0,46.8,11.91,0.0,7.99,0.0,11.72,False,out_of_sample
2023-09-04,28358,25968.169921875,32.1,45.04,53.94,7.93,66.24,31.0,6.637624218774932,27.19,8.94,28.11,False,out_of_sample
2023-09-05,27643,25814.95703125,34.8,56.55,51.78,26.11,67.93,31.7,5.029014881069499,25.54,9.48,26.42,False,out_of_sample
2023-09-06,26471,25783.931640625,31.25,59.79,47.47,11.32,69.28,30.64,2.3419696327991613,21.76,3.17,23.86,False,out_of_sample
2023-09-07,30164,25748.3125,38.42,61.48,57.53,13.81,83.69,38.2,10.197311771534517,31.27,10.36,30.11,False,out_of_sample
2023-09-08,29583,26245.208984375,35.37,60.26,56.31,11.16,70.13,38.01,8.957640933517913,30.02,6.93,28.71,False,out_of_sample
2023-09-09,25895,25905.42578125,28.27,57.36,44.7,8.3,62.05,32.77,0.8234863011057729,19.32,0.0,21.7,False,out_of_sample
2023-09-10,27592,25895.2109375,33.01,55.39,51.01,19.66,70.99,37.89,4.611121512978806,25.03,2.22,24.77,False,out_of_sample
2023-09-11,36676,25831.71484375,45.7,52.85,68.23,35.51,77.7,55.89,21.810622237547044,42.89,15.31,39.0,False,out_of_sample
2023-09-12,43741,25160.658203125,55.09,54.31,79.46,48.98,82.8,67.42,32.4371626403101,57.18,26.17,47.55,False,out_of_sample
2023-09-13,26227,25837.5546875,28.66,57.01,44.58,8.66,63.71,33.67,1.3495859643487509,19.21,0.0,22.36,False,out_of_sample
2023-09-14,26557,26228.27734375,29.06,56.94,45.85,6.59,65.12,34.39,2.046636785496873,20.32,0.0,23.0,False,out_of_sample
2023-09-15,26673,26533.818359375,30.11,56.87,46.93,7.21,71.28,34.69,2.2496056526150587,21.29,0.0,23.22,False,out_of_sample
2023-09-16,26556,26606.19921875,30.25,56.76,47.3,7.31,72.5,34.51,1.921344763245629,21.62,0.0,23.0,False,out_of_sample
2023-09-17,26503,26567.927734375,29.99,56.66,46.91,7.65,70.78,34.47,1.7385819223453953,21.27,0.22,22.9,False,out_of_sample
2023-09-18,26765,26532.994140625,29.69,56.57,46.72,7.66,67.16,35.05,2.2741987493249463,21.1,0.0,23.39,False,out_of_sample
2023-09-19,27216,26760.8515625,29.98,56.5,47.56,7.86,65.49,36.0,3.2272159263790408,21.86,0.0,24.19,False,out_of_sample
2023-09-20,27134,27210.228515625,30.26,56.44,48.96,7.87,65.51,35.89,2.9826723930678734,23.12,0.31,24.03,False,out_of_sample
2023-09-21,26572,27129.83984375,29.9,56.36,48.7,10.2,62.94,34.81,1.6503602802184543,22.89,1.27,22.95,False,out_of_sample
2023-09-22,26582,26564.056640625,29.4,56.28,46.86,11.35,60.98,34.88,1.6116972440937287,21.24,1.05,22.97,False,out_of_sample
2023-09-23,26576,26578.556640625,29.2,56.2,46.82,9.95,61.83,34.93,1.5364710542266196,21.21,0.0,22.97,False,out_of_sample
2023-09-24,26287,26579.373046875,29.2,56.15,46.86,10.77,62.69,34.39,0.8107268355044659,21.24,0.0,22.4,False,out_of_sample
2023-09-25,26289,26253.775390625,29.26,56.06,45.88,11.15,64.72,34.45,0.7537449506597019,20.38,0.0,22.4,False,out_of_sample
2023-09-26,26195,26294.7578125,29.02,55.99,45.89,12.69,61.72,34.3,0.4744804192172887,20.38,0.0,22.22,False,out_of_sample
2023-09-27,26337,26209.498046875,29.17,55.92,45.56,12.44,63.15,34.64,0.7413888541565052,20.09,0.0,22.49,False,out_of_sample
2023-09-28,27034,26355.8125,29.61,55.86,46.05,10.76,63.79,36.09,2.2673694319570883,20.52,0.0,23.84,False,out_of_sample
2023-09-29,26912,27024.841796875,30.51,55.81,48.35,13.27,65.8,35.89,1.9310282523051336,22.58,0.0,23.59,False,out_of_sample
2023-09-30,26978,26911.689453125,30.58,55.77,47.94,15.88,63.72,36.07,2.0185019185352355,22.21,0.53,23.72,False,out_of_sample
2023-10-01,17434,26967.396484375,6.29,12.71,4.49,0.0,33.5,1.67,0.0,0.0,0.0,4.22,False,out_of_sample
2023-10-02,21621,27976.798828125,16.19,21.04,31.21,0.0,47.63,13.46,0.0,8.22,0.0,14.95,False,out_of_sample
2023-10-03,20241,27508.251953125,14.02,29.95,24.21,0.0,41.63,11.71,0.0,2.89,0.0,11.44,False,out_of_sample
2023-10-04,29688,27429.07421875,32.97,45.56,55.05,7.43,64.79,33.42,7.595007846926951,28.21,8.97,30.44,False,out_of_sample
2023-10-05,27647,27798.646484375,34.89,56.76,51.54,26.22,71.04,31.77,3.201486757045218,25.31,7.31,26.42,False,out_of_sample
2023-10-06,25864,27412.123046875,30.87,59.79,47.3,9.34,71.48,29.47,0.0,21.61,3.54,22.66,False,out_of_sample
2023-10-07,30395,27946.78125,38.15,61.45,57.26,13.45,81.2,38.62,8.844954915434045,31.0,10.19,30.5,False,out_of_sample
2023-10-08,29431,27971.677734375,34.72,60.24,55.76,8.49,67.59,37.79,6.8230905912062125,29.5,8.13,28.43,False,out_of_sample
2023-10-09,25832,27934.47265625,28.18,57.27,44.67,8.2,61.89,32.69,0.0,19.29,0.0,21.58,False,out_of_sample
2023-10-10,27420,27589.201171875,32.61,55.25,49.91,20.83,69.5,37.63,2.3933785714432663,24.03,2.1,24.44,False,out_of_sample
2023-10-11,37368,27392.076171875,47.41,52.86,69.69,40.24,81.56,56.99,21.17636975791044,44.6,15.91,39.95,False,out_of_sample
2023-10-12,43733,26873.29296875,55.58,54.49,78.8,49.52,86.81,67.44,30.69401044029661,56.36,27.4,47.53,False,out_of_sample
2023-10-13,26843,26752.87890625,31.25,54.81,47.18,22.15,67.02,36.74,0.9143503005765777,21.56,0.0,23.31,False,out_of_sample
2023-10-14,26862,26866.203125,30.94,54.66,47.52,20.57,65.21,36.86,0.895949840136456,21.86,0.0,23.31,False,out_of_sample
2023-10-15,27131,26858.01171875,31.16,54.52,47.54,20.49,65.7,37.49,1.4413744355680067,21.89,0.0,23.83,False,out_of_sample
2023-10-16,28507,27162.62890625,32.38,54.39,48.4,20.48,67.26,40.24,4.393649016441912,22.67,0.0,26.38,False,out_of_sample
2023-10-17,28434,28522.09765625,33.55,54.27,52.59,20.27,70.38,40.2,4.176396716801994,26.52,0.1,26.24,False,out_of_sample
2023-10-18,28329,28413.53125,33.55,54.14,52.35,20.43,68.4,40.09,3.889912661794344,26.31,3.05,26.04,False,out_of_sample
2023-10-19,28691,28332.416015625,33.77,54.02,52.01,21.41,68.34,40.88,4.602593470893296,26.0,2.86,26.66,False,out_of_sample
2023-10-20,29705,28732.8125,35.14,53.92,53.09,29.36,65.43,42.85,6.658394739329593,27.0,2.6,28.45,False,out_of_sample
2023-10-21,29923,29683.380859375,36.47,53.82,55.87,32.35,67.13,43.33,7.043361366932946,29.66,3.33,28.83,False,out_of_sample
2023-10-22,29985,29918.654296875,37.12,53.71,56.43,32.26,69.7,43.53,7.108862246545994,30.21,5.39,28.93,False,out_of_sample
2023-10-23,32955,30140.685546875,39.49,53.65,56.57,32.79,74.8,48.7,12.806532242242557,30.35,5.79,33.8,False,out_of_sample
2023-10-24,33881,33077.3046875,41.74,53.6,63.58,35.51,73.75,50.28,14.436355559203601,37.46,5.88,35.19,False,out_of_sample
2023-10-25,34489,33916.04296875,43.81,53.54,65.37,40.43,75.24,51.32,15.461302917349288,39.42,11.54,36.09,False,out_of_sample
2023-10-26,34182,34504.2890625,44.1,53.49,66.51,40.74,74.99,50.92,14.856348973256642,40.69,13.17,35.6,False,out_of_sample
2023-10-27,33897,34156.5,43.95,53.43,65.77,37.38,78.87,50.54,14.285938739028193,39.93,14.2,35.15,False,out_of_sample
2023-10-28,34092,33907.72265625,44.04,53.37,65.12,37.47,80.65,50.93,14.57615596209077,39.27,13.62,35.43,False,out_of_sample
2023-10-29,34575,34089.37109375,44.19,53.31,65.49,37.95,79.01,51.77,15.37483541726019,39.67,13.07,36.15,False,out_of_sample
2023-10-30,34496,34531.7421875,44.53,53.25,66.44,38.66,79.53,51.73,15.175651845565849,40.7,13.38,36.02,False,out_of_sample
2023-10-31,34637,34500.078125,44.47,53.2,66.22,37.5,79.14,52.03,15.36499174881803,40.49,14.19,36.21,False,out_of_sample
2023-11-01,17834,34657.2734375,6.88,12.8,6.41,0.0,33.72,2.84,0.0,0.0,0.0,5.36,False,out_of_sample
2023-11-02,21865,35441.578125,16.29,21.29,30.29,0.0,48.16,14.09,0.0,7.51,0.0,15.52,False,out_of_sample
2023-11-03,20586,34942.47265625,14.61,30.34,23.68,0.0,44.79,12.65,0.0,2.5,0.0,12.3,False,out_of_sample
2023-11-04,30248,34736.32421875,34.67,46.06,58.54,9.27,67.24,34.45,6.8532367077024965,31.53,9.74,31.35,False,out_of_sample
2023-11-05,26987,35090.01171875,34.29,56.9,51.56,23.19,72.4,30.6,0.0,25.33,7.09,25.17,False,out_of_sample
2023-11-06,25907,35044.7890625,30.52,59.77,45.25,9.29,72.14,29.59,0.0,19.82,3.39,22.75,False,out_of_sample
2023-11-07,30617,35047.79296875,37.83,61.44,57.82,13.72,76.05,39.02,7.412008062897528,31.56,9.96,30.85,False,out_of_sample
2023-11-08,29400,35419.4765625,35.01,60.19,55.34,9.21,70.98,37.78,4.873504396125242,29.1,7.71,28.38,False,out_of_sample
2023-11-09,25136,35633.6328125,27.94,57.16,44.44,8.0,64.78,31.29,0.0,19.1,0.0,20.17,False,out_of_sample
2023-11-10,26829,36702.25,32.13,55.12,49.37,21.26,70.2,36.54,0.0,23.54,1.32,23.29,False,out_of_sample
2023-11-11,36980,37310.0703125,47.88,52.85,70.83,40.34,83.5,56.51,18.709762992493555,45.93,17.34,39.4,False,out_of_sample
2023-11-12,41210,37133.9921875,54.61,54.64,78.76,49.37,88.41,64.24,25.270536065766862,56.31,26.7,44.4,False,out_of_sample
2023-11-13,36544,37070.3046875,47.25,52.87,70.22,40.23,80.6,56.04,17.86652680016574,45.26,17.75,38.77,False,out_of_sample
2023-11-14,35591,36491.7890625,45.96,52.86,69.27,38.6,76.8,54.7,16.191786360621467,44.19,17.83,37.38,False,out_of_sample
2023-11-15,37841,35548.11328125,46.34,52.89,67.46,38.19,75.45,58.1,19.880675177280555,42.18,16.95,40.53,False,out_of_sample
2023-11-16,36161,37879.98046875,46.79,52.9,71.46,38.92,79.13,55.72,17.04461366745139,46.72,15.31,38.15,False,out_of_sample
2023-11-17,36570,36164.82421875,46.52,52.9,68.41,35.4,81.22,56.41,17.67321524153047,43.28,18.98,38.73,False,out_of_sample
2023-11-18,36578,36625.37109375,46.16,52.91,69.13,34.0,80.57,56.49,17.62739244590415,44.1,16.19,38.73,False,out_of_sample
2023-11-19,37443,36585.765625,46.9,52.94,69.12,32.93,83.88,57.82,18.998070923328065,44.1,16.83,39.93,False,out_of_sample
2023-11-20,37517,37374.07421875,47.55,52.96,70.65,32.8,86.27,58.0,19.05984817558779,45.84,16.8,40.02,False,out_of_sample
2023-11-21,36036,37469.16015625,47.17,52.96,70.7,34.32,86.23,55.89,16.536261765627753,45.93,18.18,37.89,False,out_of_sample
2023-11-22,37404,35756.5546875,46.92,52.99,67.94,35.6,82.51,57.98,18.75721019314985,42.85,18.25,39.79,False,out_of_sample
2023-11-23,37312,37420.43359375,47.08,53.02,70.37,37.42,79.87,57.92,18.547436016521907,45.6,15.77,39.66,False,out_of_sample
2023-11-24,37719,37296.31640625,47.65,53.05,70.18,36.11,82.63,58.57,19.152501171731284,45.4,17.99,40.22,False,out_of_sample
2023-11-25,37801,37721.4140625,48.08,53.09,70.85,36.01,84.95,58.76,19.2264750968833,46.18,17.8,40.32,False,out_of_sample
2023-11-26,37483,37796.828125,48.14,53.11,70.96,37.24,84.76,58.36,18.650226247806522,46.32,18.41,39.88,False,out_of_sample
2023-11-27,37230,37454.19140625,47.37,53.12,70.38,37.97,79.28,58.06,18.17644754485606,45.66,18.5,39.52,False,out_of_sample
2023-11-28,37829,37247.9921875,47.07,53.15,69.91,35.93,77.62,58.99,19.094923860812862,45.13,17.94,40.33,False,out_of_sample
2023-11-29,37847,37826.10546875,47.01,53.18,70.92,34.88,76.3,59.09,19.065097629213955,46.3,17.49,40.35,False,out_of_sample
2023-11-30,37713,37861.1171875,47.13,53.21,70.9,34.88,77.05,58.96,18.788846264614083,46.29,18.41,40.08,False,out_of_sample
2023-12-01,18870,37718.0078125,8.37,12.94,9.35,0.0,35.47,5.72,0.0,0.0,0.0,8.22,False,out_of_sample
2023-12-02,21773,38689.27734375,16.49,21.53,31.45,0.0,48.28,13.93,0.0,8.4,0.0,15.31,False,out_of_sample
2023-12-03,22066,39472.20703125,16.8,30.8,25.54,0.35,49.71,16.27,0.0,3.87,0.0,15.83,False,out_of_sample
2023-12-04,29914,39978.62890625,36.0,46.57,59.82,14.49,70.05,33.95,4.352634540108167,32.81,12.36,30.74,False,out_of_sample
2023-12-05,26774,41986.265625,33.4,57.03,49.53,22.07,70.52,30.25,0.0,23.5,7.05,24.76,False,out_of_sample
2023-12-06,25907,44080.0234375,30.21,59.76,45.41,9.43,70.34,29.62,0.0,19.95,1.99,22.74,False,out_of_sample
2023-12-07,30386,43769.1328125,37.61,61.41,58.34,14.56,73.05,38.64,5.130173772951805,32.08,10.38,30.45,False,out_of_sample
2023-12-08,29416,43293.13671875,34.99,60.14,55.24,9.05,71.44,37.85,3.079952239013691,29.01,7.36,28.4,False,out_of_sample
2023-12-09,25860,44180.01953125,27.85,57.08,41.95,8.71,63.42,32.86,0.0,16.94,0.0,21.63,False,out_of_sample
2023-12-10,26742,43728.3828125,31.71,54.96,47.46,21.66,70.64,36.45,0.0,21.81,0.91,23.12,False,out_of_sample
2023-12-11,37054,43792.01953125,48.15,52.87,70.12,40.39,85.93,56.7,17.058335867406836,45.13,18.43,39.5,False,out_of_sample
2023-12-12,41468,41238.734375,53.32,54.78,75.18,47.75,85.49,64.62,23.904395602771988,51.85,26.63,44.68,False,out_of_sample
2023-12-13,42940,41468.46484375,53.81,54.94,75.43,48.65,86.24,66.55,25.98654073816025,52.23,22.96,46.48,False,out_of_sample
2023-12-14,43034,42884.26171875,54.04,55.11,77.46,46.22,85.41,66.7,26.062722213014954,54.78,23.29,46.58,False,out_of_sample
2023-12-15,41979,43028.25,53.96,55.26,77.54,44.48,87.99,65.38,24.481256770084727,54.9,25.37,45.25,False,out_of_sample
2023-12-16,42204,41937.7421875,53.67,55.41,75.97,44.4,87.9,65.71,24.75119801372778,52.98,25.45,45.51,False,out_of_sample
2023-12-17,41429,42236.109375,53.23,55.55,76.25,44.54,87.54,64.73,23.555181242554365,53.34,23.88,44.54,False,out_of_sample
2023-12-18,42636,41348.203125,53.58,55.67,75.11,44.54,88.3,66.33,25.260188956779466,51.94,24.16,45.99,False,out_of_sample
2023-12-19,42272,42641.51171875,53.86,55.8,76.75,44.64,89.45,65.89,24.67558353994101,54.02,22.98,45.52,False,out_of_sample
2023-12-20,43606,42261.30078125,54.37,55.97,76.18,43.57,89.65,67.62,26.525639406821945,53.33,24.69,47.11,False,out_of_sample
2023-12-21,43871,43648.125,54.9,56.15,77.98,46.02,87.27,67.98,26.83988300800722,55.64,24.12,47.41,False,out_of_sample
2023-12-22,44010,43868.98828125,55.43,56.33,78.35,46.03,88.65,68.19,26.97634874950831,56.14,26.03,47.53,False,out_of_sample
2023-12-23,43769,44012.19921875,55.58,56.5,78.05,46.39,90.53,67.92,26.581132320035184,55.79,26.44,47.23,False,out_of_sample
2023-12-24,43098,43728.3671875,55.42,56.66,78.02,45.06,93.16,67.12,25.573923557452225,55.76,26.15,46.37,False,out_of_sample
2023-12-25,43624,43010.57421875,55.02,56.84,76.94,45.96,89.02,67.82,26.261420873956865,54.43,26.11,46.99,False,out_of_sample
2023-12-26,42492,43599.84765625,54.01,57.0,77.8,43.7,85.46,66.42,24.58753147412826,55.52,25.03,45.6,False,out_of_sample
2023-12-27,43437,42518.46875,53.64,57.16,76.01,45.5,79.84,67.66,25.881510329871325,53.31,25.9,46.6,False,out_of_sample
2023-12-28,42671,43468.19921875,53.09,57.33,77.02,46.07,76.51,66.72,24.72971762026899,54.68,24.11,45.64,False,out_of_sample
2023-12-29,41999,42614.64453125,52.84,57.49,75.98,46.1,77.83,65.88,23.695599515204233,53.4,25.3,44.73,False,out_of_sample
2023-12-30,42205,42091.75390625,52.86,57.67,74.62,47.72,79.49,66.18,23.938262149209006,51.75,24.24,44.96,False,out_of_sample
2023-12-31,42218,42152.09765625,53.45,57.86,75.22,48.06,84.24,66.23,23.899016602927897,52.5,22.93,44.97,False,out_of_sample
2024-01-01,44050,42280.234375,54.63,58.06,75.41,49.28,85.59,68.59,26.453690113923635,52.75,23.52,47.18,False,out_of_sample
2024-01-02,43021,44187.140625,53.88,62.93,73.42,53.5,78.66,67.73,24.941739546168566,51.41,24.23,44.49,False,out_of_sample
2024-01-03,62525,44961.6015625,72.76,66.19,89.95,79.8,99.09,88.38,47.88671891689976,76.2,44.85,62.87,False,out_of_sample
2024-01-04,69792,42855.81640625,77.24,71.75,90.38,87.92,100.0,93.24,54.5973408280791,81.61,52.8,65.4,False,out_of_sample
2024-01-05,58142,44192.98046875,63.16,73.76,80.57,77.16,41.8,81.85,43.3037530407317,71.64,46.62,54.24,False,out_of_sample
2024-01-06,67715,44178.953125,67.83,75.52,84.18,79.87,49.45,88.66,52.629281029052876,75.92,49.07,60.01,False,out_of_sample
2024-01-07,62836,43998.46484375,61.12,72.47,78.83,72.97,44.7,82.16,47.97158496640079,62.08,39.85,54.58,False,out_of_sample
2024-01-08,65179,43948.70703125,63.52,65.63,79.37,85.04,49.98,82.16,50.17030143219431,67.59,43.6,55.27,False,out_of_sample
2024-01-09,57350,46987.640625,55.64,59.79,73.36,70.2,43.09,72.92,42.236429540861295,64.69,34.82,47.28,False,out_of_sample
2024-01-10,60859,46121.5390625,57.56,52.85,76.97,72.72,50.64,74.52,45.83765127141041,63.84,39.95,49.97,False,out_of_sample
2024-01-11,69484,46656.07421875,62.71,50.48,81.16,82.06,62.34,80.21,53.944936368847316,64.65,44.65,56.24,False,out_of_sample
2024-01-12,97470,46354.79296875,78.53,53.01,92.04,100.0,77.09,97.17,74.73750648575646,91.62,62.82,72.8,False,out_of_sample
2024-01-13,42847,42799.4453125,55.68,60.37,74.3,52.44,91.27,67.27,24.05347651331667,51.99,28.98,45.29,False,out_of_sample
2024-01-14,41889,42842.26171875,53.89,60.53,75.03,51.96,83.05,66.04,22.602203695590248,52.88,23.44,44.09,False,out_of_sample
2024-01-15,42529,41715.06640625,53.08,60.7,74.02,51.65,75.04,66.9,23.47824993565073,51.64,24.14,44.87,False,out_of_sample
2024-01-16,43172,42499.3359375,52.7,60.88,74.42,50.8,70.3,67.75,24.34485557831335,52.14,23.12,45.37,False,out_of_sample
2024-01-17,42690,43132.1015625,52.78,61.04,75.05,52.15,69.5,67.15,23.594811068289097,53.08,23.51,44.72,False,out_of_sample
2024-01-18,41262,42742.3125,52.47,61.18,74.28,51.91,73.24,65.3,21.439434327797994,52.13,24.39,42.87,False,out_of_sample
2024-01-19,41607,41278.4609375,52.17,61.33,72.07,53.11,73.53,65.77,21.89435656792779,49.51,23.63,43.27,False,out_of_sample
2024-01-20,41669,41624.58984375,52.18,61.45,72.51,51.12,76.32,65.87,21.927825333727927,50.06,21.58,43.34,False,out_of_sample
2024-01-21,41538,41671.48828125,52.18,61.58,72.72,50.84,76.09,65.7,21.67532155583884,50.31,22.02,43.17,False,out_of_sample
2024-01-22,39578,41553.65234375,51.51,61.69,72.44,50.32,78.87,63.05,18.63595397616551,49.96,22.19,40.57,False,out_of_sample
2024-01-23,39738,39518.71484375,51.2,61.79,69.56,52.96,79.33,63.28,18.826068748199706,46.56,21.9,40.73,False,out_of_sample
2024-01-24,40102,39877.59375,50.71,61.9,68.9,50.72,79.93,63.79,19.329859773423248,45.79,19.18,41.06,False,out_of_sample
2024-01-25,39918,40075.55078125,51.29,61.99,69.49,53.4,82.5,63.55,18.987483173226387,46.53,18.58,40.75,False,out_of_sample
2024-01-26,41861,39936.81640625,51.89,62.1,69.57,49.53,83.19,66.17,21.861465974141435,46.65,19.21,43.22,False,out_of_sample
2024-01-27,42126,41815.625,53.22,62.22,72.62,50.09,86.74,66.53,22.192595347232967,50.28,19.32,43.54,False,out_of_sample
2024-01-28,41984,42126.125,53.44,62.34,72.96,50.38,85.17,66.35,21.925931428316282,50.71,22.21,43.36,False,out_of_sample
2024-01-29,43219,42030.9140625,54.02,62.47,72.48,50.52,86.25,67.96,23.657243770290577,50.12,22.55,44.86,False,out_of_sample
2024-01-30,42951,43300.2265625,54.01,62.62,74.41,50.75,83.08,67.62,23.21516089827108,52.51,22.08,44.47,False,out_of_sample
2024-01-31,42590,42946.25,53.91,62.78,74.53,52.69,79.24,67.16,22.63589666102582,52.72,23.99,43.98,False,out_of_sample
2024-02-01,44942,42569.76171875,55.36,58.26,77.11,49.35,84.69,69.71,25.89707224511846,54.88,23.72,48.2,False,out_of_sample
2024-02-02,43156,43077.640625,54.62,63.1,73.84,54.25,84.04,67.9,23.334871398595368,51.92,23.22,44.62,False,out_of_sample
2024-02-03,62050,43184.96484375,72.65,66.36,90.56,81.84,95.56,87.93,45.705722767726655,77.43,44.7,62.44,False,out_of_sample
2024-02-04,65534,42994.94140625,75.66,71.84,89.33,85.97,99.62,89.69,49.025174265335735,80.1,53.89,61.86,False,out_of_sample
2024-02-05,59171,42577.62109375,62.42,73.78,78.22,71.99,42.32,82.81,42.659980401722756,72.21,43.49,55.17,False,out_of_sample
2024-02-06,67806,42657.390625,67.93,75.5,84.34,79.88,51.96,88.67,51.021470765331465,74.98,48.16,60.07,False,out_of_sample
2024-02-07,62029,43090.01953125,61.07,72.19,78.87,72.13,43.87,81.35,45.463816010468776,63.97,41.72,53.84,False,out_of_sample
2024-02-08,61507,44332.125,61.58,65.43,79.92,81.5,44.57,78.74,44.886232589530984,70.19,42.04,51.99,False,out_of_sample
2024-02-09,59160,45297.3828125,56.12,59.62,71.54,69.96,46.56,74.68,42.4259967553307,62.88,34.55,49.02,False,out_of_sample
2024-02-10,60687,47153.52734375,56.34,52.65,74.57,70.76,48.96,74.3,43.94584029183521,62.21,37.45,49.79,False,out_of_sample
2024-02-11,69242,47768.96875,62.11,50.45,80.47,84.48,57.43,79.93,52.044456134202136,65.16,42.68,56.02,False,out_of_sample
2024-02-12,95727,48296.38671875,77.72,53.18,92.38,100.0,77.76,95.97,72.01894722809222,87.17,62.18,71.65,False,out_of_sample
2024-02-13,49629,49941.359375,61.05,64.43,82.14,57.68,88.53,75.76,31.3389897629542,62.99,30.42,51.72,False,out_of_sample
2024-02-14,51845,49733.4453125,62.03,64.54,81.58,56.75,90.18,78.18,33.98394089072427,62.27,32.76,53.96,False,out_of_sample
2024-02-15,51940,51836.78515625,63.07,64.66,83.71,63.07,88.18,78.28,34.04051762614277,65.42,32.2,54.01,False,out_of_sample
2024-02-16,52158,51937.7265625,63.57,64.76,83.5,63.87,88.94,78.52,34.24298815247041,65.17,34.92,54.19,False,out_of_sample
2024-02-17,51675,52161.67578125,63.61,64.85,83.7,64.0,90.31,77.99,33.61068436993791,65.5,34.76,53.68,False,out_of_sample
2024-02-18,52149,51661.96875,63.15,64.94,83.34,64.11,85.03,78.49,34.11904593696061,65.01,35.06,54.14,False,out_of_sample
2024-02-19,51805,52134.8125,63.18,65.03,83.79,64.78,85.11,78.11,33.65278146339118,65.66,34.66,53.67,False,out_of_sample
2024-02-20,52309,51777.7265625,63.13,65.11,83.4,64.14,84.01,78.64,34.19540170008445,65.22,35.2,54.16,False,out_of_sample
2024-02-21,51745,52273.53515625,63.11,65.19,83.67,63.0,86.43,78.02,33.467656312292796,65.62,34.91,53.54,False,out_of_sample
2024-02-22,51293,51854.64453125,62.43,65.25,82.8,60.47,85.98,77.52,32.8677269852856,64.43,35.25,53.02,False,out_of_sample
2024-02-23,50790,51283.90625,62.38,65.31,82.64,61.27,87.72,76.96,32.20069945236105,64.26,34.3,52.45,False,out_of_sample
2024-02-24,51579,50736.37109375,62.39,65.37,81.8,61.23,87.39,77.8,33.0985407928811,63.15,34.2,53.25,False,out_of_sample
2024-02-25,51747,51565.21484375,62.98,65.45,82.62,60.89,91.39,77.97,33.243226577353006,64.3,33.33,53.41,False,out_of_sample
2024-02-26,54552,51730.5390625,63.77,65.56,82.72,60.51,89.08,80.89,36.45662584154909,64.44,34.26,56.17,False,out_of_sample
2024-02-27,57050,54519.36328125,65.62,65.69,85.54,62.16,89.78,83.35,39.17432612396535,68.55,34.38,58.49,False,out_of_sample
2024-02-28,62461,57071.09765625,68.74,65.86,87.33,65.72,91.52,88.36,44.73318793279178,71.38,37.8,63.14,False,out_of_sample
2024-02-29,61395,62499.18359375,71.2,66.01,90.25,77.96,93.78,87.39,43.61117488594879,76.49,40.25,62.12,False,out_of_sample
2024-03-01,42774,61168.0625,55.09,58.42,78.97,48.39,85.08,67.03,21.156506885377357,57.3,25.44,45.58,False,out_of_sample
2024-03-02,42983,62431.65234375,54.95,63.25,74.1,53.8,86.98,67.68,21.400427286192595,52.26,23.63,44.4,False,out_of_sample
2024-03-03,62992,62031.578125,73.33,66.55,90.04,82.1,99.03,88.73,45.03705399761985,76.61,45.88,63.21,False,out_of_sample
2024-03-04,66131,63137.00390625,74.82,71.93,86.24,86.67,98.68,90.17,47.99709009742798,75.36,52.92,62.32,False,out_of_sample
2024-03-05,62984,68341.0546875,63.12,73.82,79.07,71.92,41.28,86.31,44.918827407636414,71.17,40.85,58.56,False,out_of_sample
2024-03-06,68834,63776.05078125,68.43,75.5,84.35,79.33,53.62,89.46,50.37199635700843,75.88,48.31,60.85,False,out_of_sample
2024-03-07,60217,66099.7421875,60.53,71.92,78.13,71.93,46.82,79.58,42.021845849208205,62.56,41.76,52.11,False,out_of_sample
2024-03-08,60689,66938.09375,60.61,65.22,76.19,80.66,42.31,77.91,42.450661594513775,70.28,42.66,51.21,False,out_of_sample
2024-03-09,57638,68299.2578125,55.18,59.39,73.52,70.97,46.36,73.1,39.19499831465559,58.22,32.72,47.53,False,out_of_sample
2024-03-10,60766,68500.2578125,56.38,52.45,74.35,69.18,51.16,74.31,42.41838319469001,64.73,34.91,49.85,False,out_of_sample
2024-03-11,68743,69020.546875,61.54,50.37,80.27,84.99,53.04,79.44,50.01748457755267,66.27,41.92,55.6,False,out_of_sample
2024-03-12,96011,72125.125,77.48,53.37,91.5,100.0,76.69,96.03,70.6986112084495,86.06,62.73,71.67,False,out_of_sample
2024-03-13,73082,71482.1171875,79.35,68.85,93.51,90.56,100.0,96.5,53.70787885177325,84.71,54.62,70.01,False,out_of_sample
2024-03-14,71506,73079.375,79.68,69.08,93.88,96.55,100.0,95.23,52.300423818483935,86.11,53.38,68.7,False,out_of_sample
2024-03-15,69425,71387.875,78.92,69.29,92.77,95.8,100.0,93.53,50.41244313517782,84.34,54.99,67.05,False,out_of_sample
2024-03-16,65434,69392.484375,76.93,69.47,90.99,94.74,98.81,90.18,46.68150260907544,81.42,53.66,63.83,False,out_of_sample
2024-03-17,68286,65316.34375,76.85,69.67,89.18,94.5,98.42,92.53,49.27621607870655,78.47,51.35,65.99,False,out_of_sample
2024-03-18,67771,68371.3046875,77.03,69.86,90.38,94.87,100.0,92.06,48.75142952221162,80.49,48.99,65.52,False,out_of_sample
2024-03-19,61970,67556.1328125,75.2,70.0,90.05,92.13,100.0,87.03,43.1379080120022,79.97,50.77,60.65,False,out_of_sample
2024-03-20,67849,61930.15625,75.4,70.19,85.95,89.87,100.0,92.06,48.71364972118024,73.49,50.45,65.48,False,out_of_sample
2024-03-21,65455,67911.5859375,73.65,70.34,89.79,78.98,96.39,90.01,46.42694271798205,79.54,45.24,63.46,False,out_of_sample
2024-03-22,63487,65489.9296875,72.65,70.46,88.14,77.05,93.68,88.28,44.47488049859466,76.95,50.24,61.68,False,out_of_sample
2024-03-23,64362,63802.72265625,71.93,70.58,86.16,75.96,93.43,89.02,45.270505013848386,73.96,48.23,61.91,False,out_of_sample
2024-03-24,67290,64070.75390625,73.96,70.7,87.0,80.12,100.0,91.47,47.98091334745269,75.66,45.95,64.28,False,out_of_sample
2024-03-25,70043,67234.09375,75.27,70.82,88.61,79.6,100.0,93.68,50.41906841889649,78.18,47.68,66.23,False,out_of_sample
2024-03-26,70072,69931.328125,76.65,70.95,90.47,84.62,100.0,93.67,50.3904339524448,81.62,49.82,66.16,False,out_of_sample
2024-03-27,69268,69991.8984375,77.25,71.07,90.33,92.36,96.69,92.99,49.61843197346925,81.4,52.99,65.48,False,out_of_sample
2024-03-28,70827,69452.7734375,77.68,71.2,89.68,91.43,99.65,94.21,50.94821327605344,80.36,52.97,66.55,False,out_of_sample
2024-03-29,69918,70744.796875,77.61,71.32,90.43,91.12,100.0,93.45,50.09046483516665,81.73,52.28,65.8,False,out_of_sample
2024-03-30,69664,69893.4453125,77.5,71.44,89.78,91.1,100.0,93.21,49.80966613320079,80.67,53.61,65.57,False,out_of_sample
2024-03-31,71228,69647.78125,77.46,71.6,89.62,88.2,100.0,94.42,51.136599713062814,80.39,52.9,66.75,False,out_of_sample
2024-04-01,44251,71333.484375,55.43,58.61,75.85,49.24,86.88,68.92,21.462871705028572,53.37,27.46,47.18,False,out_of_sample
2024-04-02,42577,69705.0234375,54.75,63.38,73.88,53.75,86.91,67.18,19.00491611401176,51.99,23.91,43.89,False,out_of_sample
2024-04-03,68092,65446.671875,74.69,66.81,90.65,82.72,97.01,93.01,48.171384646129034,77.6,45.2,67.26,False,out_of_sample
2024-04-04,68439,65975.6953125,75.01,72.05,86.51,87.9,96.42,92.06,48.43318916581937,75.79,49.31,64.16,False,out_of_sample
2024-04-05,63882,68515.7578125,64.35,73.89,82.48,73.53,44.59,87.07,44.08881901869121,70.76,41.7,59.32,False,out_of_sample
2024-04-06,70555,67840.5703125,69.14,75.49,85.09,83.11,53.4,90.8,50.21997620208985,74.03,48.27,62.18,False,out_of_sample
2024-04-07,57419,68897.109375,59.09,71.65,76.27,71.09,44.79,76.78,37.3364518857383,63.57,40.91,49.41,False,out_of_sample
2024-04-08,58307,69362.5546875,58.92,65.01,75.5,79.04,40.41,75.53,38.23628847659229,70.46,38.61,48.95,False,out_of_sample
2024-04-09,58034,71632.5,55.15,59.17,71.73,68.92,47.91,73.44,37.88810935121885,57.48,34.61,47.89,False,out_of_sample
2024-04-10,62053,69140.2421875,56.91,52.27,74.43,68.13,53.15,75.48,42.00356148875161,65.51,34.62,51.0,False,out_of_sample
2024-04-11,67780,70575.734375,61.35,50.29,79.83,85.17,52.24,78.53,47.44830838580705,68.52,41.68,54.76,False,out_of_sample
2024-04-12,98921,70061.3828125,78.14,53.59,91.43,99.67,75.43,97.69,70.95102894369334,89.43,61.76,73.32,False,out_of_sample
2024-04-13,64552,67188.375,72.78,72.97,86.67,73.82,95.73,88.39,44.298006827562176,76.0,53.47,60.65,False,out_of_sample
2024-04-14,65649,63836.23046875,72.39,73.05,84.75,73.3,97.82,89.3,45.293260086230156,73.04,50.52,61.54,False,out_of_sample
2024-04-15,63394,65739.6484375,71.66,73.11,85.36,73.96,97.25,87.3,43.059498231977834,73.94,48.17,59.6,False,out_of_sample
2024-04-16,63785,63419.296875,71.14,73.17,83.73,71.98,96.99,87.61,43.38763949726597,71.48,48.89,59.85,False,out_of_sample
2024-04-17,61325,63831.84765625,69.59,73.22,84.0,70.23,92.65,85.37,40.880153822593456,71.9,46.94,57.67,False,out_of_sample
2024-04-18,63511,61275.31640625,69.6,73.3,82.14,68.35,93.15,87.31,43.00887337523238,69.12,47.3,59.52,False,out_of_sample
2024-04-19,63763,63510.75,70.41,73.37,83.7,70.92,90.91,87.5,43.20065553287497,76.05,45.1,59.69,False,out_of_sample
2024-04-20,64908,63851.1015625,69.06,73.46,84.12,70.93,76.61,88.47,44.25564555647753,73.08,46.93,60.65,False,out_of_sample
2024-04-21,64969,64992.81640625,67.59,73.51,84.53,70.3,62.01,88.48,44.25922292870313,73.98,47.47,60.68,False,out_of_sample
2024-04-22,66945,64935.6328125,66.34,73.57,84.85,68.77,49.12,90.13,46.07353600081379,71.52,47.92,62.3,False,out_of_sample
2024-04-23,66386,66839.890625,66.9,73.64,86.39,67.15,54.86,89.62,45.49552143577438,71.94,48.27,61.8,False,out_of_sample
2024-04-24,64190,66408.71875,66.66,73.68,85.83,70.34,56.68,87.68,43.341353357681655,69.16,50.14,59.89,False,out_of_sample
2024-04-25,64516,64275.01953125,67.02,73.72,83.74,75.34,54.63,87.93,43.60242104493703,71.47,49.44,60.14,False,out_of_sample
2024-04-26,63778,64485.37109375,65.87,73.76,84.13,73.87,48.97,87.24,42.829158611817,72.12,47.18,59.48,False,out_of_sample
2024-04-27,63430,63750.98828125,65.59,73.8,83.44,74.31,46.61,86.9,42.432397484029075,72.7,47.61,59.15,False,out_of_sample
2024-04-28,62979,63423.515625,65.36,73.79,83.17,75.1,45.68,86.46,41.931633044360375,73.16,46.79,58.73,False,out_of_sample
2024-04-29,63909,63106.36328125,65.86,73.8,82.7,76.0,45.42,87.25,42.79176563247237,75.51,46.46,59.5,False,out_of_sample
2024-04-30,60637,63839.41796875,64.81,73.79,83.32,77.03,44.65,84.25,39.45424953611536,74.63,45.92,56.57,False,out_of_sample
2024-05-01,44147,60609.49609375,56.85,58.8,77.58,60.64,87.43,68.8,19.57393526476655,55.87,24.26,47.03,False,out_of_sample
2024-05-02,42620,58253.703125,54.19,63.5,73.14,54.46,82.79,67.25,17.31672569887467,51.09,23.69,43.91,False,out_of_sample
2024-05-03,63951,59122.30078125,75.28,66.99,93.91,85.53,100.0,89.48,42.612145998095805,83.27,46.04,63.75,False,out_of_sample
2024-05-04,67905,62891.03125,75.32,72.15,87.75,87.69,97.01,91.59,46.305768513814655,77.72,49.79,63.7,False,out_of_sample
2024-05-05,64068,63892.453125,64.93,73.94,83.3,73.64,45.37,87.19,42.61604429808773,70.07,45.48,59.47,False,out_of_sample
2024-05-06,71088,64038.3125,68.48,75.49,86.35,76.51,51.66,91.16,49.059610026162325,73.1,49.19,62.56,False,out_of_sample
2024-05-07,56721,63162.76171875,57.73,71.43,76.27,71.12,38.69,76.02,34.891784660796645,61.83,38.99,48.59,False,out_of_sample
2024-05-08,54344,62332.640625,57.17,64.78,72.54,79.05,42.49,71.41,32.15916682645165,68.6,37.86,44.9,False,out_of_sample
2024-05-09,56113,61191.19921875,53.87,58.92,72.28,67.17,45.18,71.41,34.10565403439424,57.88,32.78,45.98,False,out_of_sample
2024-05-10,62031,63055.19140625,56.86,52.08,75.82,66.6,53.05,75.4,40.319673035128325,65.64,34.65,50.97,False,out_of_sample
2024-05-11,69539,60793.35546875,62.3,50.22,78.89,87.88,52.05,79.98,47.4100772402254,71.81,41.16,56.17,False,out_of_sample
2024-05-12,96950,60793.50390625,78.39,53.79,92.62,100.0,80.06,96.37,68.1419553405717,89.0,61.98,71.94,False,out_of_sample
2024-05-13,62887,61451.21875,63.22,74.38,81.08,64.48,47.64,85.72,41.01078728966974,69.91,42.92,58.25,False,out_of_sample
2024-05-14,61556,62900.7734375,62.57,74.45,82.28,64.43,44.64,84.46,39.617010740141914,68.84,43.61,57.05,False,out_of_sample
2024-05-15,66282,61553.98828125,64.01,74.55,81.07,63.74,47.6,88.59,44.190305058274355,67.28,44.94,60.97,False,out_of_sample
2024-05-16,65270,66256.109375,64.47,74.62,84.88,65.57,47.65,87.66,43.172498303970535,69.73,43.55,60.1,False,out_of_sample
2024-05-17,66957,65231.296875,65.71,74.7,84.04,67.31,52.11,89.04,44.714692323063545,66.76,48.09,61.46,False,out_of_sample
2024-05-18,66978,67066.2109375,65.9,74.77,85.41,70.69,50.31,88.99,44.67949700281008,66.57,47.1,61.46,False,out_of_sample
2024-05-19,66260,66937.9296875,66.18,74.83,85.28,70.65,52.29,88.31,43.94989733681376,67.49,48.74,60.85,False,out_of_sample
2024-05-20,71203,66278.7421875,67.78,74.92,84.74,70.8,53.68,92.32,48.40009925306881,69.21,48.54,64.75,False,out_of_sample
2024-05-21,70218,71443.0625,68.23,75.0,88.48,73.38,56.2,91.46,47.47339502235558,67.46,47.84,63.94,False,out_of_sample
2024-05-22,69075,70135.3203125,69.47,75.08,87.5,77.34,56.91,90.46,46.391041027676636,73.15,52.52,62.98,False,out_of_sample
2024-05-23,67759,69121.3046875,68.65,75.14,86.7,75.86,57.52,89.3,45.13154159146481,71.91,51.34,61.88,False,out_of_sample
2024-05-24,68609,67928.1328125,69.24,75.21,85.68,76.49,60.09,89.94,45.857795542397255,73.99,50.36,62.53,False,out_of_sample
2024-05-25,69283,68526.921875,69.34,75.28,86.12,75.93,61.05,90.42,46.41566674566457,73.77,49.11,63.05,False,out_of_sample
2024-05-26,68446,69264.2890625,69.12,75.35,86.64,75.75,61.1,89.66,45.59945365435824,72.92,49.63,62.35,False,out_of_sample
2024-05-27,69348,68512.1796875,69.41,75.42,86.04,75.76,55.83,90.33,46.36530130307317,78.75,50.23,63.03,False,out_of_sample
2024-05-28,68343,69392.1953125,68.21,75.47,86.62,74.69,51.85,89.44,45.39572465423471,77.26,49.46,60.64,False,out_of_sample
2024-05-29,67585,68296.3515625,67.94,75.5,84.92,80.97,47.34,88.74,44.641877080347264,76.03,50.18,59.99,False,out_of_sample
2024-05-30,68376,67576.0859375,67.54,75.51,84.32,78.96,47.05,89.34,45.3166239786873,74.47,49.15,60.6,False,out_of_sample
2024-05-31,67378,68362.515625,67.67,75.52,84.91,80.49,48.82,88.44,44.33998137956482,75.14,48.4,59.76,False,out_of_sample
2024-06-01,43918,67489.609375,56.5,58.99,76.97,59.32,85.4,68.54,17.44470634155963,55.14,26.54,46.75,False,out_of_sample
2024-06-02,43103,67710.2734375,54.48,63.63,73.01,53.9,85.14,67.89,16.211602542548057,50.93,22.96,44.44,False,out_of_sample
2024-06-03,66104,67753.8984375,75.59,67.2,90.31,87.43,100.0,91.27,42.97812806977311,77.6,50.94,65.29,False,out_of_sample
2024-06-04,69137,68804.5703125,76.09,72.28,87.57,87.95,99.56,92.56,45.73756847992557,77.42,51.45,64.65,False,out_of_sample
2024-06-05,63229,70568.3515625,64.74,73.98,83.45,73.23,44.29,86.4,40.07819518730085,70.98,46.39,58.71,False,out_of_sample
2024-06-06,70789,71082.84375,68.59,75.48,86.7,78.47,48.77,90.85,47.11017099111226,73.98,50.75,62.26,False,out_of_sample
2024-06-07,58260,70759.1875,58.57,71.18,72.41,75.65,40.74,77.49,34.8307632107954,62.56,38.94,50.08,False,out_of_sample
2024-06-08,56048,69324.1796875,56.69,64.58,67.75,79.3,41.6,73.15,32.34517288385605,67.87,34.85,46.62,False,out_of_sample
2024-06-09,53839,69297.4921875,52.4,58.66,70.1,65.4,43.12,68.94,29.764598545350786,57.58,33.27,43.63,False,out_of_sample
2024-06-10,62790,69644.3125,56.89,51.91,75.8,64.25,52.92,76.05,39.36411545722739,65.26,36.06,51.65,False,out_of_sample
2024-06-11,75697,69508.078125,64.21,50.2,80.19,85.87,57.37,84.94,51.04737683744739,71.23,40.14,60.79,False,out_of_sample
2024-06-12,99954,67321.375,78.95,54.0,91.38,100.0,77.77,98.08,68.45034095291298,90.36,63.99,73.53,False,out_of_sample
2024-06-13,66784,68243.1015625,66.28,75.41,84.02,72.2,49.22,87.01,43.07121671674084,76.13,47.28,58.71,False,out_of_sample
2024-06-14,65983,66747.5703125,65.42,75.39,82.77,68.48,49.6,86.25,42.25834174710362,74.4,48.06,58.01,False,out_of_sample
2024-06-15,66205,66006.7421875,64.86,75.37,82.18,67.69,47.16,86.36,42.41436241215797,74.34,46.57,58.16,False,out_of_sample
2024-06-16,66623,66189.359375,65.27,75.32,82.3,68.35,49.55,86.63,42.7548516668339,74.67,45.85,58.5,False,out_of_sample
2024-06-17,66484,66636.515625,65.43,75.24,82.65,68.18,51.57,86.43,42.56867904473685,74.42,45.96,58.34,False,out_of_sample
2024-06-18,65113,66490.9765625,65.17,75.09,82.49,69.81,53.84,85.15,41.20413764366476,71.75,46.31,57.16,False,out_of_sample
2024-06-19,64879,65146.66015625,64.51,74.96,81.33,69.29,49.63,84.87,40.922721715837014,72.75,46.11,56.94,False,out_of_sample
2024-06-20,64898,64960.296875,63.79,74.81,81.13,68.07,48.04,84.81,40.88598289694861,70.87,44.75,56.93,False,out_of_sample
2024-06-21,64087,64837.98828125,63.2,74.66,81.07,68.49,45.98,84.01,40.040184949210264,69.98,44.5,56.2,False,out_of_sample
2024-06-22,64259,64113.86328125,63.49,74.51,80.34,69.77,47.95,84.09,40.15347379121402,70.15,44.38,56.17,False,out_of_sample
2024-06-23,63346,64248.96484375,62.94,74.29,80.32,72.04,43.84,83.19,39.19828982461096,70.63,43.56,55.36,False,out_of_sample
2024-06-24,60259,63173.3515625,61.93,74.1,79.39,72.31,44.29,80.26,36.00057866058465,70.38,43.67,52.51,False,out_of_sample
2024-06-25,61740,60266.28125,61.26,73.9,76.65,73.22,39.2,81.59,37.47218374230394,68.67,42.59,53.84,False,out_of_sample
2024-06-26,60795,61789.67578125,60.6,73.68,78.04,71.39,39.98,80.63,36.4462083360753,68.36,39.59,52.95,False,out_of_sample
2024-06-27,61570,60811.2265625,60.7,73.46,77.04,73.08,37.17,81.29,37.187566434459384,68.25,41.0,53.53,False,out_of_sample
2024-06-28,60304,61612.8046875,60.57,73.22,77.73,76.02,38.47,80.03,35.82452277485792,67.21,39.88,52.33,False,out_of_sample
2024-06-29,60890,60319.875,61.28,72.99,76.48,75.96,43.98,80.51,36.3774106140248,67.28,40.68,52.87,False,out_of_sample
2024-06-30,62764,60888.4453125,61.14,72.72,77.02,73.24,42.9,82.17,38.22980314189414,65.93,39.33,54.55,False,out_of_sample
2024-07-01,43845,62673.60546875,55.51,59.17,76.78,59.12,77.79,68.46,15.591276594838458,54.9,25.96,46.65,False,out_of_sample
2024-07-02,44254,62844.41015625,55.25,63.77,73.99,53.07,86.45,69.36,16.117540928836004,52.17,22.84,45.81,False,out_of_sample
2024-07-03,67071,62034.33203125,75.8,67.43,91.66,87.26,100.0,92.04,42.24285047156821,80.45,46.36,65.95,False,out_of_sample
2024-07-04,69393,60147.13671875,76.5,72.39,88.48,88.37,100.0,92.72,44.33137809984241,78.86,51.29,64.82,False,out_of_sample
2024-07-05,62397,57022.80859375,63.46,74.03,82.7,72.12,40.82,85.6,37.58320299184303,66.99,46.52,57.96,False,out_of_sample
2024-07-06,69339,56659.07421875,68.27,75.48,86.25,79.54,49.61,89.6,44.17306881121596,72.86,51.2,61.07,False,out_of_sample
2024-07-07,56113,58239.4296875,57.76,70.92,74.08,75.13,40.45,75.28,30.78444472974335,65.04,35.07,47.96,False,out_of_sample
2024-07-08,55130,55849.57421875,55.1,64.36,70.33,76.75,37.06,72.14,29.61445336979554,65.89,30.16,45.65,False,out_of_sample
2024-07-09,54067,56704.59765625,51.9,58.4,67.33,66.35,42.57,69.14,28.33095632526988,57.26,31.11,43.86,False,out_of_sample
2024-07-10,62417,58033.8828125,56.35,51.76,76.5,64.93,51.18,75.64,37.32589155351381,62.07,35.99,51.29,False,out_of_sample
2024-07-11,75973,57729.890625,66.32,50.16,84.81,97.68,60.56,85.07,49.659421394958656,68.73,41.58,60.95,False,out_of_sample
2024-07-12,99978,57341.1953125,78.78,54.21,92.33,100.0,77.22,97.97,66.91555655005824,89.46,62.93,73.5,False,out_of_sample
2024-07-13,59330,57908.73828125,57.14,69.62,73.67,64.44,44.75,78.12,33.961213017785624,58.55,35.51,50.92,False,out_of_sample
2024-07-14,61016,59225.25,57.68,69.37,75.02,61.58,49.78,79.66,35.672293630249904,55.01,36.03,52.47,False,out_of_sample
2024-07-15,64735,60815.45703125,59.74,69.14,76.85,63.36,52.57,83.0,39.34807320089554,56.23,37.35,55.75,False,out_of_sample
2024-07-16,65119,64784.41796875,61.03,68.92,80.43,65.96,53.54,83.27,39.66590676485872,58.14,39.2,56.05,False,out_of_sample
2024-07-17,64202,65091.83203125,62.17,68.68,80.62,75.37,53.58,82.38,38.71606877155725,57.69,43.1,55.23,False,out_of_sample
2024-07-18,63985,64104.73828125,61.57,68.45,79.66,75.99,49.74,82.12,38.44716452952053,57.2,43.36,54.99,False,out_of_sample
2024-07-19,66756,63972.32421875,62.4,68.24,79.45,76.69,50.27,84.49,41.06702397651997,57.92,42.29,57.27,False,out_of_sample
2024-07-20,67186,66709.921875,63.23,68.01,81.71,77.96,52.0,84.79,41.417246860337016,59.7,42.06,57.62,False,out_of_sample
2024-07-21,68057,67164.9140625,64.86,67.81,82.12,78.27,58.97,85.45,42.17530629040396,62.17,44.69,58.33,False,out_of_sample
2024-07-22,67536,68152.9765625,65.7,67.65,82.82,76.9,63.34,84.93,41.63537541412515,67.21,45.13,57.87,False,out_of_sample
2024-07-23,65917,67584.8046875,64.99,67.48,82.37,74.36,63.41,83.46,40.04859339443053,67.53,45.9,56.33,False,out_of_sample
2024-07-24,65354,65927.859375,63.73,67.28,80.79,73.17,58.56,82.89,39.451892119677375,66.16,45.39,55.82,False,out_of_sample
2024-07-25,65723,65375.875,63.53,67.08,80.3,75.76,55.99,83.14,39.75227790301875,65.87,43.73,56.08,False,out_of_sample
2024-07-26,67913,65771.8125,64.89,66.89,80.56,80.33,55.45,84.96,41.76737155712337,69.19,43.15,57.9,False,out_of_sample
2024-07-27,68078,67911.8125,65.6,66.69,82.33,81.17,58.31,85.03,41.86579589888329,69.77,43.44,58.0,False,out_of_sample
2024-07-28,68171,67808.65625,65.87,66.47,82.4,81.9,57.01,85.04,41.89719945233749,70.78,45.46,58.06,False,out_of_sample
2024-07-29,66868,68259.0546875,65.63,66.27,82.53,81.93,58.93,83.85,40.623036384211574,70.13,45.53,56.92,False,out_of_sample
2024-07-30,66187,66819.0546875,65.24,66.05,81.25,85.1,57.76,83.19,39.92120328107271,67.94,45.65,56.2,False,out_of_sample
2024-07-31,64691,66201.2734375,64.56,65.83,80.74,88.08,55.61,81.8,38.42128809292758,67.22,44.19,54.89,False,out_of_sample
2024-08-01,46982,64625.83984375,56.5,59.38,76.77,58.13,76.63,72.26,18.14893086277683,54.89,25.76,50.25,False,out_of_sample
2024-08-02,45333,65353.5,55.71,63.89,75.34,50.51,85.11,70.72,15.832436335676164,53.86,23.87,47.06,False,out_of_sample
2024-08-03,68344,61414.80859375,76.71,67.66,92.08,88.29,100.0,93.04,41.72843030805125,81.43,49.08,66.85,False,out_of_sample
2024-08-04,71713,60676.09375,77.18,72.52,88.55,87.72,100.0,94.53,44.71617685307226,78.95,52.53,66.58,False,out_of_sample
2024-08-05,61080,58110.296875,62.02,74.07,81.97,70.54,37.97,84.34,34.512638037793764,63.64,45.64,56.77,False,out_of_sample
2024-08-06,69311,53991.34765625,68.7,75.47,85.12,78.5,56.07,89.51,42.45257404566682,73.08,50.76,61.03,False,out_of_sample
2024-08-07,56692,56040.6328125,58.41,70.73,71.38,74.76,46.23,75.81,29.68535810202401,65.1,36.68,48.52,False,out_of_sample
2024-08-08,61909,55030.02734375,57.23,64.17,69.27,75.81,35.82,78.81,35.198261201051494,66.68,32.46,52.15,False,out_of_sample
2024-08-09,54860,61728.20703125,51.67,58.09,67.63,65.76,43.68,69.94,27.494243265981584,54.88,28.46,44.68,False,out_of_sample
2024-08-10,62127,60881.23046875,56.19,51.61,75.96,65.71,53.39,75.3,35.30941223682251,58.81,36.69,50.8,False,out_of_sample
2024-08-11,76508,60944.890625,67.5,50.11,84.94,100.0,63.1,85.4,48.43133704963718,67.75,47.23,61.28,False,out_of_sample
2024-08-12,100799,58719.39453125,79.15,54.42,92.18,100.0,76.75,98.33,65.83034664358534,90.03,64.87,73.93,False,out_of_sample
2024-08-13,60537,59356.20703125,56.64,63.11,73.99,70.61,46.55,77.23,33.50132056894259,53.58,35.44,50.77,False,out_of_sample
2024-08-14,58841,60611.05078125,55.79,62.9,75.33,71.76,42.35,75.53,31.646395484799424,52.22,35.99,49.16,False,out_of_sample
2024-08-15,57645,58733.26171875,56.64,62.69,73.35,71.37,45.05,74.28,30.290002450856157,62.04,37.29,47.98,False,out_of_sample
2024-08-16,58928,57560.2734375,56.22,62.49,72.1,70.46,43.47,75.51,31.62781506298697,60.68,35.24,49.2,False,out_of_sample
2024-08-17,59415,58893.53125,56.3,62.3,73.52,67.22,46.26,75.93,32.093039074462176,60.57,33.96,49.66,False,out_of_sample
2024-08-18,58794,59468.1328125,55.69,62.1,74.12,65.04,46.14,75.26,31.371472254131593,57.59,35.3,49.06,False,out_of_sample
2024-08-19,59412,58480.7109375,55.65,61.93,73.01,64.64,44.43,75.81,31.977836440647106,58.35,35.85,49.63,False,out_of_sample
2024-08-20,59124,59493.453125,55.85,61.79,74.25,65.63,44.47,75.47,31.61393602126531,60.11,34.71,49.33,False,out_of_sample
2024-08-21,61134,59014.98828125,56.02,61.66,73.7,64.25,44.04,77.35,33.67643070720661,57.45,35.9,51.19,False,out_of_sample
2024-08-22,60395,61168.31640625,56.37,61.48,75.88,65.06,48.81,76.58,32.849855268842454,55.8,35.29,50.49,False,out_of_sample
2024-08-23,64107,60380.953125,58.09,61.31,75.08,63.88,52.42,79.99,36.57480963969385,57.63,37.47,53.81,False,out_of_sample
2024-08-24,64024,64103.87109375,58.63,61.14,78.63,64.04,54.23,79.84,36.43728616683185,58.4,36.61,53.73,False,out_of_sample
2024-08-25,64499,64176.3671875,59.21,60.99,78.69,68.45,51.67,80.2,36.850536833527315,56.94,40.35,54.13,False,out_of_sample
2024-08-26,62984,64342.2265625,58.38,60.83,78.78,68.28,46.96,78.75,35.28796962010081,58.55,40.4,52.78,False,out_of_sample
2024-08-27,59549,62879.70703125,56.49,60.66,77.48,66.32,43.8,75.42,31.67578788927076,57.8,40.45,49.57,False,out_of_sample
2024-08-28,59101,59507.92578125,56.8,60.47,74.07,70.4,46.0,74.92,31.14079646128794,60.71,39.02,49.12,False,out_of_sample
2024-08-29,59340,59027.46875,56.12,60.31,73.54,70.82,44.4,75.09,31.34073633402039,59.62,35.38,49.24,False,out_of_sample
2024-08-30,59143,59388.6015625,56.61,60.15,73.81,71.68,44.25,74.84,31.073719214617256,64.5,34.77,49.04,False,out_of_sample
2024-08-31,58960,59117.48046875,56.25,59.98,73.59,71.1,42.25,74.6,30.821009292201328,64.58,35.09,48.85,False,out_of_sample
2024-09-01,46085,58969.80078125,57.61,59.58,80.65,59.7,79.14,71.21,15.130044505902204,59.97,25.73,49.21,False,out_of_sample
2024-09-02,47177,57326.96875,57.12,64.03,76.84,50.54,86.34,72.94,16.5582875747544,55.81,25.24,49.14,False,out_of_sample
2024-09-03,68503,59106.19140625,77.14,67.87,92.68,88.79,100.0,93.12,40.175399034174795,82.67,50.07,66.93,False,out_of_sample
2024-09-04,69075,57430.34765625,76.07,72.61,90.3,79.22,100.0,92.38,40.64842491976462,81.81,52.66,64.48,False,out_of_sample
2024-09-05,62999,57971.703125,62.61,74.13,80.89,68.05,41.49,86.04,34.747528010573056,64.78,44.77,58.44,False,out_of_sample
2024-09-06,69645,56160.19140625,68.9,75.46,85.09,78.45,58.63,89.71,41.06066519465295,73.07,49.39,61.27,False,out_of_sample
2024-09-07,57982,53949.0859375,58.25,70.49,72.36,74.3,44.71,77.05,29.365948465347536,64.04,33.99,49.72,False,out_of_sample
2024-09-08,60721,54147.93359375,56.74,63.97,76.75,73.61,35.97,77.63,32.24149405552617,61.46,31.43,51.03,False,out_of_sample
2024-09-09,57136,54851.88671875,52.82,57.81,68.47,64.7,44.95,72.27,28.319709445629233,57.45,28.69,46.94,False,out_of_sample
2024-09-10,60616,57020.09765625,56.6,51.45,75.32,80.1,48.75,73.78,32.01977337963217,58.49,36.09,49.38,False,out_of_sample
2024-09-11,76800,57650.2890625,67.38,50.06,85.21,100.0,61.34,85.53,47.00100042396917,67.45,47.5,61.48,False,out_of_sample
2024-09-12,97391,57343.171875,78.81,54.61,92.81,100.0,80.67,96.15,62.042266433702984,88.59,64.82,71.78,False,out_of_sample
2024-09-13,60537,58130.32421875,52.44,56.79,72.41,63.34,35.06,75.43,31.76918044580792,49.47,32.24,50.09,False,out_of_sample
2024-09-14,60008,60569.1171875,53.6,56.55,75.06,65.53,41.44,74.85,31.15534034116503,49.84,33.0,49.59,False,out_of_sample
2024-09-15,59130,60000.7265625,53.7,56.3,74.39,65.99,41.68,73.93,30.162275185195814,50.86,35.7,48.75,False,out_of_sample
2024-09-16,58228,59185.2265625,53.51,56.05,73.53,65.86,41.21,72.97,29.128741349711408,54.32,34.97,47.85,False,out_of_sample
2024-09-17,60239,58192.5078125,54.33,55.83,72.38,67.27,42.94,74.9,31.23168368892984,55.17,34.06,49.74,False,out_of_sample
2024-09-18,61307,60309.0,54.38,55.61,74.66,65.51,41.79,75.86,32.293433211441645,54.79,32.89,50.7,False,out_of_sample
2024-09-19,62995,61651.15625,55.74,55.41,75.78,67.9,42.96,77.39,33.965305201243886,55.84,35.15,52.2,False,out_of_sample
2024-09-20,63154,62941.42578125,56.65,55.2,77.24,69.56,43.25,77.47,34.07006844763192,59.37,36.29,52.31,False,out_of_sample
2024-09-21,63368,63184.33984375,56.84,55.0,77.31,70.15,43.48,77.6,34.22971469849554,58.47,37.82,52.48,False,out_of_sample
2024-09-22,63572,63396.8046875,57.05,54.79,77.54,70.03,46.0,77.72,34.37867961569088,57.32,37.93,52.65,False,out_of_sample
2024-09-23,63337,63643.1015625,56.84,54.56,77.7,70.15,46.21,77.43,34.08744892582033,55.82,38.15,52.41,False,out_of_sample
2024-09-24,64343,63326.83984375,57.67,54.33,77.38,70.57,48.07,78.28,35.034906215556475,58.82,38.27,53.28,False,out_of_sample
2024-09-25,63060,64302.58984375,57.58,54.09,78.29,70.5,49.11,77.03,33.697290444314774,60.32,37.95,52.11,False,out_of_sample
2024-09-26,65058,63138.546875,58.31,53.88,77.09,72.21,47.18,78.8,35.62760015562719,62.33,38.92,53.82,False,out_of_sample
2024-09-27,65768,65180.6640625,58.38,53.67,78.89,71.42,46.43,79.36,36.26338461174428,62.46,37.65,54.4,False,out_of_sample
2024-09-28,65771,65792.1796875,58.53,53.47,79.44,71.75,44.97,79.29,36.21102048580826,62.78,39.6,54.39,False,out_of_sample
2024-09-29,65618,65888.8984375,59.27,53.26,79.52,74.28,48.93,79.09,36.007414464756934,62.99,40.2,54.25,False,out_of_sample
2024-09-30,63261,65634.65625,58.35,53.07,79.26,74.09,48.09,76.87,33.62192270100166,62.57,40.28,52.16,False,out_of_sample
2024-10-01,46819,63335.60546875,58.65,59.81,79.66,60.83,82.75,72.09,14.391513762876308,58.73,29.9,50.0,False,out_of_sample
2024-10-02,47793,60836.32421875,58.37,64.17,79.24,52.04,86.75,73.66,15.645343129698183,58.97,26.83,49.81,False,out_of_sample
2024-10-03,68883,60632.484375,77.41,68.09,92.57,89.42,100.0,93.38,38.88064847801976,82.53,51.25,67.15,False,out_of_sample
2024-10-04,70580,60754.625,76.01,72.71,88.46,77.56,100.0,93.54,40.3768380169461,78.84,55.06,65.63,False,out_of_sample
2024-10-05,60897,62067.609375,62.87,74.17,82.6,67.66,44.58,84.06,30.916319015400163,69.64,43.55,56.57,False,out_of_sample
2024-10-06,69466,62084.98828125,68.9,75.45,85.33,78.19,58.21,89.5,39.253218264070576,74.22,49.31,61.1,False,out_of_sample
2024-10-07,57723,62819.109375,57.97,70.26,73.82,73.26,44.56,76.72,27.39162982144809,61.52,34.84,49.43,False,out_of_sample
2024-10-08,60872,62221.64453125,57.81,63.77,75.74,74.41,39.28,77.71,30.722346244433734,60.51,38.83,51.13,False,out_of_sample
2024-10-09,57665,62131.7265625,52.97,57.54,71.2,65.48,43.27,72.75,27.214761696180357,55.09,29.41,47.43,False,out_of_sample
2024-10-10,60222,60581.9296875,56.13,51.3,73.64,79.77,47.99,73.34,29.925724593275955,58.58,35.93,48.99,False,out_of_sample
2024-10-11,80410,60275.4609375,68.22,50.04,85.22,100.0,61.45,88.17,48.3116686208816,66.8,47.93,64.03,False,out_of_sample
2024-10-12,96836,62444.6171875,78.68,54.77,90.59,100.0,81.74,95.7,60.117029292369914,88.58,65.85,71.38,False,out_of_sample
2024-10-13,62760,63192.9453125,58.09,50.96,76.15,87.65,46.16,75.58,32.39159883606974,61.34,35.99,51.2,False,out_of_sample
2024-10-14,66090,62848.3984375,59.22,50.88,75.74,88.44,47.22,78.56,35.635142078731114,60.59,36.79,54.08,False,out_of_sample
2024-10-15,66934,66050.3671875,59.91,50.82,78.76,87.64,50.34,79.24,36.38977172533377,60.06,36.35,54.72,False,out_of_sample
2024-10-16,67663,67042.4609375,60.34,50.76,79.43,86.14,52.43,79.81,37.026062249705724,57.82,39.56,55.31,False,out_of_sample
2024-10-17,67338,67617.078125,60.53,50.72,79.95,85.03,55.46,79.45,36.6636009609106,57.25,40.4,55.0,False,out_of_sample
2024-10-18,68391,67419.109375,60.77,50.67,79.61,84.0,52.95,80.29,37.59918999353184,60.18,41.01,55.84,False,out_of_sample
2024-10-19,68358,68418.9765625,61.15,50.6,80.54,81.52,57.58,80.19,37.51337185567968,61.24,40.65,55.78,False,out_of_sample
2024-10-20,69013,68364.1796875,61.66,50.54,80.43,81.75,60.19,80.68,38.06740771985269,60.69,41.69,56.26,False,out_of_sample
2024-10-21,67441,69002.0,62.44,50.47,80.78,83.89,64.82,79.24,36.54071323892954,64.86,41.56,54.88,False,out_of_sample
2024-10-22,67426,67360.703125,62.09,50.43,79.27,86.19,59.62,79.16,36.47138081100695,65.88,42.05,54.85,False,out_of_sample
2024-10-23,66648,67362.375,60.76,50.41,79.18,80.9,55.92,78.4,35.67476210330114,66.66,40.49,54.16,False,out_of_sample
2024-10-24,68131,66653.703125,60.61,50.42,78.55,80.12,52.87,79.63,37.025776252693966,66.19,40.4,55.39,False,out_of_sample
2024-10-25,66262,68165.296875,60.47,50.4,79.86,80.0,54.74,77.92,35.19310524524568,67.53,39.69,53.79,False,out_of_sample
2024-10-26,67024,66628.734375,60.51,50.41,78.38,79.33,54.15,78.52,35.86864716749452,67.38,41.13,54.42,False,out_of_sample
2024-10-27,68001,67023.4765625,60.69,50.42,78.75,77.36,56.1,79.31,36.73854315385363,67.95,39.49,55.22,False,out_of_sample
2024-10-28,69863,67922.671875,61.16,50.42,79.55,74.76,59.28,80.84,38.41052266511793,65.88,39.86,56.72,False,out_of_sample
2024-10-29,72679,69910.046875,62.26,50.45,81.1,72.44,62.62,83.11,40.88236779280028,65.77,40.7,58.9,False,out_of_sample
2024-10-30,72451,72715.3671875,63.48,50.49,83.28,78.62,65.05,82.84,40.62691975686897,64.88,42.46,58.68,False,out_of_sample
2024-10-31,70368,72335.046875,63.46,50.5,82.87,80.62,63.87,81.04,38.706621914862296,66.74,45.1,57.0,False,out_of_sample
2024-11-01,46381,70216.8984375,59.28,60.02,80.33,60.8,89.21,71.58,11.98789072128342,59.66,28.9,49.48,False,out_of_sample
2024-11-02,48201,69486.0234375,59.2,64.26,79.85,53.11,87.72,74.14,14.391962426388153,59.8,29.42,50.25,False,out_of_sample
2024-11-03,72199,69296.3828125,78.26,68.36,92.46,89.6,100.0,95.94,40.18577847994969,82.39,51.18,69.56,False,out_of_sample
2024-11-04,70047,68742.1328125,75.5,72.82,89.3,76.23,98.19,93.06,38.194853407776016,80.18,52.72,65.18,False,out_of_sample
2024-11-05,60844,67811.171875,63.15,74.22,80.55,64.79,49.16,83.96,29.125562669168637,70.83,45.45,56.5,False,out_of_sample
2024-11-06,67369,69358.5,67.47,75.43,85.17,76.27,50.59,87.67,35.59006941478605,76.18,49.56,59.25,False,out_of_sample
2024-11-07,57308,75637.0859375,57.62,70.06,73.47,72.99,42.13,76.25,25.180714417497978,61.49,36.26,49.01,False,out_of_sample
2024-11-08,58837,75902.8359375,57.05,63.53,75.63,75.18,42.92,75.69,26.809980645670688,56.57,37.79,49.21,False,out_of_sample
2024-11-09,57410,76556.1875,52.16,57.29,71.87,63.71,34.92,72.44,25.181524302341646,55.78,31.97,47.16,False,out_of_sample
2024-11-10,62463,76775.546875,56.65,51.16,73.23,82.52,44.31,75.43,30.52720953728632,60.44,34.19,50.97,False,out_of_sample
2024-11-11,88860,80471.4140625,70.5,50.1,87.67,100.0,63.79,94.0,53.047874216654925,65.49,47.95,69.6,False,out_of_sample
2024-11-12,101311,88705.5625,79.39,54.97,90.04,100.0,81.22,98.28,61.395027082502295,90.77,63.36,73.87,False,out_of_sample
2024-11-13,90370,87929.96875,73.8,50.24,91.56,100.0,68.84,94.78,54.021650860985396,74.35,57.41,70.3,False,out_of_sample
2024-11-14,87205,90574.8828125,72.96,50.27,92.4,100.0,66.92,92.55,51.68463055801045,74.62,57.07,68.09,False,out_of_sample
2024-11-15,91140,87284.1796875,73.93,50.33,90.46,100.0,68.25,95.06,54.45988023683118,75.11,58.64,70.43,False,out_of_sample
2024-11-16,90568,91064.3671875,74.04,50.38,92.12,100.0,71.1,94.57,54.003705996270966,75.13,56.3,70.03,False,out_of_sample
2024-11-17,89733,90558.4609375,75.01,50.45,91.87,100.0,75.33,93.91,53.35727281565074,79.02,58.85,69.46,False,out_of_sample
2024-11-18,90588,89843.71875,76.01,50.54,91.42,100.0,76.04,94.36,53.91241135173224,86.58,58.54,69.93,False,out_of_sample
2024-11-19,92255,90536.8125,76.53,50.66,91.65,100.0,78.8,95.33,55.028821386046,85.96,57.92,70.84,False,out_of_sample
2024-11-20,94161,92341.890625,77.28,50.79,92.22,100.0,79.39,96.43,56.28756189108167,87.69,58.37,71.89,False,out_of_sample
2024-11-21,98546,94334.640625,78.01,50.99,92.93,100.0,79.45,99.02,59.154305300798136,84.63,59.55,74.3,False,out_of_sample
2024-11-22,98939,98496.4296875,78.38,51.2,94.28,100.0,76.54,99.13,59.357562986191205,87.63,60.88,74.39,False,out_of_sample
2024-11-23,97708,99006.7421875,78.33,51.42,94.15,100.0,75.95,98.26,58.50241247443899,87.21,63.76,73.59,False,out_of_sample
2024-11-24,97981,97778.09375,78.06,51.69,93.39,100.0,74.24,98.3,58.62931921415061,86.42,63.97,73.7,False,out_of_sample
2024-11-25,93344,98033.4453125,77.34,51.9,93.45,100.0,76.61,95.29,55.46633287542948,86.89,63.08,70.81,False,out_of_sample
2024-11-26,91876,93087.28125,76.76,52.1,90.84,100.0,75.4,94.23,54.396563226204805,88.14,63.25,69.76,False,out_of_sample
2024-11-27,95990,91978.140625,77.22,52.27,90.15,100.0,74.76,96.73,57.155420592432094,89.6,59.75,72.16,False,out_of_sample
2024-11-28,95738,95954.9453125,77.26,52.44,92.07,100.0,71.48,96.45,56.93441940791754,92.67,58.97,71.91,False,out_of_sample
2024-11-29,97399,95653.953125,77.68,52.62,91.79,100.0,69.71,97.36,57.98641318344377,92.71,61.81,72.84,False,out_of_sample
2024-11-30,96464,97468.8125,77.93,52.82,92.54,100.0,74.39,96.66,57.314915835443514,91.49,61.59,72.25,False,out_of_sample
2024-12-01,42818,96461.3359375,56.87,60.19,79.62,52.28,89.6,67.21,5.105280650148981,58.78,29.68,45.26,False,out_of_sample
2024-12-02,49990,97276.0078125,60.4,64.36,80.14,54.07,90.3,76.16,14.992391483454576,60.19,30.1,52.13,False,out_of_sample
2024-12-03,71433,95854.59375,79.0,68.59,94.56,91.95,100.0,95.29,37.86189840860944,86.34,51.11,68.91,False,out_of_sample
2024-12-04,67099,95988.53125,74.14,72.9,89.0,72.92,96.0,90.6,33.78619983383586,79.7,53.84,62.79,False,out_of_sample
2024-12-05,61432,98741.5390625,62.79,74.3,80.43,64.73,46.68,84.45,28.061592803462066,71.03,43.09,57.0,False,out_of_sample
2024-12-06,68214,97074.2265625,67.13,75.42,83.35,74.23,49.18,88.3,34.73465413944535,76.74,49.34,59.91,False,out_of_sample
2024-12-07,57860,99916.7109375,56.91,69.85,73.12,71.73,41.54,76.74,24.099646721126085,56.37,35.91,49.53,False,out_of_sample
2024-12-08,59395,99921.9140625,56.29,63.3,73.41,74.86,43.58,76.18,25.726078879899728,50.38,37.72,49.72,False,out_of_sample
2024-12-09,58125,101237.0625,52.24,57.03,71.59,63.79,36.31,73.11,24.280315645885416,52.97,32.57,47.84,False,out_of_sample
2024-12-10,63203,97441.234375,57.89,51.04,75.37,86.81,47.78,76.06,29.608662284947858,60.39,33.7,51.61,False,out_of_sample
2024-12-11,88049,96656.0625,71.8,50.17,92.09,100.0,67.83,93.35,50.87120052310256,67.33,51.11,68.95,False,out_of_sample
2024-12-12,100091,101167.8046875,78.9,55.12,92.03,100.0,79.16,97.44,59.061723942837766,89.0,62.97,73.12,False,out_of_sample
2024-12-13,101290,100046.6484375,79.97,55.28,91.42,100.0,82.3,98.03,59.77567231378704,90.98,66.08,73.73,False,out_of_sample
2024-12-14,101367,101451.4375,80.2,55.43,91.94,100.0,84.77,97.95,59.77271329687542,90.71,65.43,73.72,False,out_of_sample
2024-12-15,104552,101373.53125,80.93,55.61,91.89,100.0,84.01,99.68,61.71118558522362,91.79,66.4,75.46,False,out_of_sample
2024-12-16,105856,104293.578125,80.67,55.84,93.34,100.0,81.92,100.0,62.45714450664862,88.24,66.45,76.06,False,out_of_sample
2024-12-17,106116,106030.6875,80.64,56.08,93.7,100.0,79.49,100.0,62.56353295832763,87.43,68.62,76.09,False,out_of_sample
2024-12-18,100470,106147.296875,80.09,56.27,93.42,100.0,79.71,96.91,58.993301139389196,90.98,69.51,72.79,False,out_of_sample
2024-12-19,97698,100070.6875,78.87,56.45,90.68,100.0,77.51,95.11,57.140487039386066,89.92,69.55,70.99,False,out_of_sample
2024-12-20,97618,97484.6953125,78.43,56.63,89.11,100.0,77.97,94.94,57.03559341194164,90.87,65.99,70.82,False,out_of_sample
2024-12-21,97094,97756.1953125,78.04,56.82,88.86,100.0,77.38,94.51,56.6368867090736,90.77,64.41,70.47,False,out_of_sample
2024-12-22,95150,97218.3203125,78.0,56.98,88.58,100.0,78.28,93.18,55.28231790364552,93.32,64.4,69.24,False,out_of_sample
2024-12-23,94801,95099.390625,77.58,57.16,87.42,100.0,75.84,92.85,54.99327792135325,94.13,64.15,68.88,False,out_of_sample
2024-12-24,98638,94684.34375,77.88,57.36,86.74,100.0,74.13,95.12,57.49643892914854,93.84,62.74,71.05,False,out_of_sample
2024-12-25,99236,98675.9140625,77.71,57.58,88.73,100.0,74.49,95.37,57.833715645854724,89.1,62.51,71.37,False,out_of_sample
2024-12-26,95629,99297.6953125,76.95,57.8,89.03,100.0,73.37,93.03,55.396280137614504,86.69,65.4,69.15,False,out_of_sample
2024-12-27,94220,95704.9765625,76.79,57.99,87.04,100.0,76.3,92.03,54.387467836978544,86.37,65.93,68.19,False,out_of_sample
2024-12-28,95124,94160.1875,76.31,58.18,86.19,100.0,74.15,92.49,54.950352192265974,85.86,63.48,68.7,False,out_of_sample
2024-12-29,93458,95174.0546875,76.1,58.33,86.65,100.0,77.76,91.32,53.75912813569451,83.91,62.6,67.58,False,out_of_sample
2024-12-30,92524,93527.1953125,75.74,58.48,85.72,100.0,77.5,90.61,53.059124143259716,83.14,63.22,66.86,False,out_of_sample
2024-12-31,93390,92643.25,75.1,58.63,84.95,93.8,74.83,91.07,53.60709303043472,86.52,62.2,67.28,False,out_of_sample
2025-01-01,94456,93425.1015625,75.74,58.78,85.35,99.93,72.4,91.64,54.2863421259884,86.99,61.55,67.86,False,out_of_sample
2025-01-02,100611,94416.2890625,77.72,63.02,88.01,88.41,81.77,92.19,58.30473022978116,87.92,68.94,69.77,False,out_of_sample
2025-01-03,85845,96881.7265625,68.39,65.46,75.89,84.14,70.27,80.04,48.016291714772244,78.47,52.8,59.05,False,out_of_sample
2025-01-04,85227,98106.9921875,63.48,61.48,73.84,67.14,68.5,77.53,47.496967325718494,68.41,49.12,57.64,False,out_of_sample
2025-01-05,96412,98233.90625,68.9,56.83,81.11,73.22,78.6,83.39,55.398713482113926,73.4,56.56,63.58,False,out_of_sample
2025-01-06,105751,98314.953125,73.73,54.56,84.55,78.76,88.66,86.64,61.311724497014794,83.27,62.51,67.16,False,out_of_sample
2025-01-07,105567,102248.8515625,72.39,54.33,84.05,77.09,88.03,84.17,61.1478257436726,78.17,63.93,65.64,False,out_of_sample
2025-01-08,113283,96924.1640625,74.66,57.19,84.86,76.36,90.01,86.06,65.64894554941894,83.26,68.76,66.52,False,out_of_sample
2025-01-09,108993,95043.484375,70.66,57.25,79.26,79.55,83.83,81.05,63.10618690831077,74.62,62.4,62.49,False,out_of_sample
2025-01-10,118394,92494.4921875,72.09,55.06,81.07,78.45,85.72,84.12,68.39575436198362,74.87,64.42,66.09,False,out_of_sample
2025-01-11,110006,94700.8359375,66.59,53.41,76.23,71.49,77.32,77.14,63.60091868612161,70.71,59.95,59.49,False,out_of_sample
2025-01-12,86505,94565.7265625,51.54,49.31,61.25,57.73,62.54,59.97,48.03118359257998,45.5,47.63,41.51,False,out_of_sample
2025-01-13,94376,94488.890625,75.64,60.21,85.31,95.16,74.45,90.31,53.60182385395061,88.09,63.25,67.29,False,out_of_sample
2025-01-14,96570,94519.0078125,75.72,60.32,85.28,93.88,77.31,91.6,55.03363721215302,83.43,63.13,68.61,False,out_of_sample
2025-01-15,100173,96534.046875,75.6,60.43,86.42,90.71,73.89,93.71,57.34753077158238,81.61,63.08,70.67,False,out_of_sample
2025-01-16,99978,100505.296875,75.78,60.54,88.31,90.62,75.13,93.49,57.16964228184697,79.11,64.51,70.51,False,out_of_sample
2025-01-17,104297,100025.765625,77.41,60.66,88.05,92.57,76.23,95.94,59.85028167316055,81.21,66.99,72.92,False,out_of_sample
2025-01-18,104399,104124.953125,77.55,60.79,89.98,92.93,75.64,95.89,59.86178411682578,80.98,66.75,72.92,False,out_of_sample
2025-01-19,100955,104411.2890625,77.6,60.91,89.99,93.13,79.35,93.75,57.642080994922885,80.82,69.38,70.9,False,out_of_sample
2025-01-20,102589,101083.75,77.86,61.07,88.43,94.34,79.25,94.62,58.6279677264834,80.74,69.42,71.78,False,out_of_sample
2025-01-21,105988,102052.578125,78.77,61.24,88.6,96.2,80.07,96.49,60.68335079462531,82.56,67.37,73.62,False,out_of_sample
2025-01-22,103792,106136.3828125,78.97,61.41,90.6,95.71,80.67,95.11,59.27811244997171,85.68,67.63,72.29,False,out_of_sample
2025-01-23,104185,103657.671875,78.9,61.56,89.27,95.86,78.53,95.24,59.47077957867229,85.3,70.41,72.18,False,out_of_sample
2025-01-24,104717,103965.671875,79.64,61.73,89.17,99.23,79.39,95.44,59.74849174127145,88.57,68.75,72.43,False,out_of_sample
2025-01-25,104867,104824.03125,79.28,61.89,89.49,98.51,76.1,95.42,59.78943118791301,88.59,68.95,72.48,False,out_of_sample
2025-01-26,102834,104713.2109375,78.64,62.04,89.43,98.57,75.99,94.13,58.47136900237672,85.95,69.38,71.3,False,out_of_sample
2025-01-27,101908,102680.3046875,78.45,62.2,88.31,97.62,77.8,93.48,57.83432773505327,86.24,69.29,70.71,False,out_of_sample
2025-01-28,101139,102095.4140625,78.61,62.36,87.93,96.46,80.23,92.92,57.292311389900064,89.68,67.77,70.22,False,out_of_sample
2025-01-29,103919,101317.5234375,78.93,62.55,87.56,94.65,83.2,94.46,58.99518371088116,87.49,67.32,71.79,False,out_of_sample
2025-01-30,104988,103709.3359375,78.77,62.72,88.74,91.64,82.21,94.98,59.60586781355338,87.54,66.83,72.35,False,out_of_sample
2025-01-31,102264,104737.5625,77.77,62.87,89.19,88.37,78.68,93.28,57.852517696492626,88.05,68.33,70.76,False,out_of_sample
2025-02-01,96852,102402.796875,76.23,58.92,85.77,100.0,74.51,93.04,54.280443026596636,83.68,62.29,69.28,False,out_of_sample
2025-02-02,97425,100661.5390625,76.68,63.12,87.05,87.27,83.78,90.14,54.61006003710466,85.99,67.33,67.85,False,out_of_sample
2025-02-03,94329,97681.1015625,70.18,65.42,77.07,84.6,68.88,85.73,52.46646737830923,78.19,52.53,64.58,False,out_of_sample
2025-02-04,82556,101398.71875,63.34,61.29,75.97,64.85,73.89,75.5,43.77974310689114,67.79,49.19,55.71,False,out_of_sample
2025-02-05,96843,97878.0078125,69.63,56.76,82.39,74.77,81.14,83.59,54.06509406318689,74.07,56.5,63.78,False,out_of_sample
2025-02-06,105900,96610.640625,73.39,54.53,85.08,77.6,85.49,86.65,59.80469117129813,83.54,62.95,67.2,False,out_of_sample
2025-02-07,108928,96581.3203125,72.33,54.42,83.18,74.0,85.75,86.09,61.579728136489095,79.12,63.04,67.48,False,out_of_sample
2025-02-08,112546,96533.2578125,74.14,57.25,83.6,75.1,90.18,85.56,63.645749795198114,83.5,67.49,66.1,False,out_of_sample
2025-02-09,111141,96481.3125,71.28,57.18,79.75,79.18,85.0,82.24,62.78052824178001,75.94,62.02,63.66,False,out_of_sample
2025-02-10,120559,96499.4609375,72.75,55.03,83.17,82.67,86.2,85.22,68.0016183117933,71.13,64.19,67.15,False,out_of_sample
2025-02-11,110390,97438.1328125,66.97,53.31,76.45,71.33,77.03,77.31,62.23865093473941,73.04,60.83,59.69,False,out_of_sample
2025-02-12,91529,95745.6953125,51.88,49.13,57.37,57.44,60.92,63.69,50.03969276228359,44.39,47.29,45.08,False,out_of_sample
2025-02-13,96535,97888.75,73.2,64.18,84.91,83.66,72.5,88.55,53.439758987282715,79.7,62.12,66.56,False,out_of_sample
2025-02-14,97415,96623.3671875,73.82,64.3,84.16,82.18,77.45,89.01,53.97587850520945,79.56,63.53,67.06,False,out_of_sample
2025-02-15,97584,97508.3828125,73.98,64.42,84.66,79.73,81.56,89.03,54.03599437074811,79.49,62.6,67.14,False,out_of_sample
2025-02-16,96183,97580.4921875,73.67,64.52,84.69,80.12,80.49,88.06,53.04562879864101,79.36,63.19,66.27,False,out_of_sample
2025-02-17,95791,96179.0078125,73.18,64.6,83.86,79.37,77.81,87.72,52.72825158032449,80.06,63.18,66.0,False,out_of_sample
2025-02-18,95445,95773.8125,72.07,64.68,83.63,76.43,74.35,87.41,52.44099512650082,78.46,62.12,65.75,False,out_of_sample
2025-02-19,96648,95532.53125,72.15,64.79,83.44,77.58,70.44,88.09,53.20133164814559,80.29,61.79,66.46,False,out_of_sample
2025-02-20,98393,96632.6796875,72.17,64.91,84.05,76.05,69.91,89.1,54.31033403034768,79.07,61.52,67.49,False,out_of_sample
2025-02-21,96049,98340.671875,71.93,65.02,85.06,77.39,68.26,87.54,52.692990323356625,79.84,62.18,66.03,False,out_of_sample
2025-02-22,96606,96134.203125,72.32,65.15,83.74,77.79,70.5,87.8,53.01593774778319,79.84,63.37,66.35,False,out_of_sample
2025-02-23,96092,96577.8046875,71.9,65.28,83.96,78.37,69.85,87.39,52.61715443296451,78.5,61.74,66.01,False,out_of_sample
2025-02-24,91870,96277.9609375,70.65,65.38,83.81,76.26,69.09,84.56,49.646955713406065,78.1,61.96,63.33,False,out_of_sample
2025-02-25,88770,91437.1171875,69.6,65.43,80.76,77.2,68.51,82.38,47.36478831450992,77.78,61.72,61.22,False,out_of_sample
2025-02-26,83988,88638.890625,68.31,65.45,78.98,78.53,69.95,78.91,43.714792377821034,78.68,58.1,57.88,False,out_of_sample
2025-02-27,84626,84076.859375,68.51,65.47,75.49,81.74,71.39,79.3,44.15280019238893,80.24,56.06,58.27,False,out_of_sample
2025-02-28,84244,84705.625,67.93,65.48,76.09,82.57,71.62,78.96,43.80530577195081,78.15,52.2,57.96,False,out_of_sample
2025-03-01,98121,84373.8671875,76.89,59.07,87.08,99.89,77.73,93.72,53.66021842720657,82.34,62.99,70.0,False,out_of_sample
2025-03-02,101583,86036.2578125,77.63,63.24,85.35,87.75,88.12,92.58,55.861419906689015,85.37,66.11,70.25,False,out_of_sample
2025-03-03,86316,94248.421875,68.78,65.35,82.55,86.15,68.65,80.21,45.223819449956345,73.5,53.71,59.29,False,out_of_sample
2025-03-04,82932,86064.0703125,63.8,61.09,73.81,67.53,74.76,75.72,42.570567820429524,68.02,51.34,55.87,False,out_of_sample
2025-03-05,95944,87222.953125,69.6,56.69,82.57,69.58,86.43,82.94,51.99234680803475,73.88,58.03,63.21,False,out_of_sample
2025-03-06,105484,90622.359375,73.61,54.48,85.0,82.78,83.04,86.32,58.103737846214166,83.13,63.6,66.92,False,out_of_sample
2025-03-07,109633,89963.28125,72.59,54.48,84.84,73.65,87.15,86.42,60.56094633276875,78.78,61.99,67.81,False,out_of_sample
2025-03-08,114264,86742.65625,74.14,57.31,83.23,73.48,89.91,86.46,63.20053907591736,84.52,66.0,66.99,False,out_of_sample
2025-03-09,111781,86154.3046875,71.87,57.11,80.86,81.02,86.54,82.53,61.72041717847721,75.36,62.56,63.98,False,out_of_sample
2025-03-10,122349,80597.1484375,72.82,55.01,84.09,82.37,80.4,86.1,67.5463056294448,71.71,66.89,68.01,False,out_of_sample
2025-03-11,106496,78523.875,66.09,53.2,76.82,70.49,76.63,74.89,58.46660806338452,72.71,61.11,57.37,False,out_of_sample
2025-03-12,93610,82857.375,52.54,48.98,62.14,59.22,56.03,65.15,50.022255485781685,48.03,43.92,46.45,False,out_of_sample
2025-03-13,81111,83724.921875,65.01,64.25,75.22,76.97,69.9,75.66,40.641832825202506,71.68,50.54,55.22,False,out_of_sample
2025-03-14,84106,81066.9921875,64.93,64.1,72.98,73.7,71.07,77.83,42.94808401417829,68.35,51.37,57.33,False,out_of_sample
2025-03-15,84353,83968.40625,64.46,63.96,75.26,72.93,68.08,77.94,43.08534779296959,67.65,49.03,57.49,False,out_of_sample
2025-03-16,82493,84333.3203125,63.39,63.84,75.58,72.37,66.52,76.51,41.5799849167247,61.68,51.34,56.16,False,out_of_sample
2025-03-17,84014,82576.3359375,63.29,63.74,74.18,72.1,66.3,77.57,42.71587922380142,59.37,51.62,57.21,False,out_of_sample
2025-03-18,82681,84075.71875,63.43,63.59,75.33,70.91,67.64,76.53,41.62060614246966,63.93,50.12,56.25,False,out_of_sample
2025-03-19,86775,82718.8046875,63.91,63.46,74.3,63.38,69.98,79.44,44.714715424388466,65.07,51.26,59.07,False,out_of_sample
2025-03-20,84125,86872.953125,62.86,63.31,77.34,60.41,70.47,77.47,42.640901887772976,61.93,50.15,57.19,False,out_of_sample
2025-03-21,84070,84164.5390625,62.98,63.17,75.4,56.53,71.43,77.36,42.544634539964825,65.09,53.32,57.14,False,out_of_sample
2025-03-22,83822,84046.2578125,62.3,63.02,75.2,54.07,70.46,77.12,42.29846402450826,65.51,51.25,56.93,False,out_of_sample
2025-03-23,85761,83831.8984375,62.77,62.9,75.01,54.22,73.11,78.47,43.735130183810064,63.52,50.98,58.27,False,out_of_sample
2025-03-24,87323,86070.9296875,63.59,62.78,76.53,53.44,75.46,79.52,44.85807177450372,65.11,50.75,59.31,False,out_of_sample
2025-03-25,87423,87512.8203125,63.79,62.64,77.63,53.2,76.4,79.52,44.87933298896098,63.65,52.3,59.35,False,out_of_sample
2025-03-26,86837,87460.234375,65.18,62.52,77.74,61.81,76.22,79.04,44.387512343816724,67.94,53.45,58.93,False,out_of_sample
2025-03-27,87212,86896.2578125,64.79,62.37,77.32,61.72,75.41,79.24,44.615086712115044,65.17,53.54,59.16,False,out_of_sample
2025-03-28,84310,87185.234375,64.03,62.2,77.5,61.83,75.46,77.09,42.35481699403074,64.86,53.05,57.08,False,out_of_sample
2025-03-29,82498,84352.0703125,63.25,62.0,75.27,64.01,72.75,75.69,40.884121832706114,64.58,53.2,55.78,False,out_of_sample
2025-03-30,82217,82596.984375,62.65,61.84,73.95,63.98,69.83,75.42,40.6077071776077,66.7,50.87,55.57,False,out_of_sample
2025-03-31,82462,82336.0625,62.72,61.67,73.7,65.69,68.58,75.55,40.747940877509215,68.26,49.44,55.71,False,out_of_sample
2025-04-01,98231,82551.921875,77.52,59.22,87.69,100.0,79.97,93.67,52.11138271652938,83.03,64.78,70.04,False,out_of_sample
2025-04-02,97849,85180.609375,76.16,63.33,87.38,90.21,79.92,90.21,51.80476897998364,84.73,63.94,67.95,False,out_of_sample
2025-04-03,87324,82487.4765625,68.87,65.25,77.11,86.35,69.44,80.85,44.32522799613853,70.82,59.83,59.94,False,out_of_sample
2025-04-04,83775,83100.25,64.17,60.89,74.23,68.11,80.99,76.29,41.563608232716255,64.88,49.08,56.43,False,out_of_sample
2025-04-05,94378,83844.703125,69.25,56.61,81.97,70.63,86.53,81.84,49.289771094800614,73.04,58.3,62.22,False,out_of_sample
2025-04-06,104783,83504.5078125,73.77,54.43,84.63,88.57,81.54,85.82,56.06541279336802,82.02,63.69,66.43,False,out_of_sample
2025-04-07,108082,78221.3359375,72.99,54.55,85.15,74.45,91.58,85.44,58.037804933095,78.72,64.02,65.67,False,out_of_sample
2025-04-08,115200,79218.4765625,74.56,57.39,84.04,73.48,93.1,86.9,62.151591917461104,83.35,65.6,67.46,False,out_of_sample
2025-04-09,110901,76273.5625,71.71,57.04,81.12,81.76,83.56,81.94,59.61648410587359,76.36,63.82,63.43,False,out_of_sample
2025-04-10,122380,82565.9765625,72.66,54.99,84.74,81.41,78.28,86.03,65.99927083950028,71.61,68.09,67.98,False,out_of_sample
2025-04-11,101350,79625.046875,64.48,53.07,74.23,72.2,73.35,71.57,53.62997440055061,71.55,61.51,54.19,False,out_of_sample
2025-04-12,92206,83404.515625,53.31,48.83,64.07,60.88,57.44,64.11,47.399399013546244,48.96,48.06,45.47,False,out_of_sample
2025-04-13,83569,85279.46875,62.55,59.15,75.76,65.92,77.56,75.65,40.91898316754074,57.5,49.35,55.95,False,out_of_sample
2025-04-14,84590,83694.5234375,62.78,58.97,74.4,64.32,78.18,76.35,41.65889538942083,58.62,50.79,56.64,False,out_of_sample
2025-04-15,83672,84539.6953125,61.77,58.78,75.1,62.06,77.89,75.62,40.89193126123825,55.16,49.35,55.95,False,out_of_sample
2025-04-16,84152,83674.5078125,63.08,58.62,74.48,68.79,74.77,75.92,41.21213102168031,62.53,50.04,56.25,False,out_of_sample
2025-04-17,84941,84030.671875,62.74,58.47,74.8,67.53,75.59,76.44,41.76859662460538,59.01,49.27,56.72,False,out_of_sample
2025-04-18,84435,84900.1875,64.15,58.32,75.6,77.07,74.63,76.01,41.324215254321125,63.36,49.58,56.35,False,out_of_sample
2025-04-19,85125,84450.8671875,64.06,58.19,75.2,73.9,73.58,76.46,41.802810057402894,65.35,50.19,56.82,False,out_of_sample
2025-04-20,85102,85066.0703125,63.25,58.07,75.73,73.57,68.74,76.38,41.73149270169565,63.45,49.73,56.79,False,out_of_sample
2025-04-21,87361,85171.5390625,63.68,57.95,75.68,72.52,67.81,77.95,43.39177158354898,64.41,50.23,58.32,False,out_of_sample
2025-04-22,93496,87521.875,65.63,57.85,77.41,72.92,72.41,82.1,47.77903875259123,63.47,50.12,62.3,False,out_of_sample
2025-04-23,93696,93427.5859375,66.22,57.73,81.09,71.75,72.86,82.16,47.866035516113,63.92,51.94,62.38,False,out_of_sample
2025-04-24,93850,93692.3984375,67.7,57.61,81.29,75.61,77.04,82.2,47.92069790169811,64.9,56.08,62.41,False,out_of_sample
2025-04-25,94772,93954.25,67.76,57.48,81.37,76.23,75.65,82.73,48.50780151401714,64.33,56.45,62.89,False,out_of_sample
2025-04-26,94695,94714.6484375,69.0,57.35,81.73,82.86,79.37,82.61,48.40186655789341,65.05,56.58,62.81,False,out_of_sample
2025-04-27,93813,94660.90625,68.78,57.19,81.62,83.52,78.32,81.96,47.736450010232666,64.95,57.17,62.23,False,out_of_sample
2025-04-28,95067,93755.3046875,69.17,57.08,81.07,83.63,77.86,82.72,48.55312900893373,67.41,57.02,62.95,False,out_of_sample
2025-04-29,94103,94981.859375,69.88,56.98,81.76,84.76,79.8,82.02,47.832944894189545,72.84,56.35,62.26,False,out_of_sample
2025-04-30,94237,94286.46875,69.77,56.91,81.18,83.58,79.33,82.03,47.87334992063836,73.25,57.17,62.29,False,out_of_sample
2025-05-01,98415,94212.859375,77.37,59.39,87.75,100.0,78.82,93.67,50.66231835888439,81.54,65.68,70.12,False,out_of_sample
2025-05-02,96560,96494.96875,76.07,63.42,85.48,93.35,75.9,89.31,49.363212001483916,86.65,66.5,67.05,False,out_of_sample
2025-05-03,90620,96904.6328125,68.33,65.21,77.96,84.96,70.05,83.04,45.15044999554945,65.72,53.67,62.1,False,out_of_sample
2025-05-04,83303,95877.1875,63.75,60.67,74.75,67.39,80.23,75.88,39.57997516526931,63.01,49.55,56.08,False,out_of_sample
2025-05-05,94854,94319.5625,69.36,56.53,80.97,70.14,88.17,82.09,48.03711318663865,74.1,57.59,62.36,False,out_of_sample
2025-05-06,101670,94748.3828125,72.94,54.36,84.2,90.19,80.72,83.84,52.53321009399548,80.17,63.37,64.6,False,out_of_sample
2025-05-07,108245,96800.1953125,73.23,54.63,83.8,76.78,91.92,85.46,56.58939235407661,78.87,64.45,65.74,False,out_of_sample
2025-05-08,114112,97034.25,74.55,57.45,84.47,74.96,92.15,86.21,59.99873550766992,83.1,66.63,66.81,False,out_of_sample
2025-05-09,110712,103239.125,70.76,56.98,80.53,81.01,80.29,81.75,57.963989455155186,72.73,64.1,63.23,False,out_of_sample
2025-05-10,123524,102973.7109375,73.53,54.97,84.74,82.02,80.98,86.56,65.0945051557639,73.67,69.02,68.52,False,out_of_sample
2025-05-11,103916,104701.0703125,63.91,52.95,70.97,75.56,69.04,73.17,53.70576448836902,68.96,58.77,55.71,False,out_of_sample
2025-05-12,89280,104106.9609375,52.43,48.66,62.8,61.32,55.31,61.94,43.69478094483967,48.58,49.84,43.37,False,out_of_sample
2025-05-13,104146,102812.4921875,71.97,55.71,85.3,73.22,85.44,87.29,53.74689373225444,73.19,62.84,67.38,False,out_of_sample
2025-05-14,103573,104167.328125,72.41,55.6,85.84,77.73,84.5,86.86,53.33290468365179,75.14,62.06,67.01,False,out_of_sample
2025-05-15,103717,103538.828125,73.08,55.49,85.46,77.86,84.77,86.87,53.37208678562537,80.36,62.89,66.99,False,out_of_sample
2025-05-16,103567,103735.65625,73.15,55.38,85.39,78.92,85.61,86.7,53.22509636553043,80.13,62.47,66.85,False,out_of_sample
2025-05-17,103191,103489.2890625,72.92,55.28,85.23,76.83,85.3,86.39,52.934321947491505,81.47,62.51,66.62,False,out_of_sample
2025-05-18,106016,103186.953125,73.66,55.2,85.02,77.01,88.12,88.0,54.6555507380048,80.86,62.38,68.2,False,out_of_sample
2025-05-19,105616,106430.53125,73.68,55.13,86.48,76.82,89.33,87.67,54.35551882801655,79.8,62.12,67.87,False,out_of_sample
2025-05-20,106894,105605.40625,74.38,55.05,86.14,77.33,90.86,88.34,55.09358717841604,80.76,63.94,68.5,False,out_of_sample
2025-05-21,109705,106791.3125,74.38,54.98,86.62,75.31,88.88,89.88,56.746784549054006,80.16,63.64,69.95,False,out_of_sample
2025-05-22,111478,109673.4921875,75.42,54.93,87.91,77.47,91.48,90.8,57.7484516915859,80.11,64.38,70.85,False,out_of_sample
2025-05-23,107292,111679.359375,75.13,54.88,88.67,78.5,92.56,88.31,55.18252376411697,79.88,66.21,68.51,False,out_of_sample
2025-05-24,107918,107278.5078125,75.14,54.85,86.47,80.06,91.64,88.59,55.51307434449808,79.52,67.39,68.83,False,out_of_sample
2025-05-25,108915,107802.2734375,75.36,54.8,86.75,81.22,91.2,89.08,56.0657505423849,81.82,64.66,69.34,False,out_of_sample
2025-05-26,109372,109023.78125,75.43,54.78,87.23,80.83,91.29,89.25,56.28936689190712,81.34,65.04,69.48,False,out_of_sample
2025-05-27,109067,109440.40625,75.57,54.76,87.36,81.11,91.47,88.99,56.05424301637403,82.17,65.68,69.23,False,out_of_sample
2025-05-28,107896,108992.171875,76.11,54.73,87.05,84.28,93.07,88.23,55.292983403412364,84.34,66.0,68.53,False,out_of_sample
2025-05-29,105733,107795.5703125,75.72,54.7,86.35,84.25,93.08,86.87,53.909763293374056,85.67,65.8,67.23,False,out_of_sample
2025-05-30,103982,105646.2109375,74.43,54.65,85.17,80.44,94.06,85.74,52.75973766820721,82.09,65.01,66.19,False,out_of_sample
2025-05-31,104709,103994.71875,74.09,54.6,84.19,79.44,92.85,86.1,53.165966646256265,82.51,63.66,66.59,False,out_of_sample
2025-06-01,102180,104637.296875,77.83,59.55,87.79,99.15,78.25,95.83,51.50577914106339,80.41,65.84,72.27,False,out_of_sample
2025-06-02,96542,105649.8125,75.81,63.5,84.5,95.97,73.59,89.2,47.7196436307275,87.4,64.18,66.95,False,out_of_sample
2025-06-03,90223,105888.4765625,68.72,65.13,80.2,81.67,73.97,82.69,43.212961865646896,66.55,54.53,61.78,False,out_of_sample
2025-06-04,77950,105434.3671875,62.03,60.42,74.54,66.49,77.89,71.71,33.53785874329519,62.63,50.05,52.14,False,out_of_sample
2025-06-05,96678,104750.78125,69.11,56.42,81.12,70.56,84.32,83.21,47.65427562332425,73.26,56.39,63.39,False,out_of_sample
2025-06-06,104422,101574.3671875,72.89,54.3,82.42,90.88,78.78,85.44,52.67355786089563,78.61,62.94,66.16,False,out_of_sample
2025-06-07,109181,104390.6484375,73.45,54.71,83.88,76.33,93.06,85.93,55.55546393839577,79.68,63.39,66.25,False,out_of_sample
2025-06-08,115035,105617.5078125,74.36,57.52,83.92,73.66,90.47,86.64,58.94266623102615,82.98,67.22,67.28,False,out_of_sample
2025-06-09,110244,105793.0234375,69.97,56.89,80.36,75.5,80.39,81.41,56.090272758311514,72.94,63.43,62.94,False,out_of_sample
2025-06-10,124825,110295.6875,74.12,54.97,85.22,81.93,82.38,87.16,64.21941348411437,75.37,69.04,69.11,False,out_of_sample
2025-06-11,101242,110261.796875,62.81,52.84,72.51,75.84,67.45,71.4,50.37653325035243,67.26,55.41,54.03,False,out_of_sample
2025-06-12,89170,108685.9140625,52.67,48.49,60.34,63.68,59.31,61.83,41.960094574514315,48.44,48.69,43.27,False,out_of_sample
2025-06-13,106025,105924.59375,72.15,54.01,84.49,70.56,87.17,85.81,53.31328212286874,78.29,65.16,66.79,False,out_of_sample
2025-06-14,105468,106108.0859375,72.13,53.96,84.43,71.55,88.0,85.4,52.914325216231006,79.3,63.37,66.46,False,out_of_sample
2025-06-15,105513,105464.84375,71.77,53.95,84.11,70.9,85.86,85.34,52.890512658702626,79.24,63.36,66.46,False,out_of_sample
2025-06-16,107244,105555.59375,72.45,53.97,84.13,70.58,86.22,86.29,53.9111189398791,82.89,62.94,67.37,False,out_of_sample
2025-06-17,104629,106794.1171875,71.85,54.01,84.77,75.29,80.27,84.65,52.23205336283488,82.74,62.93,65.86,False,out_of_sample
2025-06-18,104814,104602.0703125,71.38,54.04,83.53,72.04,80.75,84.68,52.29651848728965,81.41,63.79,65.93,False,out_of_sample
2025-06-19,104710,104886.7734375,70.36,54.07,83.5,70.88,76.92,84.54,52.17907019635395,79.1,62.25,65.84,False,out_of_sample
2025-06-20,103275,104681.03125,70.48,54.08,83.45,69.36,82.27,83.6,51.21705901762271,79.04,62.23,64.98,False,out_of_sample
2025-06-21,101549,103315.078125,69.66,54.01,82.64,67.31,81.64,82.46,50.05333581000031,78.51,62.15,63.95,False,out_of_sample
2025-06-22,100900,102212.03125,68.74,54.0,81.6,67.21,76.76,81.98,49.57813061944968,78.51,61.15,63.52,False,out_of_sample
2025-06-23,105497,100987.4765625,68.92,54.01,81.17,69.16,69.23,84.73,52.46504045451087,79.56,59.9,66.14,False,out_of_sample
2025-06-24,105965,105571.515625,68.63,54.0,83.77,69.23,65.86,84.94,52.70514896707267,77.58,59.36,66.35,False,out_of_sample
2025-06-25,107306,106047.40625,70.04,53.99,83.94,68.5,73.96,85.66,53.48311201866795,77.54,62.44,67.05,False,out_of_sample
2025-06-26,107013,107375.0703125,71.23,54.01,84.54,69.96,83.11,85.41,53.25085220361836,77.44,62.69,66.79,False,out_of_sample
2025-06-27,107091,106954.921875,71.5,54.04,84.28,73.49,82.87,85.38,53.2471174087642,76.16,63.45,66.72,False,out_of_sample
2025-06-28,107358,107090.546875,71.61,54.11,84.2,75.79,83.12,85.46,53.359680209616414,74.56,63.22,66.85,False,out_of_sample
2025-06-29,108361,107327.8203125,71.96,54.2,84.32,75.92,85.04,85.98,53.92185845831685,73.89,63.22,67.39,False,out_of_sample
2025-06-30,107154,108383.4375,72.79,54.27,84.85,75.69,90.34,85.19,53.13046804752436,77.87,63.32,66.59,False,out_of_sample
2025-07-01,96975,107144.3828125,76.25,59.67,89.66,94.29,75.6,92.56,46.48661502424243,81.1,65.91,69.09,False,out_of_sample
2025-07-02,96385,105703.1015625,76.08,63.58,84.46,96.11,79.47,89.01,46.03081032704902,85.37,63.06,66.82,False,out_of_sample
2025-07-03,86554,108845.015625,67.84,65.03,79.72,80.33,73.29,80.07,38.87107217798886,66.24,56.97,59.29,False,out_of_sample
2025-07-04,79422,109635.65625,61.02,60.18,69.99,65.08,71.95,72.82,33.135807066265514,62.79,49.79,53.16,False,out_of_sample
2025-07-05,97138,108015.8359375,69.48,56.32,81.12,70.58,86.79,83.43,46.38671635987099,73.16,56.67,63.6,False,out_of_sample
2025-07-06,105686,108231.1875,73.3,54.26,83.94,89.64,81.85,86.12,51.90780457658776,79.13,60.79,66.86,False,out_of_sample
2025-07-07,108250,109235.328125,73.15,54.79,84.38,77.2,91.78,85.31,53.44022677184688,78.49,63.45,65.64,False,out_of_sample
2025-07-08,117445,108298.2265625,74.33,57.6,84.35,72.68,89.4,87.89,58.777806972514604,81.25,66.61,68.47,False,out_of_sample
2025-07-09,111308,108950.2734375,70.03,56.82,80.09,73.02,82.65,81.95,55.17849659193249,72.44,63.34,63.5,False,out_of_sample
2025-07-10,121588,111329.1953125,73.73,54.95,85.72,82.42,82.85,85.36,60.96808387580972,75.03,69.64,67.3,False,out_of_sample
2025-07-11,103429,115986.234375,63.39,52.74,70.75,74.14,69.87,72.76,50.22035219663763,68.39,56.98,55.15,False,out_of_sample
2025-07-12,90068,117530.7109375,53.06,48.32,60.28,64.27,63.47,62.47,41.01958598400232,47.94,46.43,43.9,False,out_of_sample
2025-07-13,118900,117432.203125,75.85,55.33,87.71,76.2,91.93,90.79,59.33706514237297,79.39,67.98,70.89,False,out_of_sample
2025-07-14,119872,119115.7890625,76.12,55.42,88.43,76.97,91.49,91.22,59.82476434001075,78.52,68.84,71.3,False,out_of_sample
2025-07-15,117711,119853.8515625,76.97,55.51,88.56,84.37,93.71,89.97,58.57017600633802,78.94,69.79,70.12,False,out_of_sample
2025-07-16,118731,117777.1875,77.37,55.6,87.47,86.62,92.54,90.43,59.090104061133985,80.73,70.15,70.52,False,out_of_sample
2025-07-17,119502,118738.5078125,78.91,55.71,87.62,98.81,90.89,90.76,59.467535301077575,84.18,68.83,70.79,False,out_of_sample
2025-07-18,117959,119284.109375,78.5,55.81,87.71,100.0,87.82,89.84,58.55637299795647,84.19,69.42,69.95,False,out_of_sample
2025-07-19,117909,117998.125,78.73,55.92,86.95,100.0,89.46,89.73,58.47727978188226,85.12,69.79,69.85,False,out_of_sample
2025-07-20,117306,117944.109375,78.81,56.01,86.84,100.0,91.07,89.32,58.08676561513549,86.3,68.9,69.51,False,out_of_sample
2025-07-21,117433,117306.46875,78.9,56.08,86.51,100.0,91.85,89.3,58.10733958130061,86.63,68.81,69.52,False,out_of_sample
2025-07-22,120069,117426.5,79.28,56.18,86.52,100.0,93.49,90.63,59.52646625924297,84.89,68.4,70.77,False,out_of_sample
2025-07-23,118651,119997.4453125,79.06,56.27,87.51,100.0,92.24,89.79,58.688666762620365,85.39,68.51,69.95,False,out_of_sample
2025-07-24,118378,118770.984375,78.83,56.36,86.79,97.83,91.88,89.55,58.48507883988078,85.69,69.94,69.7,False,out_of_sample
2025-07-25,117521,118368.0,78.06,56.46,86.59,93.66,92.81,89.0,57.9526627342522,84.47,69.16,69.15,False,out_of_sample
2025-07-26,117984,117644.84375,78.29,56.59,86.08,93.96,94.67,89.17,58.16213810973048,84.3,69.0,69.35,False,out_of_sample
2025-07-27,119439,117944.7265625,78.24,56.71,86.25,93.71,93.15,89.87,58.92339542134116,83.73,68.53,70.08,False,out_of_sample
2025-07-28,118023,119457.5234375,77.85,56.85,86.9,93.72,90.86,89.02,58.08195259577019,83.78,68.79,69.28,False,out_of_sample
2025-07-29,117872,117938.5859375,75.84,56.95,86.18,81.58,83.48,88.85,57.9460371055983,85.48,69.66,69.11,False,out_of_sample
2025-07-30,117733,117921.9921875,75.19,57.06,86.01,78.5,83.1,88.69,57.81674542577322,84.34,68.83,68.97,False,out_of_sample
2025-07-31,115849,117833.6328125,74.91,57.13,85.92,78.61,84.02,87.58,56.69598586511566,84.02,68.76,67.94,False,out_of_sample
2025-08-01,95040,115738.953125,74.55,59.76,86.82,87.81,69.93,91.23,43.51441825251318,81.78,68.48,67.87,False,out_of_sample
2025-08-02,96604,113320.390625,76.16,63.65,84.39,95.84,81.83,89.06,44.54404326164869,83.8,63.04,66.93,False,out_of_sample
2025-08-03,86172,112525.8046875,67.33,64.93,77.46,78.45,72.8,79.72,36.91064636202793,67.88,56.46,59.02,False,out_of_sample
2025-08-04,76352,114223.921875,59.74,59.96,70.83,65.02,68.59,70.33,28.82962076450559,65.74,45.2,50.81,False,out_of_sample
2025-08-05,103070,115072.1875,71.11,56.21,82.34,72.23,86.4,87.05,48.68445436415124,75.12,56.64,67.05,False,out_of_sample
2025-08-06,105728,114140.9140625,74.1,54.22,84.6,89.73,85.76,86.06,50.321869140735274,79.94,62.61,66.86,False,out_of_sample
2025-08-07,108957,115030.0546875,72.41,54.84,83.8,73.17,89.5,85.64,52.26651641802861,77.13,64.03,65.93,False,out_of_sample
2025-08-08,116741,117505.5,74.12,57.68,85.46,72.07,89.65,87.43,56.79529851817996,79.22,67.17,68.05,False,out_of_sample
2025-08-09,112113,116678.2734375,70.42,56.73,80.59,71.74,85.53,82.34,54.05862898906306,73.17,63.01,63.91,False,out_of_sample
2025-08-10,123391,116497.71875,74.38,54.94,84.0,83.62,82.6,86.24,60.37145436278665,78.41,70.31,68.15,False,out_of_sample
2025-08-11,102336,119306.8125,63.04,52.63,71.97,77.23,66.11,72.01,47.89614587938324,68.71,55.19,54.45,False,out_of_sample
2025-08-12,90674,118717.6640625,53.2,48.18,61.12,62.91,69.19,62.88,39.80800455003935,43.01,46.37,44.25,False,out_of_sample
2025-08-13,123443,120168.9765625,76.29,57.92,86.52,75.75,91.53,90.59,60.247380521960004,80.29,69.41,71.28,False,out_of_sample
2025-08-14,118511,123339.3984375,76.11,57.93,87.93,75.65,93.65,87.88,57.48791719339552,82.08,70.22,68.7,False,out_of_sample
2025-08-15,117312,118365.78125,75.81,57.94,85.52,77.32,92.45,87.15,56.761217964520895,81.39,72.12,68.04,False,out_of_sample
2025-08-16,117463,117398.421875,75.28,57.95,84.96,78.3,90.56,87.14,56.795548716984854,81.18,69.09,67.93,False,out_of_sample
2025-08-17,117602,117492.7890625,75.45,57.95,84.85,80.32,88.78,87.14,56.82300862558974,83.22,68.42,67.98,False,out_of_sample
2025-08-18,116313,117453.90625,75.54,57.96,84.86,80.72,91.76,86.34,56.03929526725825,82.76,68.49,67.27,False,out_of_sample
2025-08-19,112887,116241.859375,74.56,57.94,84.21,81.24,87.75,84.33,54.00050333267543,83.72,68.47,65.37,False,out_of_sample
2025-08-20,114278,112828.0234375,74.21,57.92,82.37,78.92,85.21,85.04,54.76326125729175,86.07,67.64,66.07,False,out_of_sample
2025-08-21,112348,114275.6875,72.97,57.88,83.11,78.13,83.53,83.86,53.5792293899503,82.13,65.46,64.98,False,out_of_sample
2025-08-22,116801,112433.734375,73.71,57.87,82.12,76.18,86.28,86.29,56.1127894918488,81.23,66.34,67.3,False,out_of_sample
2025-08-23,115281,116866.3671875,73.67,57.85,84.29,75.56,88.18,85.36,55.190303510944915,81.17,65.15,66.47,False,out_of_sample
2025-08-24,113517,115387.390625,73.87,57.83,83.53,75.98,90.6,84.28,54.11317729228615,81.14,67.83,65.49,False,out_of_sample
2025-08-25,110090,113456.8984375,72.51,57.79,82.51,74.98,88.3,82.23,52.02218695516638,80.08,66.88,63.56,False,out_of_sample
2025-08-26,111896,110124.1015625,71.9,57.75,80.75,73.63,87.19,83.2,53.053184793381405,77.2,65.62,64.53,False,out_of_sample
2025-08-27,111253,111795.7109375,71.42,57.68,81.63,73.41,84.52,82.75,52.6180509933319,78.33,63.54,64.13,False,out_of_sample
2025-08-28,112482,111219.0546875,71.69,57.61,81.27,71.71,87.77,83.38,53.29763900300064,76.77,64.55,64.76,False,out_of_sample
2025-08-29,108474,112550.5234375,71.54,57.52,81.91,72.38,89.19,80.97,50.83078708889449,80.19,64.1,62.28,False,out_of_sample
2025-08-30,108747,108409.40625,72.18,57.43,79.41,80.26,89.78,81.05,50.94624389754359,78.96,64.88,62.41,False,out_of_sample
2025-08-31,108317,108818.4609375,71.01,57.34,79.57,80.2,84.39,80.72,50.63055870807893,77.34,62.25,62.13,False,out_of_sample
2025-09-01,92347,108228.75,74.2,59.84,85.71,91.62,70.66,89.39,39.95606474026274,83.89,64.99,66.15,False,out_of_sample
2025-09-02,96310,109243.0703125,75.71,63.73,84.37,95.79,81.48,88.78,42.70137169956077,81.01,62.92,66.61,False,out_of_sample
2025-09-03,80648,111190.6953125,65.96,64.82,76.99,76.74,68.94,75.58,30.825956066667047,76.01,53.93,55.09,False,out_of_sample
2025-09-04,82721,111718.1484375,60.51,59.79,68.25,63.65,67.83,75.24,32.46223303984293,62.72,45.98,55.5,False,out_of_sample
2025-09-05,102941,110723.015625,71.62,56.1,85.67,70.52,88.08,86.89,46.97903087741185,75.42,58.23,66.9,False,out_of_sample
2025-09-06,110199,110650.5703125,75.11,54.19,84.58,88.62,87.97,88.59,51.466985541785114,79.91,63.41,69.3,False,out_of_sample
2025-09-07,111417,110221.328125,73.26,54.92,84.05,73.75,90.45,86.99,52.14783024737122,79.73,63.39,67.19,False,out_of_sample
2025-09-08,116512,111163.015625,73.53,57.76,85.03,71.6,84.76,87.22,55.07674347669196,78.62,68.66,67.91,False,out_of_sample
2025-09-09,111487,112077.578125,70.88,56.63,81.04,70.17,89.88,81.9,52.08634562782449,74.82,63.55,63.52,False,out_of_sample
2025-09-10,121604,111531.25,73.78,54.93,84.76,82.13,81.3,85.2,57.82631030046541,79.91,68.39,67.14,False,out_of_sample
2025-09-11,104686,113961.4296875,63.63,52.54,71.17,76.32,67.07,73.46,47.78563259353067,69.22,56.65,55.86,False,out_of_sample
2025-09-12,92809,115507.7890625,54.15,48.05,61.55,64.86,64.5,64.4,39.701917986005014,49.03,47.1,45.7,False,out_of_sample
2025-09-13,115966,116093.5625,70.71,56.32,83.03,68.2,80.59,84.14,54.50700561360138,73.67,66.08,65.79,False,out_of_sample
2025-09-14,115396,115950.2890625,70.8,56.24,82.9,68.83,80.97,83.74,54.12695551669867,74.4,66.43,65.46,False,out_of_sample
2025-09-15,115421,115399.6328125,71.57,56.16,82.57,68.79,87.99,83.67,54.0900273722154,75.07,66.26,65.41,False,out_of_sample
2025-09-16,116799,115423.7578125,72.23,56.08,82.52,70.65,91.06,84.36,54.83061541549704,74.61,65.84,66.09,False,out_of_sample
2025-09-17,116576,116840.5078125,71.88,56.02,83.16,69.71,86.95,84.16,54.65179201222221,76.53,65.79,65.89,False,out_of_sample
2025-09-18,117015,116461.265625,72.19,55.97,82.93,70.85,86.44,84.32,54.851381920996445,77.67,66.57,66.08,False,out_of_sample
2025-09-19,115613,117137.671875,72.12,55.92,83.23,71.45,87.25,83.46,53.99543751970778,78.11,66.34,65.22,False,out_of_sample
2025-09-20,115754,115691.125,72.45,55.86,82.36,71.14,91.22,83.46,54.02543639887196,77.89,66.7,65.27,False,out_of_sample
2025-09-21,115321,115730.2265625,72.31,55.79,82.36,72.08,91.35,83.14,53.72381023909119,77.36,65.74,65.02,False,out_of_sample
2025-09-22,112728,115309.21875,71.47,55.72,82.13,72.66,87.95,81.58,52.15360674657401,77.29,65.73,63.58,False,out_of_sample
2025-09-23,112053,112757.4765625,71.18,55.65,80.73,74.51,85.64,81.12,51.70083740360345,78.29,65.42,63.14,False,out_of_sample
2025-09-24,113325,112007.6640625,70.95,55.61,80.3,74.85,83.78,81.78,52.40322081445018,77.94,63.74,63.77,False,out_of_sample
2025-09-25,109167,113330.1640625,69.78,55.52,80.95,73.19,81.46,79.27,49.854160531290304,78.4,63.26,61.38,False,out_of_sample
2025-09-26,109670,109041.296875,69.44,55.44,78.45,75.19,78.8,79.5,50.10942298328837,77.1,64.03,61.61,False,out_of_sample
2025-09-27,109645,109707.140625,69.62,55.35,78.84,80.06,78.26,79.41,50.04231056821952,77.09,61.2,61.57,False,out_of_sample
2025-09-28,112171,109681.9453125,70.42,55.25,78.8,79.01,82.57,80.82,51.51279072419284,76.7,61.65,62.95,False,out_of_sample
2025-09-29,114342,112117.875,70.98,55.17,80.19,79.31,84.89,82.0,52.74254920974737,74.53,61.57,64.1,False,out_of_sample
2025-09-30,113972,114396.5234375,71.02,55.09,81.31,76.76,86.63,81.71,52.47434746723258,73.88,63.11,63.83,False,out_of_sample
2025-10-01,94760,114057.59375,74.61,59.94,84.16,91.89,71.47,90.85,40.078995240428924,84.88,63.65,67.62,False,out_of_sample
2025-10-02,97376,118652.3828125,75.87,63.83,84.28,96.89,76.84,89.36,41.84694692840369,84.29,62.86,67.23,False,out_of_sample
2025-10-03,79006,120656.984375,63.87,64.69,72.76,74.83,68.87,74.25,27.811472948618693,67.9,53.37,53.8,False,out_of_sample
2025-10-04,79559,122267.46875,60.07,59.6,73.71,63.3,67.9,72.77,28.223191420640113,63.33,43.44,53.13,False,out_of_sample
2025-10-05,104583,122419.671875,72.68,56.02,85.49,72.98,89.53,87.8,46.46491901306713,74.49,62.35,67.82,False,out_of_sample
2025-10-06,110075,123510.453125,75.11,54.16,86.87,82.53,92.7,88.43,49.83716153790863,79.4,63.37,69.18,False,out_of_sample
2025-10-07,115874,124752.140625,74.82,55.02,85.14,74.42,94.83,89.4,53.22106912293081,80.25,63.76,69.54,False,out_of_sample
2025-10-08,119190,121448.3515625,73.62,57.83,84.92,71.57,80.88,88.59,55.05809856680162,79.86,68.2,69.27,False,out_of_sample
2025-10-09,113931,123337.0703125,71.71,56.53,80.75,70.55,92.66,83.23,51.98628871897667,75.2,64.06,64.82,False,out_of_sample
2025-10-10,113755,121704.7421875,72.06,54.9,83.87,80.69,78.57,80.76,51.8312176944297,81.01,69.43,62.96,False,out_of_sample
2025-10-11,106083,113236.4296875,63.5,52.42,72.82,75.59,67.32,74.28,47.10437870716868,65.49,55.88,56.65,False,out_of_sample
2025-10-12,92103,110811.515625,54.24,47.93,63.38,62.91,64.32,63.86,37.588963361423325,51.54,47.46,45.13,False,out_of_sample
2025-10-13,115333,115161.6796875,70.91,54.77,80.55,73.71,82.58,81.44,52.59912592545215,82.59,61.76,63.73,False,out_of_sample
2025-10-14,113328,115264.8828125,70.78,54.72,80.55,72.25,86.34,80.22,51.37293849586867,79.97,64.49,62.5,False,out_of_sample
2025-10-15,110863,113113.96875,71.47,54.66,79.3,84.06,85.18,78.71,49.8480614346797,81.22,64.49,60.97,False,out_of_sample
2025-10-16,108136,110782.171875,70.36,54.58,77.67,84.66,83.72,77.01,48.127508655117836,79.85,63.2,59.38,False,out_of_sample
2025-10-17,106626,108179.1328125,68.58,54.49,76.13,84.41,80.73,76.03,47.13311354907655,73.05,61.64,58.44,False,out_of_sample
2025-10-18,107144,106483.734375,68.41,54.4,75.07,84.61,83.11,76.28,47.40571801897545,71.03,59.92,58.71,False,out_of_sample
2025-10-19,108707,107204.3125,68.64,54.32,75.5,83.54,80.87,77.17,48.32430831175375,74.6,58.84,59.6,False,out_of_sample
2025-10-20,110641,108667.4453125,69.08,54.25,76.39,83.71,80.15,78.26,49.45446778595733,74.57,59.33,60.67,False,out_of_sample
2025-10-21,108701,110587.6328125,68.5,54.16,77.56,83.77,78.17,77.03,48.21654812730319,72.74,60.28,59.52,False,out_of_sample
2025-10-22,107668,108491.53125,66.79,54.08,76.26,70.65,80.2,76.34,47.5242201633456,70.47,61.56,58.82,False,out_of_sample
2025-10-23,110061,107679.4375,66.36,54.02,75.6,68.69,78.86,77.73,48.946351258299735,68.16,60.16,60.09,False,out_of_sample
2025-10-24,111025,110069.3515625,67.0,53.96,77.03,69.05,83.55,78.24,49.47935645984617,66.63,59.59,60.58,False,out_of_sample
2025-10-25,111615,111032.6171875,67.67,53.89,77.56,69.67,85.41,78.53,49.78305108374522,67.23,61.2,60.88,False,out_of_sample
2025-10-26,114558,111639.0546875,68.69,53.86,77.9,70.29,87.13,80.17,51.477387008510554,68.49,61.81,62.46,False,out_of_sample
2025-10-27,114088,114479.8515625,68.53,53.83,79.47,70.32,82.97,79.84,51.14994689015734,70.18,62.2,62.15,False,out_of_sample
2025-10-28,112981,114129.0859375,68.47,53.79,79.24,71.65,83.5,79.13,50.44397295443969,68.27,63.99,61.42,False,out_of_sample
2025-10-29,110207,112921.328125,67.05,53.71,78.42,70.91,78.23,77.44,48.7237121242874,67.38,63.79,59.78,False,out_of_sample
2025-10-30,108020,110059.1953125,66.4,53.6,76.65,68.86,78.92,76.06,47.32623755550053,69.46,63.0,58.45,False,out_of_sample
2025-10-31,109555,108304.4140625,66.16,53.51,75.44,70.98,74.63,76.93,48.22145899767327,70.22,61.13,59.28,False,out_of_sample
2025-11-01,94607,109558.625,75.16,60.03,85.51,95.56,73.59,90.65,38.319253742622074,84.94,61.77,67.49,False,out_of_sample
2025-11-02,95807,110064.4296875,73.98,63.94,84.74,91.31,71.01,88.27,39.11237734523597,81.26,62.8,66.18,False,out_of_sample
2025-11-03,82748,110646.90625,63.81,64.57,71.09,71.87,68.3,77.02,29.216968807472366,69.1,48.95,56.48,False,out_of_sample
2025-11-04,83360,106541.421875,61.45,59.44,71.14,62.91,69.3,75.61,29.657396475900526,64.05,48.78,55.84,False,out_of_sample
2025-11-05,103977,101579.234375,72.25,55.93,86.34,72.56,88.17,87.35,44.45061838372252,72.95,62.24,67.45,False,out_of_sample
2025-11-06,108646,103893.6640625,74.1,54.11,86.75,75.22,91.36,87.52,47.349595673460584,78.75,66.25,68.36,False,out_of_sample
2025-11-07,117619,101286.2421875,75.62,55.13,87.26,74.23,97.76,90.27,52.63038029987257,78.54,65.21,70.33,False,out_of_sample
2025-11-08,118743,103371.703125,73.97,57.86,86.21,71.72,82.85,88.27,53.21825097493448,80.53,68.09,69.0,False,out_of_sample
2025-11-09,115446,102278.984375,71.67,56.46,82.01,68.92,91.69,84.0,51.274130855229686,74.29,63.71,65.59,False,out_of_sample
2025-11-10,110941,104723.7734375,69.99,54.86,79.48,75.05,75.79,79.05,48.546553939390215,81.01,68.44,61.37,False,out_of_sample
2025-11-11,102975,105996.859375,63.22,52.29,73.56,75.08,73.33,72.27,43.48452961456976,60.87,57.55,54.74,False,out_of_sample
2025-11-12,92624,103011.4375,54.64,47.77,62.66,63.89,66.78,64.2,36.307831015085576,49.87,49.12,45.47,False,out_of_sample
2025-11-13,100036,101674.1484375,61.2,52.06,70.53,67.89,72.85,70.26,41.43182901392529,60.52,56.34,52.82,False,out_of_sample
2025-11-14,94503,99694.703125,59.63,51.91,69.25,68.72,69.29,66.45,37.55161379608341,62.33,55.32,49.19,False,out_of_sample
2025-11-15,95542,94420.46875,58.87,51.76,65.25,67.63,68.12,67.13,38.23383294467199,61.22,54.04,49.86,False,out_of_sample
2025-11-16,94183,95556.8671875,58.39,51.62,66.09,67.06,68.08,66.14,37.21660268705769,63.49,50.14,48.94,False,out_of_sample
2025-11-17,91912,94180.875,57.54,51.46,65.21,67.61,63.81,64.49,35.52066206994004,64.54,50.94,47.34,False,out_of_sample
2025-11-18,92837,92094.53125,56.94,51.31,63.25,68.67,61.39,65.11,36.140950976015,61.72,50.12,47.85,False,out_of_sample
2025-11-19,91321,92946.1640625,56.34,51.16,63.86,73.56,57.08,63.98,34.97912359799994,60.29,48.29,46.78,False,out_of_sample
2025-11-20,86912,91459.3515625,54.96,51.02,62.65,73.06,57.1,60.67,31.594037965978377,58.51,48.92,43.6,False,out_of_sample
2025-11-21,84949,86528.7734375,53.21,50.87,58.36,71.75,58.08,59.12,30.001694016049775,53.08,47.79,42.11,False,out_of_sample
2025-11-22,84776,85098.5625,52.39,50.71,56.97,70.64,57.36,58.96,29.81002094705827,54.18,44.0,41.13,False,out_of_sample
2025-11-23,86873,84648.609375,55.74,50.56,56.37,98.17,59.34,60.54,31.401251537453888,52.99,42.68,42.05,False,out_of_sample
2025-11-24,88378,86798.7734375,56.09,50.41,57.91,100.0,59.02,61.65,32.50397579470048,50.4,42.39,43.11,False,out_of_sample
2025-11-25,87435,88269.9609375,55.78,50.25,59.3,100.0,54.52,60.9,31.7272591130709,51.21,44.19,42.39,False,out_of_sample
2025-11-26,90450,87345.5859375,56.59,50.1,58.42,98.0,59.04,63.11,33.95726630233471,49.6,45.42,44.45,False,out_of_sample
2025-11-27,91337,90517.765625,56.56,49.95,61.26,98.65,59.87,63.72,34.56102297321425,44.1,44.69,45.06,False,out_of_sample
2025-11-28,90991,91285.3828125,57.38,49.81,62.0,98.08,67.31,63.43,34.25148318615342,42.27,47.29,44.8,False,out_of_sample
2025-11-29,90843,90918.7421875,56.51,49.65,61.73,95.31,63.06,63.29,34.087967533426664,41.62,47.95,44.69,False,out_of_sample
2025-11-30,90608,90838.2109375,54.13,49.49,61.63,69.2,66.66,63.08,33.85954190727477,43.76,47.7,44.52,False,out_of_sample
2025-12-01,94354,90389.109375,75.65,60.13,85.39,95.76,76.83,90.39,36.5370460671514,84.95,63.41,67.31,False,out_of_sample
2025-12-02,97757,86322.5390625,73.86,64.05,83.73,89.99,69.78,89.41,38.872739428432524,79.75,63.33,67.34,False,out_of_sample
2025-12-03,83631,91345.09375,64.74,64.41,74.41,73.71,68.41,77.61,28.294137652646693,72.37,47.23,57.06,False,out_of_sample
2025-12-04,85270,93454.2578125,62.56,59.29,74.32,65.86,72.28,76.96,29.548641113729136,63.73,46.19,57.16,False,out_of_sample
2025-12-05,102921,92133.6484375,72.2,55.81,85.97,72.51,88.89,86.63,42.18585124595199,73.23,63.31,66.79,False,out_of_sample
2025-12-06,105999,89389.359375,73.01,54.06,85.93,73.47,91.66,85.88,44.121308147898056,75.96,66.18,66.85,False,out_of_sample
2025-12-07,117383,89277.8125,75.76,55.23,87.26,74.26,96.61,90.05,50.95239772048242,78.63,67.95,70.14,False,out_of_sample
2025-12-08,120155,90424.5859375,74.79,57.89,85.93,72.05,87.4,88.94,52.476078856045795,79.64,69.73,69.67,False,out_of_sample
2025-12-09,116150,90639.703125,71.26,56.39,82.74,69.28,84.71,84.32,50.13670071651466,74.11,65.19,65.92,False,out_of_sample
2025-12-10,115153,92695.234375,70.37,54.82,78.15,74.37,78.95,81.42,49.50317063741834,81.76,63.27,63.66,False,out_of_sample
2025-12-11,101683,92011.3046875,62.54,52.18,71.55,71.36,72.61,71.38,41.052660003087716,62.99,58.37,53.92,False,out_of_sample
2025-12-12,90332,92513.6640625,54.06,47.61,63.08,64.84,69.01,62.5,33.00723448856231,46.66,48.55,43.84,False,out_of_sample
2025-12-13,90246,90257.796875,53.4,47.47,61.18,63.31,66.58,62.41,32.8889977814743,46.57,48.92,43.76,False,out_of_sample
2025-12-14,88097,90296.4375,52.06,47.33,61.13,63.41,59.97,60.77,31.20726652588319,47.63,47.18,42.22,False,out_of_sample
2025-12-15,86353,88171.078125,51.09,47.17,59.25,63.04,57.01,59.41,29.802441366663366,48.16,47.13,40.93,False,out_of_sample
2025-12-16,87753,86424.40625,51.08,47.02,57.58,61.09,57.07,60.45,30.83463672557128,50.52,45.47,41.89,False,out_of_sample
2025-12-17,86060,87847.6171875,50.75,46.86,58.95,61.78,58.39,59.12,29.464103216305183,49.62,43.94,40.62,False,out_of_sample
2025-12-18,85435,86144.3671875,50.14,46.73,57.27,56.32,59.94,58.61,28.917153541087487,50.15,45.11,40.14,False,out_of_sample
2025-12-19,88169,85476.1328125,49.75,46.61,56.67,51.86,59.77,60.69,30.99168804219011,47.67,43.63,42.12,False,out_of_sample
2025-12-20,88293,88101.671875,50.21,46.49,59.27,51.75,61.99,60.75,31.032525842041302,47.6,43.1,42.16,False,out_of_sample
2025-12-21,88534,88344.703125,50.69,46.37,59.55,55.77,61.86,60.91,31.16265472392326,45.2,45.31,42.33,False,out_of_sample
2025-12-22,88475,88621.3984375,50.35,46.25,59.75,55.67,60.95,60.84,31.063447248753533,43.06,45.49,42.27,False,out_of_sample
2025-12-23,87366,88490.03125,50.01,46.1,59.67,54.1,60.4,59.96,30.156298139518945,44.76,45.66,41.41,False,out_of_sample
2025-12-24,87626,87404.3203125,50.08,45.95,58.63,54.33,63.65,60.14,30.303013327883328,42.64,45.56,41.59,False,out_of_sample
2025-12-25,87232,87608.3203125,49.94,45.8,58.89,56.07,63.16,59.81,29.943938173563357,41.87,44.63,41.3,False,out_of_sample
2025-12-26,87335,87235.5078125,50.27,45.66,58.49,54.29,64.96,59.86,29.96948664676366,45.11,44.79,41.35,False,out_of_sample
2025-12-27,87696,87301.4296875,49.93,45.51,58.63,54.37,61.19,60.11,30.194311449619843,45.43,44.41,41.61,False,out_of_sample
2025-12-28,87748,87799.34375,49.87,45.35,59.11,50.13,64.22,60.12,30.180180994787808,45.68,44.44,41.64,False,out_of_sample
2025-12-29,87134,87835.7890625,49.75,45.2,59.14,50.72,63.88,59.62,29.65069450885868,45.57,44.81,41.17,False,out_of_sample
2025-12-30,88429,87134.3515625,49.53,45.04,58.51,51.19,60.85,60.58,30.594990728982946,44.25,44.78,42.08,False,out_of_sample
2025-12-31,87517,88429.5859375,49.23,44.87,59.73,53.62,57.07,59.86,29.838985685860823,44.55,44.19,41.38,False,out_of_sample
2026-01-01,88685,87508.046875,49.85,44.7,58.92,57.24,57.06,60.72,30.68235746263988,44.04,45.2,42.2,False,out_of_sample
2026-01-02,76912,88733.0625,41.69,39.47,49.75,42.81,48.47,50.14,20.983321231855214,43.03,40.12,32.45,False,out_of_sample
2026-01-03,65734,89945.0546875,29.2,31.76,35.67,32.59,44.54,39.4,10.291701714538824,16.99,21.29,22.02,False,out_of_sample
2026-01-13,95305,91185.3359375,53.05,43.0,62.2,59.97,60.31,65.21,34.77539367223337,51.37,46.62,46.52,False,out_of_sample
2026-01-14,97044,95322.90625,54.15,42.93,65.64,63.56,62.42,66.39,35.94681854466969,48.64,46.83,47.65,False,out_of_sample
2026-01-15,95547,96931.2890625,53.72,42.85,66.98,57.92,63.09,65.31,34.84022448133054,48.33,50.02,46.64,False,out_of_sample
2026-01-16,95490,95554.1015625,53.68,42.76,65.82,59.1,62.24,65.24,34.746314429655854,47.79,51.3,46.58,False,out_of_sample
2026-01-17,95107,95525.15625,53.82,42.65,65.74,58.61,66.31,64.93,34.42046852169612,47.7,50.16,46.31,False,out_of_sample
2026-01-18,94262,95101.1796875,53.35,42.51,65.38,56.45,66.19,64.29,33.76205799686438,48.13,50.06,45.73,False,out_of_sample
2026-01-19,92527,93655.671875,52.98,42.37,64.25,55.2,68.98,63.01,32.44910778240329,48.48,49.69,44.52,False,out_of_sample
2026-01-20,88237,92553.6015625,51.45,42.18,63.22,52.97,64.36,59.77,29.176711588070653,52.97,48.59,41.47,False,out_of_sample
2026-01-21,89600,88326.5078125,50.83,41.96,59.42,49.52,62.62,60.78,30.16187913303266,54.76,47.6,42.43,False,out_of_sample
2026-01-22,89396,89378.5234375,50.48,41.74,60.42,50.26,63.58,60.59,29.95320675985576,53.22,44.12,42.24,False,out_of_sample
2026-01-23,89440,89462.046875,50.84,41.51,60.51,51.36,65.22,60.59,29.93246167210818,53.11,44.93,42.21,False,out_of_sample
2026-01-24,89186,89506.1484375,51.17,41.27,60.81,63.65,56.87,60.37,29.685426361600914,52.63,44.96,42.02,False,out_of_sample
2026-01-25,86446,89104.765625,48.89,41.01,60.58,61.82,46.22,58.23,27.514277594922298,51.15,44.89,40.02,False,out_of_sample
2026-01-26,88338,86566.5234375,48.5,40.78,58.08,61.87,42.99,59.67,28.92887648478878,49.8,44.65,41.39,False,out_of_sample
2026-01-27,89261,88257.4765625,48.86,40.54,59.79,63.35,48.5,60.34,29.58000889776024,44.93,42.41,42.05,False,out_of_sample
2026-01-28,89178,89104.046875,49.18,40.32,60.62,61.86,49.81,60.25,29.46271466165431,46.16,43.85,41.98,False,out_of_sample
2026-01-29,84521,89169.8515625,47.98,40.12,60.58,60.95,49.59,56.59,25.767809117156887,46.26,44.55,38.54,False,out_of_sample
2026-01-30,84018,84562.7265625,46.93,39.95,56.12,56.9,49.93,56.17,25.307906153515695,46.48,44.46,38.13,False,out_of_sample
2026-01-31,78703,84126.5,43.45,39.72,55.72,40.39,52.53,51.72,20.815969186699906,46.18,40.53,33.93,False,out_of_sample
2026-02-01,89941,78626.125,51.13,44.55,60.07,60.72,62.2,61.63,29.82457229587209,44.18,44.42,43.09,False,out_of_sample
2026-02-02,78717,76968.875,41.28,39.25,47.61,44.14,44.36,51.7,20.71736092559661,45.15,35.19,33.89,False,out_of_sample
2026-02-03,68923,78693.5078125,29.66,31.5,33.55,33.88,44.83,42.64,11.636569615904337,11.64,22.5,25.05,False,out_of_sample
2026-02-13,68861,66213.375,33.86,36.4,33.68,47.53,53.3,42.54,10.90038231818755,21.27,22.98,25.06,False,out_of_sample
2026-02-14,69799,68856.984375,34.03,36.08,37.99,42.87,55.78,43.45,11.763032984979874,19.33,22.12,25.93,False,out_of_sample
2026-02-15,68630,69764.953125,34.67,35.77,39.39,42.19,59.4,42.3,10.558866115974606,21.4,24.99,24.85,False,out_of_sample
2026-02-16,68748,68782.3984375,34.69,35.46,37.8,40.06,63.09,42.42,10.618985368108584,20.74,25.95,24.96,False,out_of_sample
2026-02-17,67472,68843.09375,33.42,35.16,38.13,36.42,62.15,41.14,9.28894599892275,18.6,24.8,23.76,False,out_of_sample
2026-02-18,66381,67488.0234375,31.4,34.87,35.95,33.87,55.07,40.03,8.123955252465237,15.48,24.98,22.7,False,out_of_sample
2026-02-19,66933,66425.625,30.69,34.58,34.35,33.72,52.05,40.59,8.630033555959201,14.23,23.41,23.22,False,out_of_sample
2026-02-20,67978,66958.578125,30.59,34.28,35.13,30.32,47.65,41.65,9.626580689994219,18.94,22.24,24.2,False,out_of_sample
2026-02-21,68021,68000.25,30.77,33.97,36.9,33.95,42.04,41.69,9.612842687000224,20.49,22.72,24.24,False,out_of_sample
2026-02-22,67551,67998.828125,30.54,33.68,36.91,33.08,43.11,41.21,9.084497295310111,18.72,23.84,23.8,False,out_of_sample
2026-02-23,64690,67668.4296875,29.6,33.41,36.29,32.77,43.86,38.26,6.083763125636418,19.08,23.81,21.02,False,out_of_sample
2026-02-24,64124,64616.015625,29.29,33.12,31.37,33.08,50.6,37.67,5.428650629617192,16.67,23.34,20.44,False,out_of_sample
2026-02-25,68039,64077.76953125,29.69,32.87,30.61,32.59,49.58,41.71,9.403849416651857,14.91,19.94,24.24,False,out_of_sample
2026-02-26,67520,67954.8671875,30.48,32.6,37.09,34.99,49.31,41.19,8.82598353870199,15.75,19.33,23.73,False,out_of_sample
2026-02-27,65865,67456.515625,30.21,32.34,36.35,35.34,46.11,39.51,7.080035310894524,17.67,23.64,22.14,False,out_of_sample
2026-02-28,66966,65878.9296875,29.59,32.06,33.82,32.48,43.6,40.65,8.151466465674313,17.67,23.08,23.21,False,out_of_sample
2026-03-01,90599,67005.8828125,52.22,44.41,61.17,62.04,66.85,62.1,28.672996430830764,44.76,45.38,43.55,False,out_of_sample
2026-03-02,75685,65734.078125,40.55,39.02,49.91,45.71,42.4,49.02,16.37170166992964,46.19,33.46,31.35,False,out_of_sample
2026-03-03,68432,68785.078125,29.71,31.25,38.61,34.31,43.8,42.16,9.455450031329148,10.8,21.02,24.59,False,out_of_sample
2026-03-13,70931,70497.046875,31.24,29.7,41.38,30.23,41.91,44.78,11.2242908578078,18.33,25.52,26.82,False,out_of_sample
2026-03-14,71137,70965.3828125,31.35,29.59,41.98,33.07,40.2,45.0,11.365440595611103,16.82,25.8,27.0,False,out_of_sample
2026-03-15,72713,71213.6796875,31.95,29.47,42.35,35.89,40.23,46.51,12.801881784290774,14.63,26.2,28.41,False,out_of_sample
